censustract,median_age_2024,median_age_male_2024,median_age_female_2024,median_age_2023,median_age_male_2023,median_age_female_2023,median_age_2022,median_age_male_2022,median_age_female_2022,median_age_2021,median_age_male_2021,median_age_female_2021,median_age_2020,median_age_male_2020,median_age_female_2020
9001,54.2,50.3,54.6,54.6,54.1,54.7,51.8,49.2,54.3,50.8,40.4,54.3,47.5,37.5,52.7
9002.01,32.7,39.3,29.1,36.3,43.5,29.3,31.9,36.2,29.6,35.1,38.2,31.2,34.8,36.7,32.7
9002.02,40.2,42.8,36.2,37.0,40.6,36.1,36.6,37.6,36.1,35.6,35.3,35.9,34.4,31.7,35.9
9002.03,30.4,31.6,30.1,29.3,29.5,29.0,29.9,33.3,26.9,29.8,33.7,24.5,29.8,33.4,26.1
9003.01,38.0,36.9,39.5,37.8,35.1,39.2,37.6,33.9,38.7,37.8,36.4,38.3,38.2,36.5,38.5
9003.02,36.6,31.5,38.6,37.8,35.5,38.6,35.3,35.1,36.5,35.5,36.2,34.3,33.8,32.8,34.1
9004.03,33.2,35.8,32.1,36.6,36.8,35.0,36.5,36.9,33.5,35.7,36.5,32.8,35.3,36.3,33.6
9004.04,35.4,38.7,31.1,35.4,36.6,32.9,35.8,36.5,35.1,34.9,34.6,35.4,33.5,34.3,32.7
9004.07,31.0,32.3,30.8,32.5,32.7,31.9,32.6,33.7,30.5,34.2,37.2,33.3,33.8,34.8,33.3
9004.08,34.4,31.4,36.4,33.2,30.4,35.2,33.4,30.9,35.1,34.1,30.5,36.0,34.9,34.9,35.0
9004.09,39.9,41.3,38.9,40.4,41.3,38.5,40.6,41.1,40.4,40.5,35.7,40.9,36.6,35.8,40.0
9004.10,34.3,34.2,34.4,32.8,34.2,32.6,32.8,33.0,32.7,34.0,34.0,34.1,34.3,34.2,34.9
9005.02,37.1,37.8,36.2,35.9,36.8,35.5,34.2,35.3,33.9,33.9,33.1,34.4,33.6,32.7,34.6
9005.03,36.9,43.5,32.4,35.7,41.6,32.7,33.1,35.7,29.4,31.9,35.0,29.0,29.5,34.6,26.9
9005.04,34.3,33.6,36.3,34.3,33.9,36.3,34.2,31.6,36.5,35.0,34.1,37.5,33.2,33.8,30.8
9006.01,32.6,32.5,33.0,34.2,34.9,34.1,34.3,39.2,28.8,34.4,39.2,32.7,37.3,41.1,34.2
9006.02,27.7,31.8,25.0,27.6,33.2,25.2,25.8,25.5,25.8,26.2,24.9,26.6,27.7,26.8,27.9
9007.01,33.6,33.1,33.9,31.2,30.1,33.5,33.8,33.5,35.2,33.3,33.6,32.7,30.9,32.8,29.3
9007.02,32.9,35.0,29.7,33.6,36.9,28.7,35.0,39.5,28.2,33.8,35.6,32.3,33.6,35.4,31.3
9008.01,39.1,38.0,39.9,38.4,37.2,39.5,39.3,37.5,40.5,39.7,38.6,40.7,41.1,39.2,44.8
9008.03,31.7,31.3,32.1,31.7,31.2,32.2,31.9,31.7,32.1,31.5,30.9,32.3,31.7,31.2,32.4
9008.04,38.9,37.8,39.2,38.7,39.6,37.7,35.5,35.6,34.5,32.8,30.7,34.8,37.4,35.9,37.9
9009.01,31.0,29.8,33.1,31.0,29.0,32.5,31.4,32.1,31.3,29.0,29.4,28.7,27.9,25.1,30.7
9009.04,35.5,33.1,35.9,35.1,31.5,36.9,33.8,32.5,35.4,32.1,27.8,35.3,32.1,27.6,35.5
9009.05,40.9,40.5,42.1,40.3,39.7,41.4,36.2,31.9,41.8,37.0,32.6,40.5,36.0,33.2,38.4
9010.05,35.1,35.0,36.0,33.9,33.3,36.1,33.5,33.6,33.3,33.8,33.8,34.0,32.9,32.2,35.3
9010.09,37.0,36.8,37.1,36.8,38.4,36.2,36.8,36.9,36.8,37.1,36.5,37.4,37.5,34.9,39.9
9010.10,35.3,32.7,36.1,37.4,32.6,39.4,33.9,30.4,39.0,31.8,29.5,35.7,34.2,29.8,37.5
9010.11,37.8,37.5,38.5,38.6,38.4,39.7,37.6,33.5,40.8,36.6,33.8,38.2,36.4,36.3,36.7
9010.12,61.1,50.3,62.9,57.3,48.6,62.4,62.6,53.8,63.9,59.4,49.4,62.9,62.1,55.4,64.8
9010.13,37.2,33.0,38.2,33.7,32.0,36.6,33.2,31.3,37.4,32.7,31.9,34.6,32.8,32.5,34.2
9010.14,37.9,34.8,38.8,36.7,31.3,40.0,38.2,34.0,40.6,39.0,34.3,41.0,40.4,34.2,41.6
9010.15,29.6,29.8,25.9,29.3,29.9,25.8,29.9,30.1,29.8,30.5,30.0,30.8,30.1,30.2,30.0
9010.16,34.0,32.1,34.7,32.7,30.8,33.5,33.4,33.4,33.5,34.9,34.0,39.7,33.6,33.0,34.6
9011.01,23.2,22.4,26.9,23.2,22.5,28.1,23.1,22.2,28.2,22.9,22.5,27.4,24.3,24.0,27.7
9011.02,22.3,22.4,21.9,22.7,22.5,23.6,22.1,22.1,22.2,22.4,22.4,22.7,23.0,23.2,22.6
9012.03,34.9,34.4,35.3,33.0,30.9,37.2,34.6,34.6,34.6,34.6,34.5,34.7,36.5,36.0,37.6
9012.08,45.9,47.3,44.9,44.6,39.7,48.3,43.8,41.2,44.9,43.2,41.9,43.4,43.4,43.5,43.4
9012.09,37.6,36.3,39.2,37.4,35.7,39.1,36.4,34.3,38.5,34.7,34.2,36.0,32.8,35.2,31.4
9012.11,35.5,35.2,35.7,35.2,35.6,33.8,33.9,35.2,33.3,34.9,35.3,33.2,33.0,33.4,32.7
9012.12,36.7,34.3,43.1,34.8,31.6,36.9,35.4,29.5,39.9,35.4,28.9,39.9,32.9,25.8,37.2
9012.19,48.5,46.6,50.4,49.8,47.8,50.9,49.1,48.4,50.0,49.8,50.0,49.5,49.2,50.9,48.1
9012.21,34.5,33.4,35.3,34.3,34.4,34.1,34.0,33.8,34.0,34.7,35.9,34.2,34.5,34.2,34.9
9012.22,37.9,36.5,41.2,38.6,35.6,41.5,37.0,36.5,38.0,37.3,34.4,40.3,37.7,37.3,37.9
9012.23,38.0,38.3,37.8,38.2,37.7,38.8,37.4,35.8,37.7,37.7,35.7,39.4,37.4,33.8,39.7
9012.24,38.9,41.9,37.8,38.7,41.5,37.5,37.7,38.2,37.2,36.9,38.2,34.7,33.9,33.7,34.3
9012.25,38.7,37.6,40.6,37.7,37.3,40.5,37.9,37.0,42.2,37.8,34.5,42.1,37.0,34.1,40.4
9012.26,36.2,34.4,38.7,35.2,31.6,37.0,36.5,34.7,38.6,36.8,35.2,38.5,35.7,32.6,37.7
9012.27,34.9,36.3,33.5,33.3,34.8,31.2,31.6,34.1,31.1,31.4,30.9,31.5,35.2,35.1,35.3
9012.28,35.6,38.0,34.7,36.2,37.3,36.1,36.9,38.2,35.8,37.6,38.9,36.1,38.2,38.2,39.0
9012.29,35.8,45.9,34.2,35.0,40.4,34.1,35.3,38.4,34.6,37.3,40.2,34.6,35.0,35.7,34.6
9012.30,34.9,30.4,38.3,36.5,33.0,37.8,35.7,32.2,38.5,37.4,33.6,40.5,41.2,38.1,42.9
9012.31,37.4,38.4,37.3,40.0,39.0,41.4,40.3,39.8,41.1,40.4,39.3,42.1,41.0,40.0,42.6
9012.32,37.8,38.9,36.9,37.9,38.3,37.5,39.0,38.4,40.6,39.0,38.6,40.2,39.6,38.7,41.4
9012.33,40.9,43.2,39.4,41.3,40.7,41.6,44.2,46.3,43.6,43.4,43.6,43.2,43.5,45.3,43.0
9012.34,44.7,48.8,39.0,47.0,49.3,41.6,49.4,47.3,50.2,49.3,45.2,52.0,49.1,46.4,50.0
9012.35,37.4,35.6,40.6,37.4,36.2,39.1,36.7,34.7,39.5,37.0,37.9,36.4,39.7,39.5,41.1
9012.36,37.2,39.6,36.2,36.2,36.4,36.1,36.5,37.1,36.1,34.9,36.0,34.6,34.6,34.7,34.5
9012.37,35.0,35.6,34.5,34.0,35.0,33.4,34.9,35.4,33.5,34.4,32.7,35.1,34.7,33.8,34.8
9013.03,37.0,33.9,39.7,36.0,34.0,38.5,37.2,33.1,39.2,39.1,36.9,40.7,41.5,39.8,41.7
9013.04,41.0,40.0,42.8,40.7,39.2,44.4,42.1,39.8,44.8,42.2,40.5,44.2,43.1,40.4,45.0
9013.05,39.1,37.8,41.5,41.0,38.4,44.6,41.8,38.8,44.6,45.6,46.1,44.9,45.9,42.6,49.8
9013.06,44.2,41.4,46.6,44.7,41.9,47.4,43.3,40.7,46.6,42.4,40.7,43.8,42.7,40.1,44.6
9014.03,35.8,37.3,33.7,35.5,37.3,34.2,36.3,36.1,36.6,35.4,36.0,34.7,36.1,36.4,35.9
9014.07,32.1,31.6,32.4,34.6,34.0,34.9,32.4,33.2,31.2,33.4,33.4,33.5,33.3,33.4,33.1
9014.09,30.6,27.8,33.8,33.1,32.3,34.1,32.3,31.3,33.5,33.5,32.8,35.1,32.9,32.2,33.7
9014.11,42.7,44.3,41.2,43.4,43.6,43.1,42.4,40.1,43.4,41.4,38.8,42.3,39.7,36.7,42.3
9014.12,38.8,37.4,39.4,38.2,33.7,39.6,34.9,34.4,35.0,33.6,33.0,34.1,32.6,30.2,33.6
9014.13,36.2,38.5,34.2,35.1,36.4,34.5,35.3,35.0,35.4,36.4,37.0,35.8,37.4,36.8,38.7
9014.14,43.4,42.2,44.6,42.5,39.7,43.8,42.5,40.5,43.5,42.9,42.9,42.8,41.7,38.7,43.8
9014.15,36.9,35.8,37.3,39.1,33.9,41.8,39.2,35.2,41.2,37.8,32.9,40.6,37.2,32.3,41.3
9014.16,36.3,37.7,33.8,36.7,40.0,31.4,35.4,39.5,28.7,34.3,36.4,28.9,29.8,30.9,27.1
9014.17,41.5,42.5,40.1,43.6,46.0,41.6,44.3,48.7,38.4,40.7,47.6,37.7,42.6,47.2,39.7
9014.18,33.4,33.2,33.7,36.5,35.0,37.8,33.3,30.9,38.2,31.7,31.3,32.7,30.6,30.3,32.9
9014.19,29.1,29.9,27.6,26.6,29.6,25.9,28.1,31.5,26.2,28.2,31.6,26.5,28.7,29.4,27.6
9014.20,38.9,29.3,40.9,31.1,28.9,38.0,30.2,23.6,38.7,32.3,21.1,41.3,25.8,22.1,36.1
9014.21,34.0,25.1,39.7,33.8,32.7,36.0,33.3,32.1,34.4,33.5,31.9,34.1,34.4,33.1,34.9
9015.03,41.2,37.3,45.3,42.7,41.3,45.5,45.5,45.7,45.1,44.8,45.7,42.8,45.2,46.0,42.6
9015.04,72.6,72.4,72.8,72.4,72.1,72.7,72.5,72.1,72.9,72.6,72.0,73.2,72.4,71.3,72.9
9015.05,43.6,44.2,43.4,43.8,44.8,43.1,43.0,44.1,42.7,38.8,40.0,36.7,38.5,39.1,36.9
9015.06,33.2,32.1,34.0,31.8,28.6,35.2,31.6,31.2,32.7,28.8,28.4,29.4,28.8,28.2,31.3
9015.07,34.4,34.4,34.4,34.5,32.9,35.4,34.5,33.5,35.9,33.8,32.0,34.4,33.9,34.2,33.6
9015.08,35.5,34.7,37.0,34.9,33.0,37.5,34.1,31.9,37.5,32.7,28.1,37.4,34.7,31.1,37.9
9015.09,37.4,35.9,40.3,36.8,33.9,39.9,37.0,33.4,40.1,37.8,33.3,39.8,38.2,37.1,40.1
9015.10,39.7,39.6,39.8,39.5,40.0,39.1,39.1,39.6,38.6,39.6,38.9,39.8,39.2,38.6,39.5
9015.11,53.2,50.1,58.1,50.8,48.4,54.9,51.8,47.8,55.3,51.9,48.7,57.1,51.9,48.8,55.5
9016.01,35.7,40.7,35.2,35.5,39.2,35.3,32.6,33.3,31.8,34.9,35.3,34.0,34.2,33.8,34.9
9016.02,35.0,33.2,36.2,34.0,30.3,36.2,32.3,31.1,33.7,34.3,34.6,33.6,33.1,34.3,32.3
9017.02,30.0,31.0,28.2,30.8,33.0,30.5,28.7,31.0,26.4,29.9,33.1,28.4,30.6,35.1,28.4
9017.03,36.6,36.1,38.0,36.2,37.0,35.1,35.5,35.3,37.1,31.2,35.0,26.2,31.7,35.1,26.8
9017.04,32.6,34.5,31.4,32.7,33.4,32.3,33.4,35.1,32.5,31.9,33.3,31.4,29.8,30.5,28.6
9019,35.2,30.6,38.5,30.7,32.8,27.9,30.6,35.2,27.5,30.1,35.0,26.9,30.6,33.2,28.7
9801,,,,,,,,,,,,,,,
