censustract,total_2024,Mobile_homes_2024,total_2023,Mobile_homes_2023,total_2022,Mobile_homes_2022,total_2021,Mobile_homes_2021,total_2020,Mobile_homes_2020,prop_mobile_homes_2024,prop_mobile_homes_2023,prop_mobile_homes_2022,prop_mobile_homes_2021,prop_mobile_homes_2020
9001,1654,0,1623,0,1613,0,1580,0,1509,0,0.0,0.0,0.0,0.0,0.0
9002.01,1135,0,1180,0,1058,0,962,0,833,0,0.0,0.0,0.0,0.0,0.0
9002.02,1244,18,1229,21,1266,6,1269,0,1219,0,1.45,1.71,0.47,0.0,0.0
9002.03,1545,20,1540,13,1616,0,1679,0,1662,0,1.29,0.84,0.0,0.0,0.0
9003.01,1636,0,1619,0,1610,0,1621,0,1564,0,0.0,0.0,0.0,0.0,0.0
9003.02,2307,131,2338,125,2330,132,2326,90,2244,78,5.68,5.35,5.67,3.87,3.48
9004.03,2019,0,2003,0,2012,0,1981,0,1984,0,0.0,0.0,0.0,0.0,0.0
9004.04,1712,0,1763,0,1808,0,1786,0,1741,0,0.0,0.0,0.0,0.0,0.0
9004.07,2435,0,2431,0,2390,0,2393,0,2327,0,0.0,0.0,0.0,0.0,0.0
9004.08,1591,0,1592,0,1595,0,1634,0,1628,0,0.0,0.0,0.0,0.0,0.0
9004.09,1620,0,1583,0,1603,0,1619,0,1597,0,0.0,0.0,0.0,0.0,0.0
9004.10,2361,72,2258,73,2214,72,2207,73,2110,73,3.05,3.23,3.25,3.31,3.46
9005.02,2109,0,2130,0,2130,0,2133,0,2047,0,0.0,0.0,0.0,0.0,0.0
9005.03,1268,0,1278,0,1275,0,1318,0,1217,0,0.0,0.0,0.0,0.0,0.0
9005.04,1572,231,1535,206,1546,261,1578,300,1450,237,14.69,13.42,16.88,19.01,16.34
9006.01,998,0,993,0,977,0,998,0,949,0,0.0,0.0,0.0,0.0,0.0
9006.02,1466,138,1461,79,1459,137,1432,63,1290,99,9.41,5.41,9.39,4.4,7.67
9007.01,3182,40,3055,40,2948,40,3029,39,2791,5,1.26,1.31,1.36,1.29,0.18
9007.02,2380,29,2372,35,2435,0,2462,9,2436,45,1.22,1.48,0.0,0.37,1.85
9008.01,2308,0,2301,0,2272,0,2305,0,2176,0,0.0,0.0,0.0,0.0,0.0
9008.03,2345,0,2277,0,2253,0,2331,0,2220,18,0.0,0.0,0.0,0.0,0.81
9008.04,2065,0,1962,0,1866,0,1828,0,1618,0,0.0,0.0,0.0,0.0,0.0
9009.01,2187,38,2233,79,2097,91,2170,61,2148,81,1.74,3.54,4.34,2.81,3.77
9009.04,2425,12,2107,15,1883,13,1771,0,1617,0,0.49,0.71,0.69,0.0,0.0
9009.05,1934,0,1922,0,1929,0,1936,0,1853,0,0.0,0.0,0.0,0.0,0.0
9010.05,1965,0,1954,0,1901,0,1894,0,1814,0,0.0,0.0,0.0,0.0,0.0
9010.09,2300,0,2274,0,2239,0,2185,0,2157,0,0.0,0.0,0.0,0.0,0.0
9010.10,1448,0,1452,0,1467,0,1475,0,1373,7,0.0,0.0,0.0,0.0,0.51
9010.11,1987,0,1967,0,1958,0,1958,0,1939,0,0.0,0.0,0.0,0.0,0.0
9010.12,1722,0,1698,0,1703,0,1697,0,1658,0,0.0,0.0,0.0,0.0,0.0
9010.13,1107,99,1137,70,1160,146,1205,181,1129,173,8.94,6.16,12.59,15.02,15.32
9010.14,1505,95,1533,83,1469,0,1448,0,1408,0,6.31,5.41,0.0,0.0,0.0
9010.15,1202,0,1195,0,1200,0,1237,0,1177,0,0.0,0.0,0.0,0.0,0.0
9010.16,1777,0,1756,0,1649,0,1601,0,1563,0,0.0,0.0,0.0,0.0,0.0
9011.01,736,16,781,17,681,15,629,7,598,6,2.17,2.18,2.2,1.11,1.0
9011.02,881,0,870,0,888,0,850,0,850,0,0.0,0.0,0.0,0.0,0.0
9012.03,1366,9,1379,33,1368,22,1369,8,1364,8,0.66,2.39,1.61,0.58,0.59
9012.08,1300,28,1302,38,1327,42,1310,34,1224,11,2.15,2.92,3.17,2.6,0.9
9012.09,1986,0,1987,0,1998,0,1956,0,1942,0,0.0,0.0,0.0,0.0,0.0
9012.11,1249,0,1269,0,1292,0,1304,0,1230,0,0.0,0.0,0.0,0.0,0.0
9012.12,2231,37,2193,21,2174,22,2163,29,2109,21,1.66,0.96,1.01,1.34,1.0
9012.19,2005,0,2004,0,2011,0,1988,0,1916,0,0.0,0.0,0.0,0.0,0.0
9012.21,2481,0,2396,0,2375,0,2344,0,2285,0,0.0,0.0,0.0,0.0,0.0
9012.22,904,0,899,0,924,0,917,0,874,0,0.0,0.0,0.0,0.0,0.0
9012.23,2210,4,2208,13,2196,15,2153,39,2052,33,0.18,0.59,0.68,1.81,1.61
9012.24,1357,0,1364,0,1362,0,1343,0,1299,0,0.0,0.0,0.0,0.0,0.0
9012.25,1669,17,1707,69,1764,82,1776,73,1631,105,1.02,4.04,4.65,4.11,6.44
9012.26,1748,0,1771,0,1778,0,1747,0,1653,0,0.0,0.0,0.0,0.0,0.0
9012.27,1446,15,1453,15,1495,14,1512,11,1427,0,1.04,1.03,0.94,0.73,0.0
9012.28,1826,0,1826,6,1857,7,1885,9,1858,61,0.0,0.33,0.38,0.48,3.28
9012.29,1313,0,1331,0,1340,0,1358,0,1357,0,0.0,0.0,0.0,0.0,0.0
9012.30,1205,0,1197,0,1190,0,1176,0,1133,0,0.0,0.0,0.0,0.0,0.0
9012.31,2457,0,2327,0,2294,0,2164,0,1925,0,0.0,0.0,0.0,0.0,0.0
9012.32,1862,0,1799,3,1728,4,1608,6,1453,10,0.0,0.17,0.23,0.37,0.69
9012.33,2326,147,2305,191,2297,264,2269,274,2154,251,6.32,8.29,11.49,12.08,11.65
9012.34,1138,0,1049,0,1040,0,1017,0,1002,0,0.0,0.0,0.0,0.0,0.0
9012.35,1027,0,1028,0,1023,0,1019,0,981,0,0.0,0.0,0.0,0.0,0.0
9012.36,2103,0,2139,0,2057,0,2031,0,1909,0,0.0,0.0,0.0,0.0,0.0
9012.37,1254,0,1241,0,1234,0,1207,0,1141,0,0.0,0.0,0.0,0.0,0.0
9013.03,1513,0,1519,0,1515,0,1478,0,1408,0,0.0,0.0,0.0,0.0,0.0
9013.04,1012,8,995,6,998,6,981,0,919,0,0.79,0.6,0.6,0.0,0.0
9013.05,1386,0,1354,0,1339,0,1292,0,1222,0,0.0,0.0,0.0,0.0,0.0
9013.06,1866,0,1825,0,1774,0,1750,0,1681,0,0.0,0.0,0.0,0.0,0.0
9014.03,2992,0,3018,0,2951,0,2979,0,2809,0,0.0,0.0,0.0,0.0,0.0
9014.07,1565,0,1604,0,1598,0,1541,0,1494,0,0.0,0.0,0.0,0.0,0.0
9014.09,3233,0,3102,0,3015,0,2920,0,2705,0,0.0,0.0,0.0,0.0,0.0
9014.11,1997,0,1999,0,1997,0,1942,11,1920,39,0.0,0.0,0.0,0.57,2.03
9014.12,2158,16,2170,17,2193,15,2192,0,2034,0,0.74,0.78,0.68,0.0,0.0
9014.13,1331,0,1302,7,1293,8,1273,9,1250,6,0.0,0.54,0.62,0.71,0.48
9014.14,1726,0,1676,0,1633,0,1614,0,1564,0,0.0,0.0,0.0,0.0,0.0
9014.15,1425,0,1423,0,1426,0,1430,0,1377,0,0.0,0.0,0.0,0.0,0.0
9014.16,1425,0,1415,0,1437,0,1424,0,1382,0,0.0,0.0,0.0,0.0,0.0
9014.17,1136,0,1104,0,1109,0,1039,0,962,0,0.0,0.0,0.0,0.0,0.0
9014.18,1946,0,1834,0,1797,0,1699,0,1608,0,0.0,0.0,0.0,0.0,0.0
9014.19,1380,0,1364,0,1404,0,1408,0,1512,0,0.0,0.0,0.0,0.0,0.0
9014.20,1126,0,1136,0,1099,0,1053,0,1002,0,0.0,0.0,0.0,0.0,0.0
9014.21,1371,0,1389,0,1382,0,1327,42,1249,46,0.0,0.0,0.0,3.17,3.68
9015.03,2028,0,1983,0,1967,0,1928,0,1850,0,0.0,0.0,0.0,0.0,0.0
9015.04,2682,0,2672,0,2655,0,2563,0,2530,0,0.0,0.0,0.0,0.0,0.0
9015.05,2239,0,2255,24,2179,29,2152,28,2103,20,0.0,1.06,1.33,1.3,0.95
9015.06,1869,0,1902,0,1870,0,1867,0,1808,0,0.0,0.0,0.0,0.0,0.0
9015.07,1011,0,978,0,981,0,958,0,954,0,0.0,0.0,0.0,0.0,0.0
9015.08,2010,25,1955,24,1854,22,1826,14,1730,0,1.24,1.23,1.19,0.77,0.0
9015.09,2537,0,2477,0,2396,0,2301,0,2160,0,0.0,0.0,0.0,0.0,0.0
9015.10,2143,0,2083,0,2132,0,2053,0,1910,0,0.0,0.0,0.0,0.0,0.0
9015.11,1814,0,1782,0,1748,0,1667,0,1566,0,0.0,0.0,0.0,0.0,0.0
9016.01,1162,0,1145,0,1159,0,1126,0,1072,0,0.0,0.0,0.0,0.0,0.0
9016.02,2625,0,2639,0,2617,0,2579,0,2479,0,0.0,0.0,0.0,0.0,0.0
9017.02,1306,153,1302,190,1285,202,1310,174,1241,149,11.72,14.59,15.72,13.28,12.01
9017.03,744,0,754,0,711,0,697,0,707,0,0.0,0.0,0.0,0.0,0.0
9017.04,2069,44,2111,45,2126,0,2087,0,2047,0,2.13,2.13,0.0,0.0,0.0
9019,2434,11,2413,14,2378,10,2246,12,2213,0,0.45,0.58,0.42,0.53,0.0
9801,0,0,0,0,0,0,0,0,0,0,,,,,
