censustract,total_2024,Owner_occupied_2024,total_2023,Owner_occupied_2023,total_2022,Owner_occupied_2022,total_2021,Owner_occupied_2021,total_2020,Owner_occupied_2020,prop_owner_occupied_2024,prop_owner_occupied_2023,prop_owner_occupied_2022,prop_owner_occupied_2021,prop_owner_occupied_2020
9001,3196,2740,3001,2608,3234,2717,3467,2644,3616,2703,85.73,86.9,84.01,76.26,74.75
9002.01,3114,1279,3175,1762,2436,1293,2326,1383,2177,1387,41.07,55.5,53.08,59.46,63.71
9002.02,3668,2947,3520,2940,4124,3472,4271,3789,4254,3651,80.34,83.52,84.19,88.71,85.83
9002.03,5437,639,4886,366,4583,466,4574,536,4455,488,11.75,7.49,10.17,11.72,10.95
9003.01,3750,2341,3514,2305,3494,2110,3442,2111,3410,2014,62.43,65.59,60.39,61.33,59.06
9003.02,5523,3002,5032,2843,5463,2935,5106,2699,5443,2515,54.35,56.5,53.73,52.86,46.21
9004.03,6280,4728,5754,4543,6079,5034,6169,5122,5508,4179,75.29,78.95,82.81,83.03,75.87
9004.04,5605,4304,5890,4178,5698,4051,5647,4237,5928,4107,76.79,70.93,71.1,75.03,69.28
9004.07,6537,3346,6916,3174,7089,3167,6825,2691,6670,2807,51.19,45.89,44.67,39.43,42.08
9004.08,5385,4353,5473,4385,5334,4264,5497,4601,5429,4501,80.84,80.12,79.94,83.7,82.91
9004.09,4670,3632,4834,3807,5003,3665,5170,3625,5375,3816,77.77,78.75,73.26,70.12,71.0
9004.10,5606,2215,5588,2347,5891,2812,5675,2820,5886,2998,39.51,42.0,47.73,49.69,50.93
9005.02,4437,2015,4588,2085,4982,2412,5024,2664,4912,2450,45.41,45.44,48.41,53.03,49.88
9005.03,3350,2089,3787,2640,3823,2670,3768,2620,3820,2749,62.36,69.71,69.84,69.53,71.96
9005.04,5563,3650,5459,4247,5079,3787,5466,4392,5406,4238,65.61,77.8,74.56,80.35,78.39
9006.01,3277,2553,3450,2909,3619,3232,3525,3033,3351,2980,77.91,84.32,89.31,86.04,88.93
9006.02,3757,1078,3694,1195,3586,1045,3989,1241,3973,1442,28.69,32.35,29.14,31.11,36.29
9007.01,7568,3479,8080,3204,7022,3994,6653,3865,6734,3589,45.97,39.65,56.88,58.09,53.3
9007.02,8341,7345,7796,6952,8311,7494,7858,6571,8048,6747,88.06,89.17,90.17,83.62,83.83
9008.01,6985,6734,7074,6787,7012,6677,7052,6410,7212,6343,96.41,95.94,95.22,90.9,87.95
9008.03,6771,3764,6127,3209,5718,3157,5620,3441,5182,3078,55.59,52.37,55.21,61.23,59.4
9008.04,5768,4376,5564,4217,5694,4131,5879,4219,5130,3130,75.87,75.79,72.55,71.76,61.01
9009.01,6120,3649,6356,3525,6022,3471,6172,3254,6318,2913,59.62,55.46,57.64,52.72,46.11
9009.04,8683,7021,7493,6138,6628,5472,6450,5607,5949,5009,80.86,81.92,82.56,86.93,84.2
9009.05,6071,5073,6289,5211,6141,5237,6263,5181,6119,5047,83.56,82.86,85.28,82.72,82.48
9010.05,6960,6701,6849,6654,6623,6520,6583,6310,6463,6275,96.28,97.15,98.44,95.85,97.09
9010.09,7467,7200,7328,7158,7436,6858,7118,6319,6973,6145,96.42,97.68,92.23,88.77,88.13
9010.10,4780,3712,4758,4022,4901,4160,4910,4123,4587,3701,77.66,84.53,84.88,83.97,80.68
9010.11,6564,6153,6534,5982,6257,5587,6073,5340,6173,5316,93.74,91.55,89.29,87.93,86.12
9010.12,3565,2650,3665,2715,3480,2754,3856,2983,3591,2902,74.33,74.08,79.14,77.36,80.81
9010.13,3076,2720,3425,3060,3349,2537,3467,2457,3369,2543,88.43,89.34,75.75,70.87,75.48
9010.14,5069,4557,5059,4411,4962,4400,4827,3996,4623,3827,89.9,87.19,88.67,82.78,82.78
9010.15,3380,1943,3555,1502,3555,1528,3414,1499,3264,1514,57.49,42.25,42.98,43.91,46.38
9010.16,5966,4215,6013,4609,5424,3977,5160,4061,4778,3073,70.65,76.65,73.32,78.7,64.32
9011.01,1696,147,1536,149,1363,184,1217,157,1145,120,8.67,9.7,13.5,12.9,10.48
9011.02,2813,0,2618,37,2674,40,2402,44,2470,31,0.0,1.41,1.5,1.83,1.26
9012.03,3671,3167,3835,3318,3536,2953,3766,3067,3786,2935,86.27,86.52,83.51,81.44,77.52
9012.08,3373,2899,3344,2940,3484,3028,3414,2971,3366,2862,85.95,87.92,86.91,87.02,85.03
9012.09,6559,5423,6605,5314,6564,5245,6791,4926,7239,5400,82.68,80.45,79.91,72.54,74.6
9012.11,4511,4048,4755,4215,4789,4370,4750,4362,4515,3871,89.74,88.64,91.25,91.83,85.74
9012.12,6641,5434,7299,5824,7569,5930,7849,6252,8354,6199,81.83,79.79,78.35,79.65,74.2
9012.19,5335,5322,5376,5351,5493,5295,5331,4995,5467,5145,99.76,99.53,96.4,93.7,94.11
9012.21,6771,4243,6410,4043,6449,4148,6277,4062,5872,3991,62.66,63.07,64.32,64.71,67.97
9012.22,2564,2318,2551,2164,2623,2146,2565,2147,2657,2187,90.41,84.83,81.81,83.7,82.31
9012.23,6304,5459,6300,5194,6194,5293,6197,5316,6283,5288,86.6,82.44,85.45,85.78,84.16
9012.24,4401,4182,4352,4034,4276,3862,4355,3926,4794,3959,95.02,92.69,90.32,90.15,82.58
9012.25,4720,4335,4934,4622,4951,4522,5096,4320,5210,4676,91.84,93.68,91.34,84.77,89.75
9012.26,6258,6081,6355,6055,6384,6016,6520,6030,6352,5542,97.17,95.28,94.24,92.48,87.25
9012.27,5672,4403,6173,4697,6071,4786,5818,4811,5056,4146,77.63,76.09,78.83,82.69,82.0
9012.28,6123,5252,6459,5608,6565,5870,6340,6031,5808,5263,85.77,86.82,89.41,95.13,90.62
9012.29,4500,3927,4706,4168,4766,4279,4894,4326,4848,4445,87.27,88.57,89.78,88.39,91.69
9012.30,4154,3598,4022,3478,4114,3401,4032,3650,4009,3749,86.62,86.47,82.67,90.53,93.51
9012.31,7204,6146,6380,5281,6252,5086,5895,5082,5879,5036,85.31,82.77,81.35,86.21,85.66
9012.32,5698,5560,5395,5164,5175,4843,4600,4345,4325,3996,97.58,95.72,93.58,94.46,92.39
9012.33,7514,7055,7242,7114,6851,6637,6851,6443,6555,6305,93.89,98.23,96.88,94.04,96.19
9012.34,3554,3433,3173,3046,2959,2746,3009,2855,2912,2766,96.6,96.0,92.8,94.88,94.99
9012.35,2932,2865,2875,2801,3004,2839,3033,2700,2983,2720,97.71,97.43,94.51,89.02,91.18
9012.36,6707,6025,6758,5815,6417,5284,6453,4832,6054,4282,89.83,86.05,82.34,74.88,70.73
9012.37,3138,2498,3079,2253,2982,2140,3165,2284,2933,2212,79.6,73.17,71.76,72.16,75.42
9013.03,5252,4451,5235,4607,5161,4472,4933,4242,4682,4223,84.75,88.0,86.65,85.99,90.2
9013.04,3172,2967,3181,2910,3235,2989,3121,2828,2987,2683,93.54,91.48,92.4,90.61,89.82
9013.05,4670,4388,3944,3550,4070,3616,3680,3093,3581,2872,93.96,90.01,88.85,84.05,80.2
9013.06,5402,5305,5053,4967,5248,5154,5261,5193,4899,4806,98.2,98.3,98.21,98.71,98.1
9014.03,7347,2396,7370,2963,7125,2771,7577,3047,6804,2893,32.61,40.2,38.89,40.21,42.52
9014.07,4160,1800,4207,1930,4385,1722,4220,1507,4276,1606,43.27,45.88,39.27,35.71,37.56
9014.09,8773,6072,8954,6150,8909,5724,8703,5969,8233,6023,69.21,68.68,64.25,68.59,73.16
9014.11,5936,5754,5811,5654,5984,5631,6137,5656,5948,5404,96.93,97.3,94.1,92.16,90.85
9014.12,6825,6579,7645,7238,7753,7243,7671,6913,7444,6602,96.4,94.68,93.42,90.12,88.69
9014.13,4625,4557,4321,4120,4425,4172,4254,3914,4218,3886,98.53,95.35,94.28,92.01,92.13
9014.14,5400,5082,5453,5232,5466,5320,5242,5180,5183,4964,94.11,95.95,97.33,98.82,95.77
9014.15,4689,4060,4498,3881,4403,3767,4526,3853,4433,3695,86.59,86.28,85.56,85.13,83.35
9014.16,5248,5034,5129,4791,5143,4818,4982,4694,5086,4802,95.92,93.41,93.68,94.22,94.42
9014.17,3134,2846,3054,2728,2914,2638,2666,2405,2535,2250,90.81,89.33,90.53,90.21,88.76
9014.18,5331,1672,4338,1072,4256,1069,3885,787,4060,934,31.36,24.71,25.12,20.26,23.0
9014.19,3985,1141,3801,1148,3837,1129,4076,1047,4257,939,28.63,30.2,29.42,25.69,22.06
9014.20,3923,3776,4184,3912,4328,3901,4273,3886,4495,4115,96.25,93.5,90.13,90.94,91.55
9014.21,5468,4804,5305,4646,5377,4899,5202,4989,4675,4560,87.86,87.58,91.11,95.91,97.54
9015.03,5695,5547,5509,5374,5327,5178,5351,5219,5320,5239,97.4,97.55,97.2,97.53,98.48
9015.04,4718,4039,4741,3937,4615,3831,4368,3623,4321,3528,85.61,83.04,83.01,82.94,81.65
9015.05,7574,6884,7208,6737,7237,7142,7555,7259,7301,7063,90.89,93.47,98.69,96.08,96.74
9015.06,6590,4867,6803,5063,7010,5061,7071,5012,7081,5020,73.85,74.42,72.2,70.88,70.89
9015.07,2968,2572,2944,2585,2867,2410,2812,2454,2825,2195,86.66,87.81,84.06,87.27,77.7
9015.08,6261,4573,6035,4426,5770,4548,5898,4664,5847,4457,73.04,73.34,78.82,79.08,76.23
9015.09,8083,7687,7913,7376,7726,7292,7478,7195,6899,6598,95.1,93.21,94.38,96.22,95.64
9015.10,6049,5044,6380,5420,6476,5216,6383,5302,5997,4834,83.39,84.95,80.54,83.06,80.61
9015.11,4469,4361,4515,4439,4381,4320,4221,4125,3978,3893,97.58,98.32,98.61,97.73,97.86
9016.01,4299,3298,3596,2453,4646,3423,4124,3329,3961,2997,76.72,68.21,73.68,80.72,75.66
9016.02,7650,4892,7912,5094,8377,5449,7986,5174,8098,4800,63.95,64.38,65.05,64.79,59.27
9017.02,4831,3069,4815,3158,4641,2864,4455,2449,4356,2307,63.53,65.59,61.71,54.97,52.96
9017.03,2750,2658,2574,2550,2418,2394,2770,2745,2518,2490,96.65,99.07,99.01,99.1,98.89
9017.04,7250,2533,7111,2963,6577,2787,7146,2834,6966,2386,34.94,41.67,42.37,39.66,34.25
9019,7248,3400,8132,3868,7720,3529,7148,3375,6694,3403,46.91,47.57,45.71,47.22,50.84
9801,0,0,0,0,0,0,0,0,0,0,,,,,
