censustract,total_2024,With_SNAP_2024,total_2023,With_SNAP_2023,total_2022,With_SNAP_2022,total_2021,With_SNAP_2021,total_2020,With_SNAP_2020,prop_SNAP_2024,prop_SNAP_2023,prop_SNAP_2022,prop_SNAP_2021,prop_SNAP_2020
9001,1627,12,1536,11,1559,23,1550,10,1462,7,0.74,0.72,1.48,0.65,0.48
9002.01,1051,94,1091,67,961,77,880,49,772,12,8.94,6.14,8.01,5.57,1.55
9002.02,1075,117,1055,138,1125,129,1166,164,1130,81,10.88,13.08,11.47,14.07,7.17
9002.03,1490,115,1387,193,1406,107,1419,101,1413,78,7.72,13.91,7.61,7.12,5.52
9003.01,1599,99,1538,84,1503,130,1513,137,1465,98,6.19,5.46,8.65,9.05,6.69
9003.02,2151,110,2107,102,2227,76,2153,102,2056,115,5.11,4.84,3.41,4.74,5.59
9004.03,1938,311,1900,241,1950,316,1903,166,1932,137,16.05,12.68,16.21,8.72,7.09
9004.04,1651,165,1697,167,1744,227,1727,178,1669,177,9.99,9.84,13.02,10.31,10.61
9004.07,2261,378,2329,278,2256,246,2311,184,2253,84,16.72,11.94,10.9,7.96,3.73
9004.08,1566,157,1554,144,1534,162,1549,150,1550,120,10.03,9.27,10.56,9.68,7.74
9004.09,1614,73,1575,74,1579,96,1560,108,1528,128,4.52,4.7,6.08,6.92,8.38
9004.10,2246,195,2096,135,2078,91,1984,83,1946,42,8.68,6.44,4.38,4.18,2.16
9005.02,2004,50,2012,39,2041,69,2059,56,1967,36,2.5,1.94,3.38,2.72,1.83
9005.03,1191,6,1217,15,1229,18,1240,15,1153,49,0.5,1.23,1.46,1.21,4.25
9005.04,1531,320,1425,328,1385,288,1417,238,1296,237,20.9,23.02,20.79,16.8,18.29
9006.01,972,179,975,99,973,64,998,10,949,28,18.42,10.15,6.58,1.0,2.95
9006.02,1466,166,1421,141,1350,207,1333,222,1199,241,11.32,9.92,15.33,16.65,20.1
9007.01,3027,157,2863,132,2530,188,2691,56,2522,133,5.19,4.61,7.43,2.08,5.27
9007.02,2200,95,2271,170,2318,123,2314,98,2323,209,4.32,7.49,5.31,4.24,9.0
9008.01,2262,84,2301,68,2272,15,2281,17,2145,57,3.71,2.96,0.66,0.75,2.66
9008.03,2311,521,2140,437,2104,180,2149,98,2001,117,22.54,20.42,8.56,4.56,5.85
9008.04,1978,123,1934,123,1866,126,1781,120,1537,83,6.22,6.36,6.75,6.74,5.4
9009.01,2040,80,2078,110,1941,128,1912,201,1876,273,3.92,5.29,6.59,10.51,14.55
9009.04,2353,95,1984,83,1768,109,1672,148,1520,138,4.04,4.18,6.17,8.85,9.08
9009.05,1904,165,1868,115,1831,15,1802,25,1692,55,8.67,6.16,0.82,1.39,3.25
9010.05,1931,51,1932,62,1901,43,1894,25,1814,12,2.64,3.21,2.26,1.32,0.66
9010.09,2300,13,2274,13,2239,55,2185,84,2157,89,0.57,0.57,2.46,3.84,4.13
9010.10,1352,89,1391,41,1401,0,1401,0,1324,14,6.58,2.95,0.0,0.0,1.06
9010.11,1946,82,1921,84,1889,81,1874,85,1883,49,4.21,4.37,4.29,4.54,2.6
9010.12,1665,153,1650,136,1634,91,1620,93,1557,33,9.19,8.24,5.57,5.74,2.12
9010.13,1041,111,1089,113,1120,125,1172,84,1093,82,10.66,10.38,11.16,7.17,7.5
9010.14,1412,25,1442,18,1413,47,1393,59,1355,68,1.77,1.25,3.33,4.24,5.02
9010.15,1134,50,1173,59,1200,53,1237,29,1177,42,4.41,5.03,4.42,2.34,3.57
9010.16,1728,150,1690,185,1580,79,1524,65,1415,48,8.68,10.95,5.0,4.27,3.39
9011.01,652,71,672,68,585,68,534,93,522,76,10.89,10.12,11.62,17.42,14.56
9011.02,817,25,808,28,822,31,782,58,814,52,3.06,3.47,3.77,7.42,6.39
9012.03,1335,114,1363,125,1368,103,1369,48,1364,44,8.54,9.17,7.53,3.51,3.23
9012.08,1285,91,1288,66,1315,49,1272,77,1195,63,7.08,5.12,3.73,6.05,5.27
9012.09,1944,167,1958,143,1964,63,1956,54,1942,77,8.59,7.3,3.21,2.76,3.96
9012.11,1188,78,1237,138,1250,97,1275,88,1187,94,6.57,11.16,7.76,6.9,7.92
9012.12,2231,147,2193,140,2152,69,2134,102,2088,141,6.59,6.38,3.21,4.78,6.75
9012.19,1925,0,1959,0,1961,4,1938,28,1870,33,0.0,0.0,0.2,1.44,1.76
9012.21,2438,205,2313,221,2318,140,2272,139,2180,132,8.41,9.55,6.04,6.12,6.06
9012.22,904,8,880,0,908,14,896,6,855,6,0.88,0.0,1.54,0.67,0.7
9012.23,2210,108,2208,113,2196,119,2136,98,2039,121,4.89,5.12,5.42,4.59,5.93
9012.24,1357,54,1364,50,1362,47,1343,45,1299,55,3.98,3.67,3.45,3.35,4.23
9012.25,1503,56,1533,53,1598,25,1612,34,1530,33,3.73,3.46,1.56,2.11,2.16
9012.26,1728,68,1748,88,1766,117,1735,152,1606,115,3.94,5.03,6.63,8.76,7.16
9012.27,1424,143,1453,137,1495,128,1496,62,1378,25,10.04,9.43,8.56,4.14,1.81
9012.28,1826,90,1826,92,1857,70,1856,51,1822,55,4.93,5.04,3.77,2.75,3.02
9012.29,1313,64,1331,54,1340,35,1358,41,1357,19,4.87,4.06,2.61,3.02,1.4
9012.30,1180,75,1162,74,1190,97,1176,87,1133,73,6.36,6.37,8.15,7.4,6.44
9012.31,2346,22,2192,0,2125,0,1994,0,1829,28,0.94,0.0,0.0,0.0,1.53
9012.32,1821,21,1739,15,1637,41,1490,22,1360,32,1.15,0.86,2.5,1.48,2.35
9012.33,2297,90,2268,71,2281,69,2256,55,2154,24,3.92,3.13,3.02,2.44,1.11
9012.34,1138,50,1049,0,1040,5,1017,12,1002,13,4.39,0.0,0.48,1.18,1.3
9012.35,970,35,972,40,953,9,974,15,970,16,3.61,4.12,0.94,1.54,1.65
9012.36,2103,47,2097,68,1995,38,1965,53,1838,30,2.23,3.24,1.9,2.7,1.63
9012.37,1212,43,1184,108,1160,94,1136,136,1069,106,3.55,9.12,8.1,11.97,9.92
9013.03,1513,184,1519,177,1515,174,1478,174,1408,157,12.16,11.65,11.49,11.77,11.15
9013.04,1002,46,986,58,972,59,926,53,852,46,4.59,5.88,6.07,5.72,5.4
9013.05,1348,17,1277,17,1259,18,1224,61,1174,37,1.26,1.33,1.43,4.98,3.15
9013.06,1793,62,1723,10,1676,8,1647,45,1556,34,3.46,0.58,0.48,2.73,2.19
9014.03,2909,98,2870,154,2812,179,2890,180,2655,162,3.37,5.37,6.37,6.23,6.1
9014.07,1481,128,1530,129,1542,123,1498,120,1456,118,8.64,8.43,7.98,8.01,8.1
9014.09,3115,52,2991,52,2931,81,2834,31,2583,61,1.67,1.74,2.76,1.09,2.36
9014.11,1964,66,1966,20,1964,0,1909,0,1889,0,3.36,1.02,0.0,0.0,0.0
9014.12,2116,41,2170,115,2193,99,2192,90,1981,82,1.94,5.3,4.51,4.11,4.14
9014.13,1331,7,1302,7,1293,7,1273,7,1250,4,0.53,0.54,0.54,0.55,0.32
9014.14,1702,29,1652,16,1609,8,1590,35,1541,26,1.7,0.97,0.5,2.2,1.69
9014.15,1398,19,1383,9,1367,0,1394,0,1353,0,1.36,0.65,0.0,0.0,0.0
9014.16,1425,0,1415,4,1385,12,1371,38,1310,60,0.0,0.28,0.87,2.77,4.58
9014.17,1036,34,1037,33,1029,19,968,12,900,13,3.28,3.18,1.85,1.24,1.44
9014.18,1834,309,1696,244,1615,214,1487,304,1513,196,16.85,14.39,13.25,20.44,12.95
9014.19,1325,260,1309,213,1349,106,1353,84,1413,276,19.62,16.27,7.86,6.21,19.53
9014.20,1086,14,1136,45,1099,32,1053,11,1002,12,1.29,3.96,2.91,1.04,1.2
9014.21,1371,34,1361,18,1367,19,1311,13,1229,0,2.48,1.32,1.39,0.99,0.0
9015.03,1876,29,1878,29,1860,21,1869,21,1794,18,1.55,1.54,1.13,1.12,1.0
9015.04,2617,32,2578,42,2560,30,2456,0,2471,0,1.22,1.63,1.17,0.0,0.0
9015.05,2239,16,2255,75,2179,42,2122,37,2067,37,0.71,3.33,1.93,1.74,1.79
9015.06,1819,113,1840,62,1811,74,1813,27,1760,14,6.21,3.37,4.09,1.49,0.8
9015.07,971,0,939,0,911,0,903,0,914,6,0.0,0.0,0.0,0.0,0.66
9015.08,1971,134,1928,114,1802,87,1761,39,1682,66,6.8,5.91,4.83,2.21,3.92
9015.09,2475,44,2433,44,2350,59,2256,59,2111,84,1.78,1.81,2.51,2.62,3.98
9015.10,2143,4,2083,4,2089,4,2002,29,1837,22,0.19,0.19,0.19,1.45,1.2
9015.11,1750,8,1725,6,1699,15,1610,16,1534,7,0.46,0.35,0.88,0.99,0.46
9016.01,1076,108,1019,122,1047,148,1071,62,1049,55,10.04,11.97,14.14,5.79,5.24
9016.02,2625,87,2639,132,2617,114,2579,185,2479,200,3.31,5.0,4.36,7.17,8.07
9017.02,1256,88,1233,94,1243,68,1263,43,1198,57,7.01,7.62,5.47,3.4,4.76
9017.03,740,55,703,62,672,47,650,11,642,42,7.43,8.82,6.99,1.69,6.54
9017.04,1942,275,1969,213,1937,147,1946,176,1905,111,14.16,10.82,7.59,9.04,5.83
9019,2385,268,2351,164,2317,110,2153,151,2117,200,11.24,6.98,4.75,7.01,9.45
9801,0,0,0,0,0,0,0,0,0,0,,,,,
