censustract,total_2024,male_under_5_2024,female_under_5_2024,total_2023,male_under_5_2023,female_under_5_2023,total_2022,male_under_5_2022,female_under_5_2022,total_2021,male_under_5_2021,female_under_5_2021,total_2020,male_under_5_2020,female_under_5_2020,Under5_Proportion_2024,Under5_Proportion_2023,Under5_Proportion_2022,Under5_Proportion_2021,Under5_Proportion_2020
9001,3196,47,103,3001,59,82,3234,92,93,3467,189,82,3616,153,53,4.69,4.7,5.72,7.82,5.7
9002.01,3117,50,87,3180,39,86,2441,46,33,2338,73,58,2192,40,25,4.4,3.93,3.24,5.6,2.97
9002.02,3668,83,112,3520,70,98,4124,38,131,4271,110,152,4254,142,192,5.32,4.77,4.1,6.13,7.85
9002.03,5442,156,355,4891,175,287,4589,171,266,4579,94,256,4463,46,245,9.39,9.45,9.52,7.64,6.52
9003.01,3750,48,134,3514,58,77,3494,52,117,3442,59,93,3410,68,73,4.85,3.84,4.84,4.42,4.13
9003.02,5523,159,132,5032,165,139,5463,177,86,5106,133,137,5443,201,218,5.27,6.04,4.81,5.29,7.7
9004.03,6319,264,589,5789,250,403,6107,280,497,6195,232,529,5541,137,488,13.5,11.28,12.72,12.28,11.28
9004.04,5607,29,299,5893,130,221,5702,149,148,5652,174,106,5933,187,184,5.85,5.96,5.21,4.95,6.25
9004.07,6537,279,243,6916,321,326,7089,370,324,6825,335,267,6670,358,145,7.99,9.36,9.79,8.82,7.54
9004.08,5385,434,187,5473,417,244,5334,429,275,5497,407,289,5429,310,301,11.53,12.08,13.2,12.66,11.25
9004.09,4670,22,197,4834,25,134,5003,18,132,5170,55,24,5375,145,54,4.69,3.29,3.0,1.53,3.7
9004.10,5606,154,360,5588,191,512,5891,224,414,5675,156,337,5886,201,306,9.17,12.58,10.83,8.69,8.61
9005.02,4562,103,107,4718,150,124,5112,234,154,5120,200,204,5026,187,215,4.6,5.81,7.59,7.89,8.0
9005.03,3350,90,37,3787,183,39,3823,269,83,3768,213,71,3820,231,118,3.79,5.86,9.21,7.54,9.14
9005.04,5563,121,0,5459,129,129,5079,159,95,5466,172,133,5406,96,218,2.18,4.73,5.0,5.58,5.81
9006.01,3280,205,0,3453,256,173,3620,245,140,3525,203,131,3351,240,178,6.25,12.42,10.64,9.48,12.47
9006.02,3757,121,225,3694,141,194,3586,114,164,3989,156,208,3973,206,140,9.21,9.07,7.75,9.13,8.71
9007.01,7588,382,221,8102,323,320,7048,211,361,6681,230,394,6764,375,499,7.95,7.94,8.12,9.34,12.92
9007.02,8341,78,404,7796,92,473,8311,61,407,7858,200,529,8048,260,468,5.78,7.25,5.63,9.28,9.05
9008.01,6990,452,125,7078,419,92,7017,325,151,7057,310,164,7217,216,166,8.25,7.22,6.78,6.72,5.29
9008.03,6771,152,177,6127,156,195,5718,150,172,5620,205,194,5182,158,190,4.86,5.73,5.63,7.1,6.72
9008.04,5768,224,185,5564,135,157,5694,295,265,5879,370,298,5130,239,158,7.09,5.25,9.83,11.36,7.74
9009.01,6123,271,498,6363,270,436,6033,182,129,6185,139,221,6336,191,241,12.56,11.1,5.15,5.82,6.82
9009.04,8689,196,221,7498,201,243,6634,104,254,6457,166,215,5957,96,181,4.8,5.92,5.4,5.9,4.65
9009.05,6083,258,183,6301,276,126,6152,315,196,6270,343,207,6124,360,234,7.25,6.38,8.31,8.77,9.7
9010.05,6960,293,95,6849,271,71,6623,249,130,6583,282,184,6463,207,127,5.57,4.99,5.72,7.08,5.17
9010.09,7467,320,256,7328,259,303,7436,247,273,7118,182,171,6973,124,163,7.71,7.67,6.99,4.96,4.12
9010.10,4790,241,240,4765,271,242,4906,283,241,4910,410,170,4587,355,127,10.04,10.77,10.68,11.81,10.51
9010.11,6564,270,211,6534,278,204,6257,331,151,6073,296,148,6173,247,231,7.33,7.38,7.7,7.31,7.74
9010.12,3566,105,56,3668,184,96,3484,188,36,3860,235,64,3596,177,79,4.51,7.63,6.43,7.75,7.12
9010.13,3076,107,209,3425,148,213,3349,125,71,3467,104,52,3369,95,108,10.27,10.54,5.85,4.5,6.03
9010.14,5094,418,37,5083,405,36,4983,382,63,4844,362,87,4642,322,70,8.93,8.68,8.93,9.27,8.44
9010.15,3386,112,223,3561,104,269,3561,113,327,3420,145,219,3270,136,175,9.89,10.47,12.36,10.64,9.51
9010.16,5979,237,166,6020,242,174,5428,230,138,5160,205,73,4778,226,120,6.74,6.91,6.78,5.39,7.24
9011.01,2612,130,106,2474,84,77,2290,84,46,2348,55,39,2243,61,34,9.04,6.51,5.68,4.0,4.24
9011.02,3560,321,328,3347,280,212,3378,264,324,3212,211,240,3106,195,279,18.23,14.7,17.41,14.04,15.26
9012.03,3671,106,175,3835,79,161,3536,99,152,3766,90,169,3786,96,112,7.65,6.26,7.1,6.88,5.49
9012.08,3407,92,20,3379,45,27,3519,32,85,3441,57,88,3386,58,77,3.29,2.13,3.32,4.21,3.99
9012.09,6559,206,263,6605,217,245,6564,262,202,6791,213,242,7239,165,196,7.15,6.99,7.07,6.7,4.99
9012.11,4512,132,18,4757,97,33,4792,83,38,4754,66,18,4520,66,103,3.32,2.73,2.53,1.77,3.74
9012.12,6641,403,85,7299,498,101,7569,464,161,7849,416,165,8354,738,259,7.35,8.21,8.26,7.4,11.93
9012.19,5335,77,141,5376,78,82,5493,109,89,5331,112,90,5467,166,78,4.09,2.98,3.6,3.79,4.46
9012.21,6771,233,145,6410,217,233,6449,213,237,6277,250,337,5872,273,325,5.58,7.02,6.98,9.35,10.18
9012.22,2567,86,135,2553,75,86,2624,72,69,2565,59,51,2657,75,47,8.61,6.31,5.37,4.29,4.59
9012.23,6304,129,200,6300,233,203,6194,170,242,6197,222,151,6283,325,273,5.22,6.92,6.65,6.02,9.52
9012.24,4401,276,70,4352,244,79,4276,147,58,4355,170,99,4794,383,137,7.86,7.42,4.79,6.18,10.85
9012.25,4771,73,160,4968,135,207,4961,158,182,5096,155,132,5210,151,159,4.88,6.88,6.85,5.63,5.95
9012.26,6258,236,266,6355,264,271,6384,337,183,6520,284,134,6352,285,111,8.02,8.42,8.15,6.41,6.23
9012.27,5679,172,213,6181,149,239,6079,236,203,5825,254,162,5063,211,74,6.78,6.28,7.22,7.14,5.63
9012.28,6141,171,201,6474,240,228,6578,226,271,6346,134,206,5818,141,144,6.06,7.23,7.56,5.36,4.9
9012.29,4500,93,218,4706,123,234,4766,117,232,4894,112,242,4848,160,231,6.91,7.59,7.32,7.23,8.07
9012.30,4159,218,120,4025,147,74,4116,163,74,4032,239,50,4009,200,39,8.13,5.49,5.76,7.17,5.96
9012.31,7405,258,411,6580,145,178,6456,138,201,6048,105,144,6057,92,165,9.03,4.91,5.25,4.12,4.24
9012.32,6564,128,279,6293,134,258,6141,191,182,5969,136,194,5555,121,186,6.2,6.23,6.07,5.53,5.53
9012.33,7514,177,202,7242,155,94,6851,53,167,6851,68,147,6555,62,147,5.04,3.44,3.21,3.14,3.19
9012.34,3576,41,140,3193,54,115,2986,47,75,3046,59,59,2948,44,57,5.06,5.29,4.09,3.87,3.43
9012.35,2932,50,50,2875,45,69,3004,66,51,3033,86,178,2983,72,114,3.41,3.97,3.89,8.7,6.24
9012.36,6711,215,125,6762,264,102,6419,284,110,6453,353,154,6054,321,161,5.07,5.41,6.14,7.86,7.96
9012.37,3138,161,64,3079,164,73,2982,103,100,3165,149,97,2933,161,113,7.17,7.7,6.81,7.77,9.34
9013.03,5264,162,206,5242,191,296,5165,204,253,4933,165,230,4682,121,183,6.99,9.29,8.85,8.01,6.49
9013.04,3172,210,100,3181,196,79,3235,177,52,3121,148,86,2987,165,87,9.77,8.65,7.08,7.5,8.44
9013.05,4670,69,58,3944,49,0,4070,45,0,3680,12,30,3581,19,51,2.72,1.24,1.11,1.14,1.95
9013.06,5417,153,74,5068,105,89,5259,130,111,5266,141,109,4903,114,130,4.19,3.83,4.58,4.75,4.98
9014.03,7455,329,249,7489,311,221,7258,331,199,7684,275,173,6933,245,190,7.75,7.1,7.3,5.83,6.27
9014.07,4160,129,158,4207,131,193,4385,141,224,4220,179,85,4276,256,122,6.9,7.7,8.32,6.26,8.84
9014.09,9064,272,135,9185,232,220,9046,238,218,8770,180,224,8290,295,228,4.49,4.92,5.04,4.61,6.31
9014.11,6049,203,259,5901,123,98,6030,162,115,6137,161,175,5948,204,186,7.64,3.75,4.59,5.47,6.56
9014.12,6825,209,195,7645,265,245,7753,352,403,7671,290,354,7444,257,316,5.92,6.67,9.74,8.4,7.7
9014.13,4625,83,110,4321,99,137,4425,84,102,4254,79,97,4218,86,71,4.17,5.46,4.2,4.14,3.72
9014.14,5400,67,60,5453,92,45,5466,68,43,5242,39,82,5183,60,95,2.35,2.51,2.03,2.31,2.99
9014.15,4689,206,240,4498,205,168,4403,178,175,4526,171,172,4433,157,140,9.51,8.29,8.02,7.58,6.7
9014.16,5248,135,260,5129,117,252,5143,124,273,4982,131,271,5086,163,345,7.53,7.19,7.72,8.07,9.99
9014.17,3134,114,81,3054,101,85,2914,47,85,2666,15,124,2535,46,75,6.22,6.09,4.53,5.21,4.77
9014.18,5331,253,398,4338,213,219,4256,216,220,3885,222,244,4060,262,191,12.21,9.96,10.24,11.99,11.16
9014.19,3985,163,204,3801,153,269,3837,123,345,4076,145,419,4257,253,416,9.21,11.1,12.2,13.84,15.72
9014.20,3923,120,137,4184,149,172,4328,137,118,4273,246,91,4495,189,95,6.55,7.67,5.89,7.89,6.32
9014.21,5497,281,132,5336,347,240,5416,403,231,5248,442,239,4733,304,179,7.51,11.0,11.71,12.98,10.2
9015.03,5695,206,110,5509,205,47,5327,175,78,5351,198,138,5320,172,146,5.55,4.57,4.75,6.28,5.98
9015.04,4892,109,16,4897,75,16,4756,69,16,4464,66,16,4433,59,41,2.56,1.86,1.79,1.84,2.26
9015.05,7574,139,44,7208,123,70,7237,110,89,7555,158,242,7301,256,280,2.42,2.68,2.75,5.29,7.34
9015.06,6590,108,294,6803,193,232,7010,175,330,7071,316,347,7081,298,447,6.1,6.25,7.2,9.38,10.52
9015.07,2978,158,113,2954,157,110,2874,141,149,2815,145,154,2827,128,140,9.1,9.04,10.09,10.62,9.48
9015.08,6261,285,212,6035,308,228,5770,322,215,5898,340,223,5847,299,192,7.94,8.88,9.31,9.55,8.4
9015.09,8086,354,207,7915,279,165,7727,220,104,7478,247,111,6899,193,157,6.94,5.61,4.19,4.79,5.07
9015.10,6049,161,120,6380,88,152,6476,131,224,6383,157,263,5997,127,231,4.65,3.76,5.48,6.58,5.97
9015.11,4469,62,95,4515,53,67,4381,30,40,4221,88,56,3978,70,53,3.51,2.66,1.6,3.41,3.09
9016.01,4367,131,192,3651,108,108,4688,201,257,4146,176,154,3973,144,130,7.4,5.92,9.77,7.96,6.9
9016.02,7650,306,88,7912,273,199,8377,315,298,7986,238,366,8098,204,407,5.15,5.97,7.32,7.56,7.55
9017.02,4831,141,139,4815,128,136,4641,116,138,4455,155,114,4356,151,82,5.8,5.48,5.47,6.04,5.35
9017.03,2750,31,73,2574,28,68,2418,39,54,2770,0,126,2518,0,97,3.78,3.73,3.85,4.55,3.85
9017.04,7269,365,368,7116,414,292,6582,505,217,7151,450,273,6971,451,356,10.08,9.92,10.97,10.11,11.58
9019,7256,506,98,8141,433,529,7729,300,435,7155,279,454,6702,305,374,8.32,11.82,9.51,10.24,10.13
9801,0,0,0,0,0,0,0,0,0,0,0,0,0,0,0,,,,,
