censustract,total_2024,white_2024,black_2024,asian_2024,total_2023,white_2023,black_2023,asian_2023,total_2022,white_2022,black_2022,asian_2022,total_2021,white_2021,black_2021,asian_2021,total_2020,white_2020,black_2020,asian_2020,White_Proportion_2024,Black_Proportion_2024,Asian_Proportion_2024,White_Proportion_2023,Black_Proportion_2023,Asian_Proportion_2023,White_Proportion_2022,Black_Proportion_2022,Asian_Proportion_2022,White_Proportion_2021,Black_Proportion_2021,Asian_Proportion_2021,White_Proportion_2020,Black_Proportion_2020,Asian_Proportion_2020
9001,3196,1742,498,391,3001,1845,388,342,3234,2007,502,273,3467,2172,574,281,3616,2360,660,247,54.51,15.58,12.23,61.48,12.93,11.4,62.06,15.52,8.44,62.65,16.56,8.1,65.27,18.25,6.83
9002.01,3117,998,450,70,3180,1230,599,98,2441,1008,564,94,2338,1038,576,174,2192,1120,597,126,32.02,14.44,2.25,38.68,18.84,3.08,41.29,23.11,3.85,44.4,24.64,7.44,51.09,27.24,5.75
9002.02,3668,1248,539,77,3520,1271,481,115,4124,1375,575,102,4271,1622,680,79,4254,1786,479,79,34.02,14.69,2.1,36.11,13.66,3.27,33.34,13.94,2.47,37.98,15.92,1.85,41.98,11.26,1.86
9002.03,5442,1003,2234,197,4891,532,2213,329,4589,879,2167,346,4579,872,1754,585,4463,842,1860,509,18.43,41.05,3.62,10.88,45.25,6.73,19.15,47.22,7.54,19.04,38.31,12.78,18.87,41.68,11.4
9003.01,3750,1933,1077,387,3514,1961,735,442,3494,2002,664,528,3442,1973,661,587,3410,1872,721,570,51.55,28.72,10.32,55.81,20.92,12.58,57.3,19.0,15.11,57.32,19.2,17.05,54.9,21.14,16.72
9003.02,5523,1513,1253,801,5032,1985,1349,463,5463,1987,1259,524,5106,2110,1208,684,5443,2194,1177,746,27.39,22.69,14.5,39.45,26.81,9.2,36.37,23.05,9.59,41.32,23.66,13.4,40.31,21.62,13.71
9004.03,6319,2060,1282,1339,5789,1847,1512,983,6107,2350,907,1183,6195,2943,810,1310,5541,2633,928,910,32.6,20.29,21.19,31.91,26.12,16.98,38.48,14.85,19.37,47.51,13.08,21.15,47.52,16.75,16.42
9004.04,5607,1525,663,490,5893,1672,735,410,5702,1842,1082,437,5652,2195,1084,294,5933,2438,1096,355,27.2,11.82,8.74,28.37,12.47,6.96,32.3,18.98,7.66,38.84,19.18,5.2,41.09,18.47,5.98
9004.07,6537,1128,2354,662,6916,1283,2391,701,7089,1922,2028,857,6825,2449,1953,715,6670,2579,2040,781,17.26,36.01,10.13,18.55,34.57,10.14,27.11,28.61,12.09,35.88,28.62,10.48,38.67,30.58,11.71
9004.08,5385,1921,1427,446,5473,2114,1406,451,5334,2128,1447,510,5497,2329,1554,347,5429,2531,1562,325,35.67,26.5,8.28,38.63,25.69,8.24,39.9,27.13,9.56,42.37,28.27,6.31,46.62,28.77,5.99
9004.09,4670,1263,1263,789,4834,1455,1324,741,5003,1810,1410,659,5170,2376,1450,447,5375,2655,1441,503,27.04,27.04,16.9,30.1,27.39,15.33,36.18,28.18,13.17,45.96,28.05,8.65,49.4,26.81,9.36
9004.10,5606,671,3138,361,5588,748,3153,470,5891,853,3499,728,5675,873,3406,584,5886,895,3472,756,11.97,55.98,6.44,13.39,56.42,8.41,14.48,59.4,12.36,15.38,60.02,10.29,15.21,58.99,12.84
9005.02,4562,1317,2039,246,4718,1541,2199,151,5112,1647,2328,386,5120,1716,2352,336,5026,1802,2457,294,28.87,44.7,5.39,32.66,46.61,3.2,32.22,45.54,7.55,33.52,45.94,6.56,35.85,48.89,5.85
9005.03,3350,574,690,336,3787,886,690,475,3823,1573,686,519,3768,1817,614,579,3820,2105,340,520,17.13,20.6,10.03,23.4,18.22,12.54,41.15,17.94,13.58,48.22,16.3,15.37,55.1,8.9,13.61
9005.04,5563,2421,480,170,5459,2386,484,173,5079,2356,558,191,5466,2514,469,0,5406,2748,642,144,43.52,8.63,3.06,43.71,8.87,3.17,46.39,10.99,3.76,45.99,8.58,0.0,50.83,11.88,2.66
9006.01,3280,1237,411,218,3453,1642,417,179,3620,1661,500,810,3525,1655,436,929,3351,1717,239,689,37.71,12.53,6.65,47.55,12.08,5.18,45.88,13.81,22.38,46.95,12.37,26.35,51.24,7.13,20.56
9006.02,3757,942,1500,442,3694,1032,1401,499,3586,940,1499,360,3989,1119,1381,384,3973,1393,1127,494,25.07,39.93,11.76,27.94,37.93,13.51,26.21,41.8,10.04,28.05,34.62,9.63,35.06,28.37,12.43
9007.01,7588,1185,3688,709,8102,1387,3585,503,7048,1112,3941,1238,6681,1748,3494,547,6764,1710,3355,599,15.62,48.6,9.34,17.12,44.25,6.21,15.78,55.92,17.57,26.16,52.3,8.19,25.28,49.6,8.86
9007.02,8341,2116,1175,841,7796,2254,1525,1090,8311,2333,1554,604,7858,2663,1815,635,8048,3256,2071,385,25.37,14.09,10.08,28.91,19.56,13.98,28.07,18.7,7.27,33.89,23.1,8.08,40.46,25.73,4.78
9008.01,6990,1842,3092,648,7078,2014,3027,667,7017,2230,3253,629,7057,2442,3136,604,7217,3164,2474,789,26.35,44.23,9.27,28.45,42.77,9.42,31.78,46.36,8.96,34.6,44.44,8.56,43.84,34.28,10.93
9008.03,6771,1192,3548,434,6127,1090,3116,531,5718,1402,2534,849,5620,1844,2471,629,5182,1572,1897,891,17.6,52.4,6.41,17.79,50.86,8.67,24.52,44.32,14.85,32.81,43.97,11.19,30.34,36.61,17.19
9008.04,5768,1396,3198,397,5564,1642,2938,259,5694,1640,3511,111,5879,1916,3361,136,5130,1821,2759,274,24.2,55.44,6.88,29.51,52.8,4.65,28.8,61.66,1.95,32.59,57.17,2.31,35.5,53.78,5.34
9009.01,6123,1709,1995,220,6363,1511,2189,92,6033,2460,1869,82,6185,2255,2211,227,6336,2470,2207,360,27.91,32.58,3.59,23.75,34.4,1.45,40.78,30.98,1.36,36.46,35.75,3.67,38.98,34.83,5.68
9009.04,8689,2673,3031,1706,7498,1967,3233,1515,6634,1716,2549,1689,6457,1383,2758,1467,5957,1292,2709,1334,30.76,34.88,19.63,26.23,43.12,20.21,25.87,38.42,25.46,21.42,42.71,22.72,21.69,45.48,22.39
9009.05,6083,1501,3001,427,6301,1591,3031,423,6152,1780,2841,342,6270,1928,2865,467,6124,2111,2788,353,24.68,49.33,7.02,25.25,48.1,6.71,28.93,46.18,5.56,30.75,45.69,7.45,34.47,45.53,5.76
9010.05,6960,3476,1054,731,6849,3811,1053,593,6623,3991,1105,601,6583,3981,1221,593,6463,3846,1293,608,49.94,15.14,10.5,55.64,15.37,8.66,60.26,16.68,9.07,60.47,18.55,9.01,59.51,20.01,9.41
9010.09,7467,3704,1291,550,7328,3871,1079,630,7436,4172,1226,611,7118,4277,1403,551,6973,4796,1048,783,49.6,17.29,7.37,52.82,14.72,8.6,56.11,16.49,8.22,60.09,19.71,7.74,68.78,15.03,11.23
9010.10,4790,2996,458,223,4765,2995,631,284,4906,3254,864,210,4910,3319,797,156,4587,3084,893,150,62.55,9.56,4.66,62.85,13.24,5.96,66.33,17.61,4.28,67.6,16.23,3.18,67.23,19.47,3.27
9010.11,6564,1971,1920,1538,6534,2150,2109,1170,6257,2736,1948,785,6073,2702,1943,669,6173,2866,2093,437,30.03,29.25,23.43,32.9,32.28,17.91,43.73,31.13,12.55,44.49,31.99,11.02,46.43,33.91,7.08
9010.12,3566,2332,649,145,3668,2278,836,128,3484,2491,535,78,3860,2683,601,199,3596,2542,728,154,65.4,18.2,4.07,62.1,22.79,3.49,71.5,15.36,2.24,69.51,15.57,5.16,70.69,20.24,4.28
9010.13,3076,686,1240,367,3425,982,1516,409,3349,1447,1304,87,3467,1432,1310,143,3369,1437,1365,166,22.3,40.31,11.93,28.67,44.26,11.94,43.21,38.94,2.6,41.3,37.78,4.12,42.65,40.52,4.93
9010.14,5094,1604,1097,1089,5083,1727,987,1141,4983,1677,1074,1184,4844,1709,1142,1262,4642,1582,1261,1145,31.49,21.54,21.38,33.98,19.42,22.45,33.65,21.55,23.76,35.28,23.58,26.05,34.08,27.17,24.67
9010.15,3386,236,2339,520,3561,387,2548,245,3561,651,2536,103,3420,999,1918,109,3270,790,1733,174,6.97,69.08,15.36,10.87,71.55,6.88,18.28,71.22,2.89,29.21,56.08,3.19,24.16,53.0,5.32
9010.16,5979,1220,2043,767,6020,1445,1867,718,5428,1426,1825,764,5160,1366,1636,877,4778,1558,1370,463,20.4,34.17,12.83,24.0,31.01,11.93,26.27,33.62,14.08,26.47,31.71,17.0,32.61,28.67,9.69
9011.01,2612,1287,368,351,2474,1198,311,379,2290,1307,294,332,2348,1257,507,147,2243,1404,469,143,49.27,14.09,13.44,48.42,12.57,15.32,57.07,12.84,14.5,53.53,21.59,6.26,62.59,20.91,6.38
9011.02,3560,2749,157,52,3347,2519,250,45,3378,2663,286,19,3212,2388,388,32,3106,2301,331,28,77.22,4.41,1.46,75.26,7.47,1.34,78.83,8.47,0.56,74.35,12.08,1.0,74.08,10.66,0.9
9012.03,3671,1218,690,405,3835,1860,572,252,3536,1546,719,280,3766,1743,523,491,3786,1967,424,600,33.18,18.8,11.03,48.5,14.92,6.57,43.72,20.33,7.92,46.28,13.89,13.04,51.95,11.2,15.85
9012.08,3407,1451,658,44,3379,1939,706,86,3519,2146,473,95,3441,2162,488,134,3386,2065,370,150,42.59,19.31,1.29,57.38,20.89,2.55,60.98,13.44,2.7,62.83,14.18,3.89,60.99,10.93,4.43
9012.09,6559,2336,1234,1014,6605,2414,1284,961,6564,2896,1232,772,6791,3729,1168,687,7239,3765,1172,775,35.62,18.81,15.46,36.55,19.44,14.55,44.12,18.77,11.76,54.91,17.2,10.12,52.01,16.19,10.71
9012.11,4512,1010,442,854,4757,1563,662,664,4792,1810,594,602,4754,1758,756,461,4520,2329,553,399,22.38,9.8,18.93,32.86,13.92,13.96,37.77,12.4,12.56,36.98,15.9,9.7,51.53,12.23,8.83
9012.12,6641,1469,1457,490,7299,2086,1630,598,7569,2388,1892,513,7849,2808,1956,888,8354,3028,2129,957,22.12,21.94,7.38,28.58,22.33,8.19,31.55,25.0,6.78,35.78,24.92,11.31,36.25,25.48,11.46
9012.19,5335,3853,352,255,5376,3910,397,346,5493,4106,481,351,5331,4309,567,242,5467,4651,549,116,72.22,6.6,4.78,72.73,7.38,6.44,74.75,8.76,6.39,80.83,10.64,4.54,85.07,10.04,2.12
9012.21,6771,2961,2238,599,6410,2956,2217,502,6449,2805,2524,349,6277,2783,2377,323,5872,2758,2204,353,43.73,33.05,8.85,46.12,34.59,7.83,43.5,39.14,5.41,44.34,37.87,5.15,46.97,37.53,6.01
9012.22,2567,1504,379,151,2553,1398,372,113,2624,1595,391,90,2565,1630,419,82,2657,1731,474,62,58.59,14.76,5.88,54.76,14.57,4.43,60.79,14.9,3.43,63.55,16.34,3.2,65.15,17.84,2.33
9012.23,6304,2900,792,823,6300,2792,1137,772,6194,3083,1114,775,6197,3487,1410,807,6283,3669,1361,764,46.0,12.56,13.06,44.32,18.05,12.25,49.77,17.99,12.51,56.27,22.75,13.02,58.4,21.66,12.16
9012.24,4401,2260,481,225,4352,2496,458,282,4276,2700,338,210,4355,2743,515,248,4794,3038,691,161,51.35,10.93,5.11,57.35,10.52,6.48,63.14,7.9,4.91,62.99,11.83,5.69,63.37,14.41,3.36
9012.25,4771,2267,735,493,4968,2299,1045,609,4961,2709,1009,560,5096,2999,1170,425,5210,2953,1341,567,47.52,15.41,10.33,46.28,21.03,12.26,54.61,20.34,11.29,58.85,22.96,8.34,56.68,25.74,10.88
9012.26,6258,1868,1658,916,6355,2175,1502,1155,6384,2770,1611,1139,6520,2988,1752,1229,6352,3181,1835,943,29.85,26.49,14.64,34.23,23.63,18.17,43.39,25.23,17.84,45.83,26.87,18.85,50.08,28.89,14.85
9012.27,5679,1845,1087,484,6181,2012,1130,575,6079,2650,850,516,5825,2860,1078,357,5063,2837,1033,424,32.49,19.14,8.52,32.55,18.28,9.3,43.59,13.98,8.49,49.1,18.51,6.13,56.03,20.4,8.37
9012.28,6141,2220,989,607,6474,2078,1136,695,6578,2373,1234,742,6346,2620,1241,520,5818,2646,1248,344,36.15,16.1,9.88,32.1,17.55,10.74,36.07,18.76,11.28,41.29,19.56,8.19,45.48,21.45,5.91
9012.29,4500,1610,1344,428,4706,1766,1424,431,4766,1805,1338,393,4894,2202,1496,324,4848,2091,1420,494,35.78,29.87,9.51,37.53,30.26,9.16,37.87,28.07,8.25,44.99,30.57,6.62,43.13,29.29,10.19
9012.30,4159,1327,974,627,4025,1411,1000,583,4116,1829,1073,429,4032,2117,977,260,4009,2208,1011,253,31.91,23.42,15.08,35.06,24.84,14.48,44.44,26.07,10.42,52.5,24.23,6.45,55.08,25.22,6.31
9012.31,7405,4163,703,558,6580,4320,685,551,6456,4117,863,550,6048,4480,652,439,6057,4267,554,751,56.22,9.49,7.54,65.65,10.41,8.37,63.77,13.37,8.52,74.07,10.78,7.26,70.45,9.15,12.4
9012.32,6564,3836,1024,485,6293,3801,1047,439,6141,3651,1147,373,5969,3752,1165,308,5555,3556,1047,283,58.44,15.6,7.39,60.4,16.64,6.98,59.45,18.68,6.07,62.86,19.52,5.16,64.01,18.85,5.09
9012.33,7514,4813,572,438,7242,5376,376,495,6851,5252,429,407,6851,5130,555,389,6555,5120,610,376,64.05,7.61,5.83,74.23,5.19,6.84,76.66,6.26,5.94,74.88,8.1,5.68,78.11,9.31,5.74
9012.34,3576,2257,379,105,3193,2009,305,91,2986,1980,294,185,3046,2104,344,139,2948,2102,347,136,63.12,10.6,2.94,62.92,9.55,2.85,66.31,9.85,6.2,69.07,11.29,4.56,71.3,11.77,4.61
9012.35,2932,1603,619,266,2875,1550,577,305,3004,2016,548,233,3033,1921,646,212,2983,1941,532,225,54.67,21.11,9.07,53.91,20.07,10.61,67.11,18.24,7.76,63.34,21.3,6.99,65.07,17.83,7.54
9012.36,6711,3442,1360,585,6762,3457,1567,546,6419,3480,1465,563,6453,3279,1729,662,6054,3000,1761,656,51.29,20.27,8.72,51.12,23.17,8.07,54.21,22.82,8.77,50.81,26.79,10.26,49.55,29.09,10.84
9012.37,3138,1622,848,246,3079,1768,612,363,2982,1857,517,166,3165,1552,843,247,2933,1456,821,261,51.69,27.02,7.84,57.42,19.88,11.79,62.27,17.34,5.57,49.04,26.64,7.8,49.64,27.99,8.9
9013.03,5264,2704,502,466,5242,2999,500,375,5165,3181,562,363,4933,3110,510,301,4682,3246,507,252,51.37,9.54,8.85,57.21,9.54,7.15,61.59,10.88,7.03,63.04,10.34,6.1,69.33,10.83,5.38
9013.04,3172,2235,106,136,3181,2308,116,212,3235,2485,119,168,3121,2356,132,210,2987,2401,128,179,70.46,3.34,4.29,72.56,3.65,6.66,76.82,3.68,5.19,75.49,4.23,6.73,80.38,4.29,5.99
9013.05,4670,3379,219,86,3944,2756,238,86,4070,3356,280,69,3680,2855,291,106,3581,2949,277,88,72.36,4.69,1.84,69.88,6.03,2.18,82.46,6.88,1.7,77.58,7.91,2.88,82.35,7.74,2.46
9013.06,5417,4174,295,125,5068,4181,300,100,5259,4153,450,147,5266,4223,464,156,4903,4156,375,140,77.05,5.45,2.31,82.5,5.92,1.97,78.97,8.56,2.8,80.19,8.81,2.96,84.76,7.65,2.86
9014.03,7455,3285,1328,987,7489,4336,1052,859,7258,4159,1200,824,7684,4327,1451,740,6933,3611,1504,1026,44.06,17.81,13.24,57.9,14.05,11.47,57.3,16.53,11.35,56.31,18.88,9.63,52.08,21.69,14.8
9014.07,4160,1456,726,615,4207,1447,939,745,4385,1660,704,819,4220,2042,609,568,4276,2396,798,561,35.0,17.45,14.78,34.4,22.32,17.71,37.86,16.05,18.68,48.39,14.43,13.46,56.03,18.66,13.12
9014.09,9064,4058,2686,854,9185,4507,2531,1090,9046,4258,2323,1067,8770,4306,2443,1018,8290,4518,1960,957,44.77,29.63,9.42,49.07,27.56,11.87,47.07,25.68,11.8,49.1,27.86,11.61,54.5,23.64,11.54
9014.11,6049,3928,353,726,5901,3759,343,828,6030,3991,352,934,6137,3864,590,931,5948,4177,389,1004,64.94,5.84,12.0,63.7,5.81,14.03,66.19,5.84,15.49,62.96,9.61,15.17,70.23,6.54,16.88
9014.12,6825,4061,681,1050,7645,4810,688,830,7753,5289,689,643,7671,5314,625,669,7444,5048,745,783,59.5,9.98,15.38,62.92,9.0,10.86,68.22,8.89,8.29,69.27,8.15,8.72,67.81,10.01,10.52
9014.13,4625,2440,236,602,4321,2537,218,688,4425,2752,175,723,4254,2815,202,660,4218,2831,280,572,52.76,5.1,13.02,58.71,5.05,15.92,62.19,3.95,16.34,66.17,4.75,15.51,67.12,6.64,13.56
9014.14,5400,3546,738,326,5453,4035,534,374,5466,3706,630,540,5242,3626,582,511,5183,3665,498,465,65.67,13.67,6.04,74.0,9.79,6.86,67.8,11.53,9.88,69.17,11.1,9.75,70.71,9.61,8.97
9014.15,4689,3215,311,459,4498,3035,352,433,4403,3062,355,350,4526,3166,342,319,4433,3244,329,339,68.56,6.63,9.79,67.47,7.83,9.63,69.54,8.06,7.95,69.95,7.56,7.05,73.18,7.42,7.65
9014.16,5248,3512,338,563,5129,3485,409,510,5143,3428,565,465,4982,3651,516,374,5086,3656,807,336,66.92,6.44,10.73,67.95,7.97,9.94,66.65,10.99,9.04,73.28,10.36,7.51,71.88,15.87,6.61
9014.17,3134,2348,198,247,3054,2339,227,143,2914,2165,217,96,2666,2077,159,96,2535,2144,132,47,74.92,6.32,7.88,76.59,7.43,4.68,74.3,7.45,3.29,77.91,5.96,3.6,84.58,5.21,1.85
9014.18,5331,1345,1433,530,4338,1184,1328,425,4256,1669,1520,39,3885,2061,718,126,4060,1959,746,646,25.23,26.88,9.94,27.29,30.61,9.8,39.22,35.71,0.92,53.05,18.48,3.24,48.25,18.37,15.91
9014.19,3985,1150,762,418,3801,1644,705,274,3837,1885,782,274,4076,1949,870,255,4257,1894,909,243,28.86,19.12,10.49,43.25,18.55,7.21,49.13,20.38,7.14,47.82,21.34,6.26,44.49,21.35,5.71
9014.20,3923,2114,745,580,4184,2540,644,602,4328,2977,784,426,4273,2911,712,517,4495,2994,878,526,53.89,18.99,14.78,60.71,15.39,14.39,68.78,18.11,9.84,68.13,16.66,12.1,66.61,19.53,11.7
9014.21,5497,3618,624,816,5336,3338,753,751,5416,4090,611,417,5248,3670,356,877,4733,3460,211,686,65.82,11.35,14.84,62.56,14.11,14.07,75.52,11.28,7.7,69.93,6.78,16.71,73.1,4.46,14.49
9015.03,5695,4464,224,216,5509,4525,160,180,5327,4306,175,336,5351,4294,190,272,5320,4537,168,293,78.38,3.93,3.79,82.14,2.9,3.27,80.83,3.29,6.31,80.25,3.55,5.08,85.28,3.16,5.51
9015.04,4892,3266,746,460,4897,3466,716,423,4756,3458,672,369,4464,3334,424,434,4433,3395,426,341,66.76,15.25,9.4,70.78,14.62,8.64,72.71,14.13,7.76,74.69,9.5,9.72,76.58,9.61,7.69
9015.05,7574,4963,618,1119,7208,4911,581,1174,7237,5020,322,1231,7555,5298,348,1088,7301,5038,443,1149,65.53,8.16,14.77,68.13,8.06,16.29,69.37,4.45,17.01,70.13,4.61,14.4,69.0,6.07,15.74
9015.06,6590,2629,1106,1349,6803,2570,1570,1289,7010,2888,1582,1123,7071,3452,1544,763,7081,3631,1467,881,39.89,16.78,20.47,37.78,23.08,18.95,41.2,22.57,16.02,48.82,21.84,10.79,51.28,20.72,12.44
9015.07,2978,1618,251,416,2954,1661,294,360,2874,1793,278,257,2815,1678,434,305,2827,1801,503,249,54.33,8.43,13.97,56.23,9.95,12.19,62.39,9.67,8.94,59.61,15.42,10.83,63.71,17.79,8.81
9015.08,6261,3061,958,1316,6035,2815,1071,1293,5770,2716,876,1311,5898,2787,957,1489,5847,2993,985,1482,48.89,15.3,21.02,46.64,17.75,21.43,47.07,15.18,22.72,47.25,16.23,25.25,51.19,16.85,25.35
9015.09,8086,5268,1119,444,7915,5226,1246,425,7727,5580,716,456,7478,5620,531,480,6899,5376,529,357,65.15,13.84,5.49,66.03,15.74,5.37,72.21,9.27,5.9,75.15,7.1,6.42,77.92,7.67,5.17
9015.10,6049,3786,329,890,6380,4277,395,821,6476,4411,527,715,6383,4201,831,801,5997,4064,714,794,62.59,5.44,14.71,67.04,6.19,12.87,68.11,8.14,11.04,65.82,13.02,12.55,67.77,11.91,13.24
9015.11,4469,3539,371,223,4515,3856,181,208,4381,3732,182,294,4221,3431,298,302,3978,3220,479,149,79.19,8.3,4.99,85.4,4.01,4.61,85.19,4.15,6.71,81.28,7.06,7.15,80.95,12.04,3.75
9016.01,4367,1487,36,430,3651,1754,94,399,4688,2505,89,400,4146,2532,193,497,3973,2823,171,503,34.05,0.82,9.85,48.04,2.57,10.93,53.43,1.9,8.53,61.07,4.66,11.99,71.05,4.3,12.66
9016.02,7650,2769,936,531,7912,3911,906,622,8377,4632,1207,377,7986,5381,1143,468,8098,4850,1451,425,36.2,12.24,6.94,49.43,11.45,7.86,55.29,14.41,4.5,67.38,14.31,5.86,59.89,17.92,5.25
9017.02,4831,1887,58,98,4815,1931,49,98,4641,2371,84,135,4455,2225,49,140,4356,2302,57,146,39.06,1.2,2.03,40.1,1.02,2.04,51.09,1.81,2.91,49.94,1.1,3.14,52.85,1.31,3.35
9017.03,2750,915,167,147,2574,962,130,152,2418,1225,125,198,2770,1312,98,102,2518,1170,144,134,33.27,6.07,5.35,37.37,5.05,5.91,50.66,5.17,8.19,47.36,3.54,3.68,46.47,5.72,5.32
9017.04,7269,3176,523,566,7116,4516,528,864,6582,4008,493,1036,7151,4390,510,966,6971,4184,614,522,43.69,7.19,7.79,63.46,7.42,12.14,60.89,7.49,15.74,61.39,7.13,13.51,60.02,8.81,7.49
9019,7256,2769,551,955,8141,4644,580,691,7729,4341,1045,888,7155,4733,688,802,6702,4306,1055,525,38.16,7.59,13.16,57.04,7.12,8.49,56.17,13.52,11.49,66.15,9.62,11.21,64.25,15.74,7.83
9801,0,0,0,0,0,0,0,0,0,0,0,0,0,0,0,0,0,0,0,0,,,,,,,,,,,,,,,
