censustract,hh_total_2024,lt_10k_2024,10k_15k_2024,15k_20k_2024,20k_25k_2024,25k_30k_2024,30k_35k_2024,35k_40k_2024,40k_45k_2024,45k_50k_2024,50k_60k_2024,60k_75k_2024,75k_100k_2024,100k_125k_2024,125k_150k_2024,150k_200k_2024,200k_plus_2024,low_income_lt35k_pct_2024,hh_total_2023,lt_10k_2023,10k_15k_2023,15k_20k_2023,20k_25k_2023,25k_30k_2023,30k_35k_2023,35k_40k_2023,40k_45k_2023,45k_50k_2023,50k_60k_2023,60k_75k_2023,75k_100k_2023,100k_125k_2023,125k_150k_2023,150k_200k_2023,200k_plus_2023,low_income_lt35k_pct_2023,hh_total_2022,lt_10k_2022,10k_15k_2022,15k_20k_2022,20k_25k_2022,25k_30k_2022,30k_35k_2022,35k_40k_2022,40k_45k_2022,45k_50k_2022,50k_60k_2022,60k_75k_2022,75k_100k_2022,100k_125k_2022,125k_150k_2022,150k_200k_2022,200k_plus_2022,low_income_lt35k_pct_2022,hh_total_2021,lt_10k_2021,10k_15k_2021,15k_20k_2021,20k_25k_2021,25k_30k_2021,30k_35k_2021,35k_40k_2021,40k_45k_2021,45k_50k_2021,50k_60k_2021,60k_75k_2021,75k_100k_2021,100k_125k_2021,125k_150k_2021,150k_200k_2021,200k_plus_2021,low_income_lt35k_pct_2021,hh_total_2020,lt_10k_2020,10k_15k_2020,15k_20k_2020,20k_25k_2020,25k_30k_2020,30k_35k_2020,35k_40k_2020,40k_45k_2020,45k_50k_2020,50k_60k_2020,60k_75k_2020,75k_100k_2020,100k_125k_2020,125k_150k_2020,150k_200k_2020,200k_plus_2020,low_income_lt35k_pct_2020
9001,1627,26,0,0,12,9,14,17,2,30,14,62,106,307,110,407,511,3.75,1536,29,0,0,12,9,29,45,11,40,31,115,134,145,207,266,463,5.14,1559,29,26,0,12,10,32,40,10,52,29,65,90,172,289,272,431,6.99,1550,28,30,12,0,14,32,50,57,12,62,20,175,186,176,344,352,7.48,1462,44,29,10,0,0,60,19,29,47,43,59,95,253,231,282,261,9.78
9002.01,1051,55,27,0,26,0,22,20,19,21,85,199,109,79,104,169,116,12.37,1091,47,31,0,30,6,28,11,18,21,150,171,91,104,102,130,151,13.02,961,47,37,23,25,26,19,20,38,29,67,163,111,58,49,92,157,18.42,880,0,29,38,14,22,17,40,18,27,112,57,110,76,65,130,125,13.64,772,0,0,48,40,8,19,38,31,30,70,49,115,77,87,93,67,14.9
9002.02,1075,0,14,0,0,24,24,14,0,44,83,178,114,193,142,155,90,5.77,1055,14,17,7,33,9,31,20,0,54,42,165,174,131,144,138,76,10.52,1125,13,10,7,12,16,7,22,0,26,88,197,217,105,120,213,72,5.78,1166,14,13,0,38,11,33,6,28,27,117,197,202,163,105,128,84,9.35,1130,26,6,15,39,19,30,5,13,50,94,121,201,264,93,121,33,11.95
9002.03,1490,0,61,0,11,83,12,12,68,83,126,170,257,250,106,215,36,11.21,1387,107,30,0,35,56,48,0,97,76,72,137,208,168,296,38,19,19.9,1406,84,22,7,67,61,89,0,19,15,77,173,293,113,269,90,27,23.47,1419,38,25,78,75,77,33,24,33,83,98,153,272,96,255,69,10,22.97,1413,34,12,77,57,137,10,35,129,35,87,196,125,300,138,27,14,23.14
9003.01,1599,58,55,13,0,103,44,66,62,77,41,41,249,156,110,201,323,17.07,1538,68,29,31,71,31,43,72,123,15,33,61,174,158,108,253,268,17.75,1503,35,35,38,91,5,49,25,120,13,38,108,195,178,142,199,232,16.83,1513,36,17,34,88,40,42,94,24,14,31,178,182,234,58,216,225,16.99,1465,19,5,33,82,44,37,112,20,39,62,229,285,127,50,168,153,15.02
9003.02,2151,112,17,29,104,70,199,16,12,37,104,114,279,311,243,191,313,24.69,2107,84,17,15,103,139,94,16,22,87,75,88,498,182,211,272,204,21.45,2227,92,56,15,122,146,20,16,50,35,50,86,538,267,241,281,212,20.25,2153,102,15,13,126,71,16,28,56,35,38,225,595,306,299,198,30,15.93,2056,49,10,89,85,54,30,37,51,54,24,350,399,469,151,129,75,15.42
9004.03,1938,56,18,17,76,35,65,83,40,22,137,122,268,276,184,356,183,13.78,1900,57,20,32,5,28,80,128,105,32,104,124,246,216,186,442,95,11.68,1950,103,57,52,15,38,38,187,15,51,115,200,188,210,165,384,132,15.54,1903,88,27,42,34,67,158,65,24,33,143,228,347,95,123,349,80,21.86,1932,125,77,50,37,81,142,91,49,10,81,162,376,146,245,159,101,26.5
9004.04,1651,97,0,9,20,46,31,56,47,19,95,137,279,273,211,196,135,12.3,1697,69,0,13,17,77,0,65,54,11,148,173,313,214,207,217,119,10.37,1744,44,0,18,93,30,26,57,69,47,148,305,265,247,192,132,71,12.1,1727,17,0,21,53,40,10,81,65,19,165,390,311,232,135,138,50,8.16,1669,8,44,27,25,48,47,65,53,46,194,272,232,107,213,212,76,11.92
9004.07,2261,32,12,13,30,76,63,32,164,101,222,517,361,335,72,99,132,10.0,2329,53,15,0,12,126,57,37,159,140,251,345,514,259,62,121,178,11.29,2256,61,17,28,0,124,46,106,169,113,235,176,401,244,125,94,317,12.23,2311,68,0,35,198,59,124,75,169,44,188,271,349,258,87,147,239,20.94,2253,45,54,0,158,30,111,124,123,64,187,306,353,265,122,156,155,17.67
9004.08,1566,17,64,0,8,12,33,7,0,46,96,79,141,262,117,214,470,8.56,1554,31,37,13,6,10,48,5,12,24,60,128,113,217,130,231,489,9.33,1534,28,45,9,12,13,0,6,17,9,35,60,114,306,135,203,542,6.98,1549,26,62,10,9,32,7,0,0,22,30,98,257,245,164,117,470,9.43,1550,20,56,0,19,31,9,0,5,11,47,126,259,222,124,173,448,8.71
9004.09,1614,0,9,9,7,60,124,0,0,49,96,102,339,263,197,220,139,12.95,1575,0,0,7,34,66,97,4,49,8,45,117,268,325,228,230,97,12.95,1579,8,0,0,76,8,90,3,48,19,44,140,265,368,217,192,101,11.53,1560,18,0,0,110,23,17,49,26,59,55,217,324,346,137,81,98,10.77,1528,20,0,50,39,0,18,121,59,57,58,172,420,170,124,90,130,8.31
9004.10,2246,197,99,0,70,29,104,18,0,48,314,87,488,121,121,297,253,22.22,2096,133,28,9,64,0,94,14,0,96,231,71,594,143,142,214,263,15.65,2078,129,25,9,60,32,29,25,0,112,223,174,451,125,209,189,286,13.67,1984,105,27,34,10,40,2,10,73,107,149,394,172,156,232,255,218,10.99,1946,136,21,41,34,0,10,10,57,147,134,311,267,135,227,245,171,12.44
9005.02,2004,0,20,66,0,39,7,0,75,0,123,150,473,136,134,461,320,6.59,2012,7,20,33,0,35,6,0,81,0,127,176,397,112,207,511,300,5.02,2041,7,22,42,0,50,8,20,0,29,177,201,400,172,270,349,294,6.32,2059,9,28,30,1,14,0,17,19,147,144,122,440,234,266,402,186,3.98,1967,12,0,0,2,8,8,11,28,190,147,110,394,300,243,338,176,1.53
9005.03,1191,20,46,0,0,17,0,39,20,42,19,102,153,253,200,134,146,6.97,1217,18,12,0,0,17,0,39,8,79,116,58,135,319,146,125,145,3.86,1229,33,0,0,0,18,37,41,54,96,55,25,135,315,153,82,185,7.16,1240,32,0,0,27,0,75,0,89,99,29,35,311,181,93,190,79,10.81,1153,39,0,3,14,0,63,58,126,43,21,197,155,148,58,128,100,10.32
9005.04,1531,81,0,46,144,51,49,31,88,35,183,221,106,86,143,175,92,24.23,1425,95,0,49,99,94,57,38,30,58,178,232,141,32,149,49,124,27.65,1385,97,0,50,121,58,14,12,110,63,383,60,84,39,181,22,91,24.55,1417,59,29,99,29,120,16,89,64,88,211,100,162,181,57,35,78,24.84,1296,55,0,114,45,74,39,51,39,124,120,129,220,141,97,35,13,25.23
9006.01,972,0,26,28,13,0,0,10,17,11,22,36,269,118,72,205,145,6.89,975,0,11,12,11,0,0,14,10,45,35,208,133,184,49,172,91,3.49,973,6,11,16,0,0,0,6,36,0,134,217,81,140,99,196,31,3.39,998,6,27,11,0,0,26,48,30,10,261,160,76,86,60,164,33,7.01,949,3,8,0,0,6,48,190,5,0,238,113,94,81,41,116,6,6.85
9006.02,1466,87,41,52,0,7,24,28,55,46,125,162,192,267,172,90,118,14.39,1421,92,40,90,0,0,73,34,54,102,75,182,94,136,170,184,95,20.76,1350,79,25,77,20,54,169,22,56,125,119,90,114,166,106,70,58,31.41,1333,126,58,0,22,111,106,67,156,16,178,79,76,67,93,96,82,31.73,1199,32,27,0,114,178,48,91,82,86,67,85,46,149,97,50,47,33.28
9007.01,3027,170,16,159,26,1,80,38,14,90,334,277,521,327,573,222,179,14.93,2863,79,16,111,36,0,78,0,0,140,135,294,530,522,507,209,206,11.18,2530,158,8,102,0,0,10,0,9,142,153,352,345,483,292,135,341,10.99,2691,55,39,54,0,0,44,17,86,83,310,464,392,413,267,271,196,7.13,2522,39,71,0,0,0,107,18,112,148,289,377,459,436,82,231,153,8.6
9007.02,2200,0,63,13,0,41,34,4,0,11,307,99,100,604,81,340,503,6.86,2271,0,53,42,28,0,86,32,28,21,269,129,80,517,137,229,620,9.2,2318,0,20,24,0,17,137,35,14,166,237,117,335,415,186,151,464,8.54,2314,21,67,33,0,49,66,19,76,26,223,298,484,262,81,157,452,10.2,2323,18,113,23,0,93,51,35,24,94,244,265,363,357,42,188,413,12.83
9008.01,2262,0,0,0,0,32,0,0,17,21,0,99,90,380,75,563,985,1.41,2301,0,0,0,0,22,0,0,22,0,0,69,142,439,132,574,901,0.96,2272,12,0,0,0,22,24,0,0,0,0,89,153,296,245,581,850,2.55,2281,20,0,0,0,28,13,0,0,33,0,118,356,151,356,557,649,2.67,2145,32,0,22,23,16,0,0,0,22,12,106,277,265,338,452,580,4.34
9008.03,2311,122,151,145,19,36,0,43,19,84,103,86,362,128,344,399,270,20.47,2140,150,191,101,14,36,0,59,16,70,52,90,280,192,290,352,247,22.99,2104,194,104,38,16,35,44,15,42,80,53,96,427,283,195,362,120,20.48,2149,135,53,10,38,100,42,102,32,113,133,92,405,210,359,256,69,17.59,2001,125,42,0,66,41,71,95,96,93,174,84,306,281,213,271,43,17.24
9008.04,1978,20,38,0,111,31,9,0,15,10,85,230,181,151,50,361,686,10.57,1934,23,0,0,102,33,9,16,21,26,25,235,223,78,19,307,817,8.63,1866,18,0,12,92,23,0,75,8,10,158,75,279,61,36,291,728,7.77,1781,16,51,19,77,0,55,51,42,15,162,70,214,0,126,173,710,12.24,1537,22,42,55,0,35,68,0,36,0,185,61,230,0,182,167,454,14.44
9009.01,2040,41,49,41,36,70,0,53,145,38,63,320,351,202,280,275,76,11.62,2078,121,24,37,25,149,0,116,98,69,89,300,230,175,161,400,84,17.13,1941,100,35,52,77,56,107,11,100,30,96,273,243,196,158,270,137,22.0,1912,88,63,46,116,64,106,64,77,17,176,137,343,344,49,117,105,25.26,1876,151,41,81,91,89,44,125,34,94,143,144,272,168,276,37,86,26.49
9009.04,2353,86,45,26,0,0,0,0,99,0,15,111,144,442,175,455,755,6.67,1984,36,15,20,0,0,0,0,27,24,26,106,141,466,144,295,684,3.58,1768,21,13,22,0,0,0,27,0,18,39,18,108,475,186,208,633,3.17,1672,16,0,13,39,10,12,27,44,16,49,12,461,138,107,389,339,5.38,1520,34,0,0,41,31,23,14,44,0,21,40,376,212,136,301,247,8.49
9009.05,1904,40,26,18,18,17,50,44,57,120,36,98,244,139,274,236,487,8.88,1868,30,22,11,0,38,49,33,43,77,123,88,184,131,358,158,523,8.03,1831,29,9,15,11,54,61,0,64,25,122,89,180,220,325,169,458,9.78,1802,0,9,0,10,51,0,10,84,15,135,120,271,339,120,214,424,3.88,1692,72,0,0,8,61,0,27,12,76,56,115,217,281,91,278,398,8.33
9010.05,1931,0,0,13,0,0,23,10,0,24,61,44,74,168,179,286,1049,1.86,1932,6,0,0,0,0,32,20,0,39,14,20,135,155,184,242,1085,1.97,1901,5,0,0,17,0,43,0,0,25,13,18,266,42,168,256,1048,3.42,1894,8,0,0,14,12,16,0,21,21,12,59,184,185,150,416,796,2.64,1814,9,0,11,0,0,20,0,18,22,0,25,199,142,229,398,741,2.21
9010.09,2300,0,0,25,0,14,11,0,26,0,15,94,144,170,371,517,913,2.17,2274,14,0,30,16,0,13,0,25,0,19,146,186,209,373,524,719,3.21,2239,16,0,23,0,0,8,0,70,0,38,132,196,280,251,477,748,2.1,2185,17,45,23,0,27,0,113,0,0,7,80,224,375,110,475,689,5.13,2157,18,39,0,18,0,29,77,0,0,41,95,335,326,147,433,599,4.82
9010.10,1352,16,0,0,0,70,0,0,13,14,42,45,90,135,73,289,565,6.36,1391,7,0,0,0,43,0,0,18,22,18,56,97,93,105,331,601,3.59,1401,0,0,0,0,15,0,0,11,18,35,54,81,101,169,393,524,1.07,1401,0,0,0,0,19,0,10,5,19,32,52,161,188,131,392,392,1.36,1324,7,0,0,0,13,6,10,17,14,7,67,236,131,148,361,307,1.96
9010.11,1946,52,7,0,86,0,0,0,45,0,21,40,137,272,211,282,793,7.45,1921,52,7,0,15,0,0,15,42,0,29,19,278,303,229,309,623,3.85,1889,67,10,0,0,0,38,52,9,30,18,40,274,235,243,386,487,6.09,1874,70,10,10,0,43,0,86,21,20,18,74,294,249,202,405,372,7.1,1883,37,8,10,0,69,39,37,46,9,52,81,311,234,211,376,363,8.66
9010.12,1665,29,22,0,8,30,0,33,88,65,27,240,260,194,218,199,252,5.35,1650,40,36,0,20,20,0,32,95,30,45,294,269,184,168,103,314,7.03,1634,33,28,0,0,19,23,96,38,27,108,168,312,232,129,113,308,6.3,1620,25,32,0,27,0,24,60,45,54,107,178,319,162,112,206,269,6.67,1557,25,44,0,9,9,23,30,54,56,81,199,331,168,127,259,142,7.06
9010.13,1041,35,0,11,0,63,16,0,7,0,37,85,185,25,72,146,359,12.01,1089,18,0,13,41,0,35,0,25,0,50,123,221,61,117,169,216,9.83,1120,26,77,0,43,23,35,11,0,48,56,124,206,39,137,127,168,18.21,1172,108,0,0,0,67,0,30,0,51,81,209,146,172,35,137,136,14.93,1093,50,0,0,11,55,18,27,49,0,106,169,193,107,61,169,78,12.26
9010.14,1412,61,0,7,52,27,0,79,67,0,53,40,120,226,53,231,396,10.41,1442,116,8,11,79,35,0,0,68,0,44,0,266,171,89,224,331,17.27,1413,117,0,38,25,96,0,75,0,21,57,0,225,85,56,250,368,19.53,1393,132,12,38,87,33,0,40,0,46,70,74,127,89,128,190,327,21.68,1355,124,33,54,62,8,0,15,59,11,18,125,157,88,106,155,340,20.74
9010.15,1134,13,18,0,11,0,0,57,0,159,44,239,174,115,110,144,50,3.7,1173,7,33,16,0,0,67,24,0,119,11,305,143,160,50,124,114,10.49,1200,0,39,9,0,0,86,12,118,0,136,112,203,219,74,84,108,11.17,1237,0,63,2,0,60,76,0,118,100,83,56,286,95,102,129,67,16.25,1177,53,13,1,34,90,20,133,9,84,96,63,289,129,51,34,78,17.93
9010.16,1728,68,0,0,0,113,0,0,14,0,50,79,239,101,115,319,630,10.47,1690,58,0,0,0,23,0,0,36,0,25,94,231,84,100,443,596,4.79,1580,59,0,0,40,20,17,0,40,27,58,198,42,114,138,290,537,8.61,1524,55,0,0,18,18,0,19,16,18,28,214,47,177,240,296,378,5.97,1415,19,0,0,21,14,0,45,38,42,0,260,180,135,209,295,157,3.82
9011.01,652,48,13,14,12,19,18,5,32,39,72,103,42,51,41,34,109,19.02,672,95,14,7,18,29,24,20,17,14,79,70,77,43,35,63,67,27.83,585,89,10,23,11,41,2,28,6,9,80,46,68,48,14,39,71,30.09,534,42,9,23,20,22,12,59,2,47,44,33,54,48,13,67,39,23.97,522,66,10,41,18,24,5,63,27,2,53,22,29,38,15,65,44,31.42
9011.02,817,0,6,0,6,71,11,33,92,20,112,56,227,56,43,52,32,11.51,808,0,6,0,0,69,18,11,95,69,85,72,161,95,54,40,33,11.51,822,0,7,0,0,63,18,92,87,49,51,97,176,86,56,28,12,10.71,782,0,0,0,24,21,11,116,88,32,70,115,130,97,41,29,8,7.16,814,0,0,0,58,8,8,162,22,47,78,137,110,128,17,29,10,9.09
9012.03,1335,57,0,0,125,0,0,0,0,0,40,22,281,316,120,230,144,13.63,1363,71,0,0,126,0,25,53,0,0,33,46,240,266,101,216,186,16.29,1368,52,24,0,131,0,44,0,0,0,148,54,220,288,87,131,189,18.35,1369,10,16,0,143,10,42,0,0,63,132,139,278,158,66,101,211,16.14,1364,9,11,130,28,73,50,7,24,39,131,149,252,118,43,135,165,22.07
9012.08,1285,79,0,0,12,16,56,0,38,18,81,176,164,169,77,136,263,12.68,1288,47,0,0,10,15,33,22,53,26,65,188,211,155,129,80,254,8.15,1315,47,0,27,0,29,33,18,64,27,76,182,160,116,179,118,239,10.34,1272,48,17,20,17,35,8,82,15,9,156,130,216,145,100,135,139,11.4,1195,67,19,22,18,10,62,21,4,18,134,117,152,214,82,150,105,16.57
9012.09,1944,67,70,72,55,38,15,30,21,16,55,45,322,228,201,221,488,16.31,1958,51,86,47,71,36,15,59,16,51,36,68,303,297,108,228,486,15.63,1964,45,68,11,29,25,49,7,24,75,65,58,432,235,141,404,296,11.56,1956,26,49,21,19,40,49,31,48,28,97,70,403,209,260,255,351,10.43,1942,28,41,30,9,48,73,1,33,10,85,133,497,169,259,288,238,11.79
9012.11,1188,0,26,6,16,27,7,0,53,28,28,71,68,239,121,316,182,6.9,1237,0,6,25,46,24,5,7,87,7,32,70,121,109,150,386,162,8.57,1250,17,4,26,61,14,23,28,43,13,30,65,114,110,232,274,196,11.6,1275,18,42,31,19,49,5,133,22,0,44,67,86,184,188,248,139,12.86,1187,30,38,40,17,65,0,84,11,0,66,155,73,228,152,117,111,16.01
9012.12,2231,133,0,0,29,18,0,0,92,23,140,111,258,227,306,307,587,8.07,2193,97,18,16,0,35,0,24,17,17,131,211,228,208,318,257,616,7.57,2152,35,29,23,16,16,0,25,58,47,41,259,247,241,213,243,659,5.53,2134,50,14,11,26,16,2,68,37,25,120,313,237,198,181,304,532,5.58,2088,26,5,0,20,27,8,56,91,41,133,302,200,273,131,309,466,4.12
9012.19,1925,0,10,0,5,0,8,10,5,8,8,60,99,175,123,376,1038,1.19,1959,8,8,14,5,0,13,0,6,12,23,61,88,171,163,374,1013,2.45,1961,6,7,14,5,5,8,6,6,14,26,42,91,189,187,456,899,2.29,1938,30,0,20,5,13,0,5,9,23,18,36,174,202,233,409,761,3.51,1870,26,0,23,5,4,3,25,7,14,25,38,170,141,249,423,717,3.26
9012.21,2438,110,52,0,26,0,69,21,84,71,116,252,265,280,296,444,352,10.54,2313,134,56,0,24,20,75,62,54,45,155,264,221,273,289,352,289,13.36,2318,73,56,28,42,8,63,87,92,31,143,243,281,265,392,260,254,11.65,2272,64,45,41,26,41,15,62,45,44,174,186,379,322,321,312,195,10.21,2180,51,158,16,35,19,29,56,46,25,137,200,409,426,153,277,143,14.13
9012.22,904,16,0,0,6,0,10,0,89,12,46,101,40,73,113,228,170,3.54,880,18,0,0,6,0,7,66,24,13,73,52,70,103,126,153,169,3.52,908,44,0,0,6,0,0,66,9,22,75,51,95,142,164,121,113,5.51,896,18,12,0,6,0,66,12,15,18,105,32,155,104,183,78,92,11.38,855,21,11,0,6,0,69,15,21,21,93,26,193,110,127,71,71,12.51
9012.23,2210,27,30,18,0,30,35,0,0,120,145,67,290,433,278,295,442,6.33,2208,19,45,20,0,79,19,0,16,146,138,165,251,527,100,356,327,8.24,2196,17,17,42,81,47,0,12,36,127,145,70,332,456,118,333,363,9.29,2136,32,43,28,116,18,0,12,113,30,128,137,236,384,324,222,313,11.1,2039,21,28,53,62,34,11,51,84,59,157,170,303,138,288,188,392,10.25
9012.24,1357,7,0,0,0,15,15,6,7,0,13,12,151,114,141,193,683,2.73,1364,7,0,0,7,20,20,0,0,0,30,0,169,96,141,221,653,3.96,1362,6,0,0,76,21,20,0,0,23,17,27,127,153,200,189,503,9.03,1343,7,0,0,75,22,6,0,7,28,0,43,144,156,199,255,401,8.19,1299,4,9,0,56,26,10,0,6,0,0,87,148,222,251,198,282,8.08
9012.25,1503,4,2,10,0,31,0,19,28,0,10,147,273,133,158,188,500,3.13,1533,4,2,0,12,17,0,42,14,10,87,107,239,194,113,227,465,2.28,1598,3,1,0,21,0,36,39,0,10,144,97,207,196,112,219,513,3.82,1612,3,1,0,13,8,9,26,10,56,180,122,223,180,172,210,399,2.11,1530,13,0,0,16,0,5,19,91,14,111,101,254,141,227,202,336,2.22
9012.26,1728,37,29,19,6,14,0,29,17,6,32,81,138,152,136,342,690,6.08,1748,53,0,9,0,40,11,19,26,10,37,54,110,204,154,398,623,6.46,1766,52,0,13,28,17,7,27,0,14,23,55,230,137,263,360,540,6.63,1735,46,0,11,36,0,8,29,0,9,29,196,206,150,260,310,445,5.82,1606,18,0,12,23,6,0,10,0,0,48,106,238,208,224,381,332,3.67
9012.27,1424,12,0,10,35,12,39,0,9,52,78,84,190,215,126,381,181,7.58,1453,8,0,0,40,41,0,0,11,51,34,88,234,209,166,360,211,6.13,1495,25,0,0,20,40,0,17,22,32,77,58,302,163,206,359,174,5.69,1496,52,0,0,0,0,14,42,88,34,35,176,236,159,249,220,191,4.41,1378,43,0,0,0,0,35,42,56,51,57,165,205,238,265,112,109,5.66
9012.28,1826,34,12,33,11,43,56,12,0,40,28,97,383,204,169,333,371,10.35,1826,23,0,33,2,26,36,0,0,38,29,97,436,256,244,259,347,6.57,1857,21,10,20,1,11,8,14,0,46,57,90,467,306,172,261,373,3.82,1856,3,21,31,8,12,3,11,12,4,43,175,480,197,217,235,404,4.2,1822,0,20,30,9,14,51,0,12,27,52,204,432,138,296,277,260,6.81
9012.29,1313,24,12,59,0,0,0,0,10,54,67,12,299,142,116,199,319,7.24,1331,28,40,0,0,0,0,0,11,9,59,37,311,161,170,210,295,5.11,1340,40,21,0,0,0,0,10,0,9,69,100,278,154,107,258,294,4.55,1358,24,10,0,0,0,0,18,29,43,35,146,244,179,77,273,280,2.5,1357,10,0,0,3,0,7,27,4,37,36,139,360,203,84,226,221,1.47
9012.30,1180,3,0,0,28,10,8,14,58,0,2,68,75,58,138,257,461,4.15,1162,26,0,0,23,0,20,32,38,0,15,16,81,101,198,215,397,5.94,1190,11,0,7,12,0,26,24,42,32,34,23,83,108,207,226,355,4.71,1176,11,9,0,7,8,13,0,13,33,20,19,159,198,199,318,169,4.08,1133,13,12,0,17,8,9,0,28,7,9,36,145,202,177,345,125,5.21
9012.31,2346,142,23,0,30,44,14,40,0,20,0,122,22,282,167,380,1060,10.78,2192,29,28,14,23,51,42,35,0,15,0,130,66,205,259,424,871,8.53,2125,44,21,13,36,50,57,0,15,24,0,174,143,155,291,400,702,10.4,1994,42,10,32,60,31,53,13,56,0,31,107,136,130,309,335,649,11.43,1829,31,98,28,34,40,0,19,34,0,24,101,122,203,219,287,589,12.63
9012.32,1821,49,68,7,0,0,24,21,0,5,44,125,186,122,71,196,903,8.13,1739,91,12,15,0,0,25,24,0,22,16,147,156,113,108,248,762,8.22,1637,52,14,15,0,7,12,25,9,30,30,120,140,194,119,202,668,6.11,1490,15,11,15,0,18,26,9,5,17,102,38,149,208,93,269,515,5.7,1360,16,0,20,0,0,31,12,22,0,74,103,143,165,126,227,421,4.93
9012.33,2297,0,0,22,0,34,32,0,68,0,16,49,219,138,131,381,1207,3.83,2268,23,0,22,18,19,64,34,15,0,47,33,189,156,182,239,1227,6.44,2281,21,0,21,15,60,43,16,36,0,68,69,151,253,161,404,963,7.01,2256,13,0,0,35,64,37,10,29,19,85,156,162,229,146,355,916,6.6,2154,18,0,22,0,0,34,50,0,24,59,156,219,240,165,330,837,3.44
9012.34,1138,0,12,8,24,0,19,56,6,0,11,51,117,101,51,139,543,5.54,1049,0,10,7,25,7,7,52,0,0,9,60,75,75,137,127,458,5.34,1040,0,19,10,10,10,0,51,0,6,17,57,38,46,134,162,480,4.71,1017,0,16,0,23,6,44,5,6,5,57,34,30,78,126,137,450,8.75,1002,5,9,0,15,6,53,0,6,6,23,31,47,112,96,157,436,8.78
9012.35,970,0,0,0,0,20,0,11,9,0,16,42,114,56,148,66,488,2.06,972,0,0,0,10,10,12,0,7,14,0,41,149,43,152,136,398,3.29,953,0,0,0,11,0,8,0,7,15,19,35,81,52,169,180,376,1.99,974,0,0,0,0,0,20,0,12,0,17,16,99,162,89,210,349,2.05,970,0,0,0,0,0,0,0,12,7,12,31,107,128,144,170,359,0.0
9012.36,2103,0,19,22,0,12,22,0,15,0,35,84,276,150,295,311,862,3.57,2097,0,38,38,0,21,18,0,21,0,37,89,201,227,219,275,913,5.48,1995,19,30,15,21,11,26,0,8,0,5,77,168,201,292,351,771,6.12,1965,37,18,16,46,15,5,20,0,11,36,83,203,235,250,386,604,6.97,1838,26,31,24,21,15,22,16,0,11,50,55,191,297,194,416,469,7.56
9012.37,1212,18,57,0,0,0,6,48,6,9,35,114,189,160,97,172,301,6.68,1184,21,12,0,0,15,11,13,8,42,38,137,244,85,105,133,320,4.98,1160,0,0,0,0,24,9,3,0,63,117,135,221,127,109,154,198,2.84,1136,0,0,10,0,58,1,0,72,35,19,125,202,247,76,158,133,6.07,1069,10,0,8,28,35,0,6,93,25,53,67,199,177,138,124,106,7.58
9013.03,1513,24,0,26,0,9,9,0,10,129,10,14,38,80,153,322,689,4.49,1519,23,0,22,0,12,7,0,9,129,0,56,26,92,215,252,676,4.21,1515,0,0,0,0,0,0,0,17,127,5,51,61,163,233,290,568,0.0,1478,0,0,0,0,6,0,18,127,0,7,74,158,165,201,363,359,0.41,1408,0,0,0,0,8,0,9,109,17,62,53,139,217,166,318,310,0.57
9013.04,1002,6,5,14,18,0,22,0,2,5,6,108,151,101,173,199,192,6.49,986,5,0,9,18,0,0,2,13,3,17,96,203,90,108,228,194,3.25,972,13,0,21,18,6,0,18,7,3,4,78,176,99,158,184,187,5.97,926,13,15,8,23,0,8,11,5,5,42,76,159,165,78,193,125,7.24,852,5,18,16,5,0,19,0,9,2,29,127,155,132,83,132,120,7.39
9013.05,1348,7,32,25,0,57,9,0,0,0,69,63,110,97,67,209,603,9.64,1277,13,32,27,0,40,0,0,9,41,44,42,88,55,86,223,577,8.77,1259,12,34,30,0,40,0,0,11,41,24,30,26,111,167,189,544,9.21,1224,43,29,10,0,0,11,17,41,12,39,22,35,108,165,243,449,7.6,1174,63,9,12,0,0,17,16,52,11,29,31,44,173,124,194,399,8.6
9013.06,1793,49,5,44,22,0,8,52,19,13,12,34,70,137,180,348,800,7.14,1723,35,6,39,22,0,7,52,8,10,38,29,102,147,155,353,720,6.33,1676,18,0,36,9,7,0,8,8,83,16,26,124,153,161,392,635,4.18,1647,18,7,25,38,7,11,26,52,7,27,27,121,143,205,367,566,6.44,1556,0,17,24,24,20,0,7,62,0,45,63,148,177,217,309,443,5.46
9014.03,2909,19,97,65,17,31,55,114,59,212,165,418,679,582,66,82,248,9.76,2870,0,166,146,37,138,67,40,154,50,213,320,550,465,223,106,195,19.3,2812,96,44,236,44,85,83,68,138,16,243,320,697,276,201,105,160,20.91,2890,146,81,134,28,89,135,108,38,68,219,467,592,334,182,140,129,21.21,2655,95,136,69,48,118,117,49,61,77,162,373,605,387,120,114,124,21.96
9014.07,1481,60,42,17,26,0,54,11,84,62,64,209,190,152,102,174,234,13.44,1530,46,39,18,27,40,70,27,101,44,32,181,116,204,137,223,225,15.69,1542,14,67,19,60,75,37,67,60,25,60,196,158,190,186,181,147,17.64,1498,23,32,39,46,70,36,57,26,64,85,177,220,166,234,60,163,16.42,1456,34,40,10,31,89,14,93,47,41,113,255,186,128,191,87,97,14.97
9014.09,3115,0,15,24,0,22,257,42,53,22,140,137,422,261,334,933,453,10.21,2991,0,13,20,16,0,274,79,50,0,147,114,328,392,383,580,595,10.8,2931,0,9,16,0,231,55,100,72,12,153,101,368,333,329,524,628,10.61,2834,9,0,14,0,272,53,64,19,0,114,167,425,284,329,618,466,12.28,2583,0,40,0,0,257,71,29,0,33,140,138,367,339,231,586,352,14.25
9014.11,1964,10,99,25,0,63,0,13,47,7,27,67,97,72,144,287,1006,10.03,1966,26,61,12,7,48,0,13,55,6,39,57,61,123,149,464,845,7.83,1964,26,65,13,6,48,0,0,55,7,46,110,54,164,156,330,884,8.04,1909,19,42,16,54,0,0,61,13,0,57,61,110,221,183,323,749,6.86,1889,21,44,6,58,23,3,58,7,11,68,35,234,155,162,277,727,8.21
9014.12,2116,30,0,0,0,0,0,0,25,0,16,72,114,172,207,359,1121,1.42,2170,6,0,0,0,0,0,0,23,6,17,100,105,272,214,304,1123,0.28,2193,6,0,0,0,0,0,16,18,22,36,132,134,345,289,297,898,0.27,2192,10,16,0,0,12,16,0,22,0,72,71,280,358,281,402,652,2.46,1981,0,31,0,11,45,19,8,15,0,30,129,167,351,221,405,549,5.35
9014.13,1331,0,0,0,0,10,62,0,15,11,0,34,259,161,139,179,461,5.41,1302,0,0,0,0,12,14,5,0,9,37,48,268,137,172,171,429,2.0,1293,0,0,0,0,14,13,4,7,0,31,55,331,107,134,247,350,2.09,1273,0,0,0,11,7,6,0,8,0,54,94,294,81,189,233,296,1.89,1250,0,0,0,20,0,4,0,0,29,26,160,204,159,122,231,295,1.92
9014.14,1702,33,7,40,3,0,7,20,0,17,76,133,129,161,160,296,620,5.29,1652,21,7,6,12,0,9,29,0,10,25,123,155,176,182,271,626,3.33,1609,20,9,5,9,9,24,12,0,21,17,52,144,189,234,330,534,4.72,1590,21,11,6,6,29,30,9,28,9,32,56,100,284,193,375,401,6.48,1541,14,8,9,11,21,20,11,54,9,21,27,131,346,146,326,387,5.39
9014.15,1398,0,0,0,0,0,0,14,0,0,26,51,70,68,298,232,639,0.0,1383,0,0,0,0,0,0,9,0,0,18,66,76,53,322,361,478,0.0,1367,0,0,0,0,0,0,0,0,0,19,92,76,209,187,314,470,0.0,1394,0,0,0,0,32,0,0,0,3,32,61,76,248,226,258,458,2.3,1353,0,0,0,0,25,0,0,0,0,7,56,76,334,186,381,288,1.85
9014.16,1425,0,1,0,0,0,31,0,7,8,184,50,19,109,89,228,699,2.25,1415,0,1,0,8,0,32,0,18,159,32,59,37,53,129,235,652,2.9,1385,0,1,0,10,35,0,11,20,158,47,50,39,96,77,214,627,3.32,1371,0,1,0,12,37,23,0,160,0,3,75,75,143,50,272,520,5.32,1310,18,3,8,9,0,26,0,155,0,22,63,78,134,69,270,455,4.89
9014.17,1036,13,11,0,10,14,12,21,9,17,39,75,92,15,80,90,538,5.79,1037,30,29,0,10,19,51,0,11,7,47,90,62,33,67,107,474,13.4,1029,26,26,5,4,18,92,0,8,5,114,36,53,47,71,160,364,16.62,968,32,20,12,22,22,67,0,14,11,87,62,89,54,109,116,251,18.08,900,24,16,13,11,68,6,7,7,19,53,43,112,112,38,141,230,15.33
9014.18,1834,43,37,13,38,33,20,0,97,27,79,137,231,131,268,258,422,10.03,1696,52,20,0,80,5,23,34,58,59,21,150,334,132,335,101,292,10.61,1615,18,30,11,33,0,4,29,67,45,39,198,364,214,175,249,139,5.94,1487,13,19,47,0,95,26,34,51,7,90,100,342,250,100,274,39,13.45,1513,42,50,46,0,32,59,18,48,18,188,89,305,261,26,290,41,15.14
9014.19,1325,85,89,7,30,63,91,17,31,45,120,89,195,158,112,139,54,27.55,1309,101,92,18,77,47,76,8,54,0,161,93,209,138,66,147,22,31.4,1349,44,102,18,52,111,0,36,70,52,149,130,260,44,106,135,40,24.24,1353,72,46,23,42,132,7,8,54,144,99,126,258,52,70,140,80,23.8,1413,255,0,44,66,95,0,70,17,99,104,145,245,76,80,56,61,32.55
9014.20,1086,18,0,13,0,0,0,0,0,40,10,0,101,37,59,247,561,2.85,1136,0,0,13,0,0,0,0,0,9,20,45,86,87,131,172,573,1.14,1099,0,0,13,0,10,0,0,0,0,23,32,123,66,116,226,490,2.09,1053,0,0,12,15,0,0,0,0,0,11,10,156,36,78,251,484,2.56,1002,0,17,0,14,0,0,0,8,0,12,22,108,92,138,145,446,3.09
9014.21,1371,5,0,0,0,14,0,0,0,0,19,84,32,91,113,235,778,1.39,1361,7,0,0,0,35,0,0,0,0,26,70,73,84,156,260,650,3.09,1367,0,0,0,13,0,0,0,0,0,30,42,81,182,130,391,498,0.95,1311,0,0,0,0,42,0,0,0,0,20,32,137,148,85,326,521,3.2,1229,11,0,0,46,0,0,0,0,0,0,33,152,85,88,303,511,4.64
9015.03,1876,18,0,0,17,0,11,11,30,26,49,94,176,92,84,418,850,2.45,1878,8,0,20,11,0,22,9,14,12,74,142,72,102,97,461,834,3.25,1860,0,5,27,12,0,16,27,12,40,62,98,122,123,135,416,765,3.23,1869,0,5,14,10,6,35,6,13,42,63,130,93,176,205,390,681,3.75,1794,0,4,26,7,6,17,15,116,41,20,139,92,183,160,404,564,3.34
9015.04,2617,134,0,0,13,0,27,129,79,42,159,112,354,495,255,486,332,6.65,2578,132,13,38,0,0,69,61,29,70,126,134,324,561,336,443,242,9.78,2560,70,15,16,15,31,48,45,30,104,95,164,342,682,319,338,246,7.62,2456,67,16,53,0,64,62,30,67,60,178,165,604,440,269,209,172,10.67,2471,15,15,71,28,79,63,44,48,74,151,312,576,348,294,150,203,10.97
9015.05,2239,0,0,4,0,27,8,0,20,14,45,17,96,48,89,288,1583,1.74,2255,24,0,0,0,15,58,0,19,0,46,18,144,116,118,327,1370,4.3,2179,29,0,0,0,15,69,15,18,53,0,75,138,163,95,449,1060,5.19,2122,28,0,0,5,4,78,21,18,37,0,97,98,152,217,416,951,5.42,2067,20,0,0,0,78,9,0,35,0,41,85,143,243,227,298,888,5.18
9015.06,1819,15,0,3,13,0,15,11,0,10,39,87,309,145,190,464,518,2.53,1840,48,0,15,0,0,13,7,32,68,0,49,352,181,103,476,496,4.13,1811,46,0,17,0,7,12,29,0,49,30,44,303,150,129,558,437,4.53,1813,51,4,8,0,12,6,21,53,0,33,106,373,119,229,523,275,4.47,1760,63,3,5,0,21,23,0,52,0,18,199,225,181,370,357,243,6.53
9015.07,971,0,0,6,18,33,8,0,8,18,56,38,85,99,99,191,312,6.69,939,0,3,3,49,3,6,0,16,12,65,17,83,86,96,192,308,6.82,911,8,3,13,42,3,3,0,26,7,45,23,91,65,133,146,303,7.9,903,10,3,14,33,23,0,17,13,25,13,48,97,107,107,196,197,9.19,914,10,0,6,29,19,3,15,7,8,36,83,61,160,129,154,194,7.33
9015.08,1971,37,62,18,9,46,51,60,0,84,59,115,227,147,53,338,665,11.31,1928,49,56,21,11,52,32,38,29,60,94,152,160,150,149,335,540,11.46,1802,112,54,12,13,11,67,12,53,87,62,80,141,90,175,400,433,14.93,1761,134,0,23,0,0,34,20,87,25,112,86,134,153,250,272,431,10.85,1682,96,0,0,0,25,52,43,43,19,142,79,93,211,160,335,384,10.29
9015.09,2475,16,62,0,9,0,37,15,0,0,47,114,116,151,180,466,1262,5.01,2433,31,15,0,14,0,27,12,15,0,22,115,199,51,85,572,1275,3.58,2350,14,0,0,13,0,0,25,16,53,27,52,173,79,207,555,1136,1.15,2256,13,0,0,0,0,17,15,73,52,93,47,150,134,277,418,967,1.33,2111,8,0,0,0,12,52,39,67,44,96,87,155,149,225,407,770,3.41
9015.10,2143,21,0,0,0,0,25,0,0,12,0,15,214,232,209,270,1145,2.15,2083,21,0,0,7,27,0,5,0,11,0,44,134,299,193,329,1013,2.64,2089,6,0,0,5,20,5,6,12,12,24,52,180,283,178,365,941,1.72,2002,12,0,0,51,7,6,0,19,12,20,80,301,249,161,324,760,3.8,1837,15,0,0,49,8,13,9,27,7,15,104,241,256,155,233,705,4.63
9015.11,1750,30,10,10,0,28,6,17,44,18,57,114,106,144,126,453,587,4.8,1725,8,7,18,0,25,5,0,52,40,35,112,129,187,115,355,637,3.65,1699,20,7,7,16,0,6,11,50,28,26,135,140,240,119,298,596,3.3,1610,11,8,8,8,5,8,59,16,7,76,91,200,161,178,283,491,2.98,1534,25,0,6,0,4,36,64,7,15,33,122,153,162,165,228,514,4.63
9016.01,1076,69,39,0,20,13,22,9,51,36,83,89,216,115,5,133,176,15.15,1019,66,37,10,0,56,0,10,88,23,57,146,250,33,28,106,109,16.58,1047,74,23,12,9,54,0,0,102,9,41,126,202,117,51,161,66,16.43,1071,54,23,10,30,42,0,102,20,0,28,127,208,104,141,102,80,14.85,1049,51,22,33,50,0,36,92,33,7,48,82,187,141,157,31,79,18.3
9016.02,2625,28,14,31,66,121,0,62,31,66,174,248,540,470,138,242,394,9.9,2639,28,16,51,56,164,0,61,89,41,151,248,719,287,114,288,326,11.94,2617,27,20,0,142,17,105,86,77,20,219,119,769,154,180,413,269,11.88,2579,53,19,30,95,19,19,101,40,17,147,264,671,254,139,457,254,9.11,2479,82,16,66,89,17,117,19,55,66,142,173,600,249,289,323,176,15.61
9017.02,1256,35,0,16,18,0,34,35,34,64,23,75,96,399,181,143,103,8.2,1233,35,0,16,0,17,46,26,25,42,15,86,83,391,198,155,98,9.25,1243,38,8,7,22,19,28,16,58,18,25,154,121,392,213,75,49,9.81,1263,0,6,6,26,33,14,28,69,61,58,70,312,292,199,43,46,6.73,1198,0,25,0,35,14,10,78,60,14,116,20,246,366,146,21,47,7.01
9017.03,740,4,0,0,0,18,0,4,6,23,25,35,183,137,47,167,91,2.97,703,1,0,0,0,23,0,0,0,13,38,5,165,153,62,113,130,3.41,672,0,0,0,22,14,0,0,0,7,21,92,124,124,87,67,114,5.36,650,0,0,0,26,0,0,18,0,0,12,48,137,86,41,119,163,4.0,642,16,0,14,21,0,9,0,0,0,34,22,216,62,33,66,149,9.35
9017.04,1942,103,0,23,8,193,126,35,13,12,223,124,232,364,296,172,18,23.33,1969,59,16,57,23,74,102,69,30,81,214,91,211,420,203,190,129,16.81,1937,52,21,19,57,125,104,78,26,110,260,25,366,332,96,162,104,19.51,1946,57,0,81,2,102,118,42,88,240,60,119,480,123,199,142,93,18.5,1905,145,15,86,13,32,78,51,171,208,28,290,361,117,116,82,112,19.37
9019,2385,73,0,26,0,88,116,0,68,67,27,288,381,241,159,425,426,12.7,2351,50,14,27,0,0,13,45,105,120,97,194,466,318,231,326,345,4.42,2317,13,13,69,0,17,14,30,182,56,458,88,304,229,250,273,321,5.44,2153,64,17,105,0,42,41,139,96,93,229,187,391,252,129,241,127,12.49,2117,107,20,74,19,19,40,133,142,92,278,281,312,274,56,103,167,13.18
9801,0,0,0,0,0,0,0,0,0,0,0,0,0,0,0,0,0,,0,0,0,0,0,0,0,0,0,0,0,0,0,0,0,0,0,,0,0,0,0,0,0,0,0,0,0,0,0,0,0,0,0,0,,0,0,0,0,0,0,0,0,0,0,0,0,0,0,0,0,0,,0,0,0,0,0,0,0,0,0,0,0,0,0,0,0,0,0,
