,censustract,total_2024,male_over_64_2024,female_over_64_2024,total_2023,male_over_64_2023,female_over_64_2023,total_2022,male_over_64_2022,female_over_64_2022,total_2021,male_over_64_2021,female_over_64_2021,total_2020,male_over_64_2020,female_over_64_2020,Over64_Proportion_2024,Over64_Proportion_2023,Over64_Proportion_2022,Over64_Proportion_2021,Over64_Proportion_2020
0,9001,3196,376,538,3001,406,489,3234,400,568,3467,424,571,3616,388,517,28.6,29.82,29.93,28.7,25.03
1,9002.01,3117,137,108,3180,163,129,2441,92,84,2338,84,66,2192,97,78,7.86,9.18,7.21,6.42,7.98
2,9002.02,3668,257,164,3520,250,144,4124,204,70,4271,245,108,4254,140,201,11.48,11.19,6.64,8.27,8.02
3,9002.03,5442,158,238,4891,83,124,4589,145,119,4579,88,132,4463,105,142,7.28,4.23,5.75,4.8,5.53
4,9003.01,3750,216,241,3514,136,244,3494,119,192,3442,96,168,3410,80,177,12.19,10.81,8.9,7.67,7.54
5,9003.02,5523,211,357,5032,137,338,5463,102,251,5106,87,211,5443,83,217,10.28,9.44,6.46,5.84,5.51
6,9004.03,6319,282,449,5789,268,417,6107,316,453,6195,262,402,5541,267,496,11.57,11.83,12.59,10.72,13.77
7,9004.04,5607,248,322,5893,229,322,5702,145,317,5652,185,300,5933,179,259,10.17,9.35,8.1,8.58,7.38
8,9004.07,6537,266,398,6916,277,323,7089,331,288,6825,359,344,6670,328,229,10.16,8.68,8.73,10.3,8.35
9,9004.08,5385,202,259,5473,166,231,5334,137,234,5497,130,273,5429,161,202,8.56,7.25,6.96,7.33,6.69
10,9004.09,4670,315,321,4834,289,314,5003,273,336,5170,251,320,5375,266,353,13.62,12.47,12.17,11.04,11.52
11,9004.10,5606,152,170,5588,138,172,5891,129,100,5675,96,96,5886,57,137,5.74,5.55,3.89,3.38,3.3
12,9005.02,4562,180,242,4718,173,249,5112,184,261,5120,82,169,5026,59,122,9.25,8.94,8.71,4.9,3.6
13,9005.03,3350,176,170,3787,214,143,3823,160,186,3768,123,126,3820,156,130,10.33,9.43,9.05,6.61,7.49
14,9005.04,5563,208,303,5459,260,357,5079,245,319,5466,164,416,5406,192,361,9.19,11.3,11.1,10.61,10.23
15,9006.01,3280,223,166,3453,179,105,3620,206,115,3525,220,84,3351,165,65,11.86,8.22,8.87,8.62,6.86
16,9006.02,3757,84,126,3694,119,102,3586,89,105,3989,83,177,3973,60,163,5.59,5.98,5.41,6.52,5.61
17,9007.01,7588,230,320,8102,199,301,7048,187,288,6681,208,223,6764,97,96,7.25,6.17,6.74,6.45,2.85
18,9007.02,8341,173,299,7796,190,431,8311,146,414,7858,140,451,8048,237,374,5.66,7.97,6.74,7.52,7.59
19,9008.01,6990,269,351,7078,327,396,7017,315,411,7057,286,375,7217,229,537,8.87,10.21,10.35,9.37,10.61
20,9008.03,6771,259,247,6127,234,268,5718,52,267,5620,50,307,5182,49,255,7.47,8.19,5.58,6.35,5.87
21,9008.04,5768,138,255,5564,157,274,5694,115,251,5879,87,183,5130,176,248,6.81,7.75,6.43,4.59,8.27
22,9009.01,6123,182,252,6363,212,269,6033,196,257,6185,184,249,6336,199,245,7.09,7.56,7.51,7.0,7.01
23,9009.04,8689,274,291,7498,186,239,6634,136,191,6457,130,238,5957,147,201,6.5,5.67,4.93,5.7,5.84
24,9009.05,6083,340,357,6301,276,311,6152,311,364,6270,292,271,6124,322,315,11.46,9.32,10.97,8.98,10.4
25,9010.05,6960,236,221,6849,239,189,6623,184,96,6583,197,101,6463,123,119,6.57,6.25,4.23,4.53,3.74
26,9010.09,7467,445,427,7328,409,459,7436,353,437,7118,335,441,6973,320,471,11.68,11.84,10.62,10.9,11.34
27,9010.10,4790,282,300,4765,260,263,4906,243,292,4910,191,201,4587,169,170,12.15,10.98,10.91,7.98,7.39
28,9010.11,6564,272,410,6534,310,333,6257,200,326,6073,143,377,6173,137,327,10.39,9.84,8.41,8.56,7.52
29,9010.12,3566,660,866,3668,628,822,3484,659,854,3860,674,875,3596,709,896,42.79,39.53,43.43,40.13,44.63
30,9010.13,3076,86,180,3425,84,202,3349,47,146,3467,39,105,3369,30,113,8.65,8.35,5.76,4.15,4.24
31,9010.14,5094,214,186,5083,212,195,4983,243,203,4844,237,201,4642,236,211,7.85,8.01,8.95,9.04,9.63
32,9010.15,3386,115,34,3561,146,23,3561,78,31,3420,156,26,3270,220,51,4.4,4.75,3.06,5.32,8.29
33,9010.16,5979,145,234,6020,105,222,5428,127,241,5160,109,258,4778,109,179,6.34,5.43,6.78,7.11,6.03
34,9011.01,2612,40,28,2474,28,17,2290,26,25,2348,26,24,2243,28,27,2.6,1.82,2.23,2.13,2.45
35,9011.02,3560,0,0,3347,0,0,3378,0,0,3212,0,0,3106,0,0,0.0,0.0,0.0,0.0,0.0
36,9012.03,3671,361,180,3835,357,168,3536,363,147,3766,393,169,3786,419,214,14.74,13.69,14.42,14.92,16.72
37,9012.08,3407,412,641,3379,371,612,3519,393,600,3441,465,598,3386,402,602,30.91,29.09,28.22,30.89,29.65
38,9012.09,6559,307,659,6605,295,685,6564,262,602,6791,282,498,7239,338,481,14.73,14.84,13.16,11.49,11.31
39,9012.11,4512,232,385,4757,194,287,4792,179,179,4754,240,209,4520,231,199,13.67,10.11,7.47,9.44,9.51
40,9012.12,6641,464,294,7299,352,311,7569,420,380,7849,377,352,8354,308,337,11.41,9.08,10.57,9.29,7.72
41,9012.19,5335,543,578,5376,492,585,5493,505,537,5331,491,531,5467,505,528,21.01,20.03,18.97,19.17,18.9
42,9012.21,6771,315,347,6410,293,413,6449,242,405,6277,192,281,5872,174,370,9.78,11.01,10.03,7.54,9.26
43,9012.22,2567,180,147,2553,172,131,2624,198,144,2565,166,146,2657,249,122,12.74,11.87,13.03,12.16,13.96
44,9012.23,6304,360,525,6300,446,647,6194,364,436,6197,324,488,6283,336,423,14.04,17.35,12.92,13.1,12.08
45,9012.24,4401,387,339,4352,381,357,4276,369,359,4355,359,333,4794,444,329,16.5,16.96,17.03,15.89,16.12
46,9012.25,4771,272,326,4968,265,311,4961,316,335,5096,331,321,5210,232,290,12.53,11.59,13.12,12.79,10.02
47,9012.26,6258,280,353,6355,305,330,6384,319,375,6520,380,377,6352,364,301,10.12,9.99,10.87,11.61,10.47
48,9012.27,5679,410,328,6181,297,232,6079,222,282,5825,174,288,5063,171,267,13.0,8.56,8.29,7.93,8.65
49,9012.28,6141,400,388,6474,324,370,6578,336,334,6346,352,260,5818,289,289,12.83,10.72,10.19,9.64,9.93
50,9012.29,4500,194,218,4706,193,184,4766,197,229,4894,202,211,4848,246,247,9.16,8.01,8.94,8.44,10.17
51,9012.30,4159,218,304,4025,203,236,4116,186,179,4032,199,195,4009,210,220,12.55,10.91,8.87,9.77,10.73
52,9012.31,7405,427,549,6580,464,617,6456,450,635,6048,423,529,6057,406,554,13.18,16.43,16.81,15.74,15.85
53,9012.32,6564,399,318,6293,345,305,6141,338,335,5969,303,284,5555,246,328,10.92,10.33,10.96,9.83,10.33
54,9012.33,7514,411,418,7242,370,388,6851,395,398,6851,356,336,6555,398,296,11.03,10.47,11.57,10.1,10.59
55,9012.34,3576,196,260,3193,209,227,2986,215,237,3046,193,250,2948,173,237,12.75,13.65,15.14,14.54,13.91
56,9012.35,2932,185,171,2875,141,172,3004,153,137,3033,180,139,2983,164,138,12.14,10.89,9.65,10.52,10.12
57,9012.36,6711,284,389,6762,295,343,6419,250,338,6453,286,248,6054,268,184,10.03,9.44,9.16,8.28,7.47
58,9012.37,3138,63,106,3079,37,50,2982,53,88,3165,44,81,2933,52,57,5.39,2.83,4.73,3.95,3.72
59,9013.03,5264,213,186,5242,168,147,5165,162,139,4933,135,145,4682,136,156,7.58,6.01,5.83,5.68,6.24
60,9013.04,3172,260,180,3181,251,185,3235,262,190,3121,231,169,2987,183,156,13.87,13.71,13.97,12.82,11.35
61,9013.05,4670,218,375,3944,189,308,4070,175,288,3680,178,213,3581,169,196,12.7,12.6,11.38,10.62,10.19
62,9013.06,5417,457,667,5068,443,584,5259,472,583,5266,434,550,4903,422,508,20.75,20.26,20.06,18.69,18.97
63,9014.03,7455,365,232,7489,430,358,7258,364,404,7684,310,411,6933,185,409,8.01,10.52,10.58,9.38,8.57
64,9014.07,4160,161,135,4207,138,120,4385,144,44,4220,181,44,4276,143,64,7.12,6.13,4.29,5.33,4.84
65,9014.09,9064,150,342,9185,179,393,9046,157,371,8770,209,421,8290,172,320,5.43,6.23,5.84,7.18,5.93
66,9014.11,6049,457,479,5901,471,418,6030,448,402,6137,452,379,5948,344,395,15.47,15.07,14.1,13.54,12.42
67,9014.12,6825,180,155,7645,166,184,7753,160,149,7671,128,105,7444,102,90,4.91,4.58,3.99,3.04,2.58
68,9014.13,4625,121,74,4321,98,121,4425,69,167,4254,64,144,4218,39,139,4.22,5.07,5.33,4.89,4.22
69,9014.14,5400,489,579,5453,384,538,5466,379,541,5242,409,493,5183,449,422,19.78,16.91,16.83,17.21,16.8
70,9014.15,4689,225,149,4498,237,102,4403,228,102,4526,191,107,4433,181,108,7.98,7.54,7.49,6.58,6.52
71,9014.16,5248,101,136,5129,108,91,5143,84,95,4982,112,66,5086,68,51,4.52,3.88,3.48,3.57,2.34
72,9014.17,3134,183,206,3054,210,201,2914,223,194,2666,208,186,2535,179,166,12.41,13.46,14.31,14.78,13.61
73,9014.18,5331,40,236,4338,72,359,4256,74,262,3885,79,280,4060,39,167,5.18,9.94,7.89,9.24,5.07
74,9014.19,3985,125,120,3801,104,90,3837,112,78,4076,80,67,4257,152,167,6.15,5.1,4.95,3.61,7.49
75,9014.20,3923,58,203,4184,87,177,4328,67,149,4273,90,71,4495,85,54,6.65,6.31,4.99,3.77,3.09
76,9014.21,5497,100,300,5336,92,276,5416,101,185,5248,96,198,4733,80,187,7.28,6.9,5.28,5.6,5.64
77,9015.03,5695,521,529,5509,500,501,5327,527,476,5351,490,482,5320,499,518,18.44,18.17,18.83,18.16,19.12
78,9015.04,4892,1226,1976,4897,1249,1795,4756,1257,1788,4464,1213,1740,4433,1163,1744,65.45,62.16,64.02,66.15,65.58
79,9015.05,7574,475,486,7208,479,445,7237,414,395,7555,323,302,7301,276,353,12.69,12.82,11.18,8.27,8.62
80,9015.06,6590,177,247,6803,163,211,7010,186,211,7071,197,144,7081,110,148,6.43,5.5,5.66,4.82,3.64
81,9015.07,2978,126,110,2954,119,93,2874,125,84,2815,116,85,2827,122,54,7.92,7.18,7.27,7.14,6.23
82,9015.08,6261,159,271,6035,141,289,5770,186,308,5898,175,246,5847,240,367,6.87,7.13,8.56,7.14,10.38
83,9015.09,8086,493,600,7915,347,401,7727,325,344,7478,300,336,6899,341,418,13.52,9.45,8.66,8.5,11.0
84,9015.10,6049,397,415,6380,403,436,6476,298,353,6383,345,430,5997,259,334,13.42,13.15,10.05,12.14,9.89
85,9015.11,4469,627,984,4515,610,938,4381,562,908,4221,591,878,3978,589,823,36.05,34.29,33.55,34.8,35.5
86,9016.01,4367,285,409,3651,227,304,4688,266,363,4146,219,264,3973,139,159,15.89,14.54,13.42,11.65,7.5
87,9016.02,7650,332,293,7912,312,387,8377,291,433,7986,195,463,8098,195,468,8.17,8.83,8.64,8.24,8.19
88,9017.02,4831,213,190,4815,200,170,4641,173,188,4455,134,163,4356,130,163,8.34,7.68,7.78,6.67,6.73
89,9017.03,2750,94,151,2574,103,146,2418,117,118,2770,103,108,2518,105,139,8.91,9.67,9.72,7.62,9.69
90,9017.04,7269,560,312,7116,506,274,6582,476,262,7151,411,249,6971,293,148,12.0,10.96,11.21,9.23,6.33
91,9019,7256,249,310,8141,277,330,7729,259,314,7155,189,252,6702,238,149,7.7,7.46,7.41,6.16,5.77
92,9801,0,0,0,0,0,0,0,0,0,0,0,0,0,0,0,,,,,
