censustract,child_dependency_ratio_2024,child_dependency_ratio_2023,child_dependency_ratio_2022,child_dependency_ratio_2021,child_dependency_ratio_2020,old_age_dependency_ratio_2024,old_age_dependency_ratio_2023,old_age_dependency_ratio_2022,old_age_dependency_ratio_2021,old_age_dependency_ratio_2020,age_dependency_ratio_2024,age_dependency_ratio_2023,age_dependency_ratio_2022,age_dependency_ratio_2021,age_dependency_ratio_2020
9001,10.08,10.84,17.29,23.35,26.62,44.09,47.11,50.1,49.65,42.27,54.17,57.95,67.39,73.0,68.89
9002.01,27.47,25.78,24.45,26.4,19.56,10.87,12.72,9.67,8.67,10.37,38.339999999999996,38.5,34.12,35.07,29.93
9002.02,21.84,21.73,23.12,28.5,27.58,15.8,15.34,8.76,11.58,11.12,37.64,37.07,31.880000000000003,40.08,38.699999999999996
9002.03,45.46,55.0,50.38,47.06,45.63,11.42,6.85,9.18,7.42,8.53,56.88,61.85,59.56,54.480000000000004,54.160000000000004
9003.01,27.19,25.91,26.06,20.84,18.94,17.65,15.27,12.32,10.04,9.69,44.84,41.18,38.379999999999995,30.88,28.630000000000003
9003.02,27.38,31.25,27.65,27.3,30.5,14.6,13.68,8.82,7.89,7.61,41.98,44.93,36.47,35.19,38.11
9004.03,43.54,38.21,44.47,44.83,39.02,18.78,18.55,20.81,17.39,22.2,62.32,56.760000000000005,65.28,62.22,61.22
9004.04,24.25,29.19,27.9,26.77,29.78,14.06,13.33,11.28,11.9,10.34,38.31,42.52,39.18,38.67,40.120000000000005
9004.07,34.15,30.93,31.66,31.74,28.78,15.17,12.44,12.6,15.13,11.73,49.32,43.37,44.26,46.87,40.510000000000005
9004.08,42.81,43.55,43.44,42.93,39.56,13.37,11.23,10.72,11.31,10.0,56.18,54.78,54.16,54.24,49.56
9004.09,26.02,23.82,22.5,24.67,25.59,19.87,17.65,16.98,15.48,16.35,45.89,41.47,39.480000000000004,40.150000000000006,41.94
9004.10,34.04,36.03,33.73,30.11,31.3,8.17,7.99,5.41,4.56,4.48,42.21,44.02,39.14,34.67,35.78
9005.02,23.07,30.26,33.34,33.69,32.23,12.54,12.8,12.71,6.89,4.94,35.61,43.06,46.050000000000004,40.58,37.169999999999995
9005.03,19.4,26.2,29.74,31.21,35.14,13.75,13.13,12.91,9.28,10.94,33.15,39.33,42.65,40.49,46.08
9005.04,44.63,39.22,41.14,39.96,40.99,14.63,17.74,17.63,16.61,16.07,59.260000000000005,56.959999999999994,58.769999999999996,56.57,57.06
9006.01,26.91,26.61,41.47,39.86,44.29,17.08,11.35,13.77,13.2,10.63,43.989999999999995,37.96,55.239999999999995,53.06,54.92
9006.02,23.37,22.2,27.66,32.99,31.21,7.3,7.78,7.3,9.27,7.8,30.67,29.98,34.96,42.260000000000005,39.01
9007.01,27.94,34.45,24.02,29.67,33.61,10.0,8.84,8.96,8.94,3.92,37.94,43.290000000000006,32.980000000000004,38.61,37.53
9007.02,31.68,32.38,25.12,31.08,33.3,7.9,11.46,9.04,10.66,10.95,39.58,43.84,34.16,41.739999999999995,44.25
9008.01,28.17,29.11,26.71,24.85,22.62,12.47,14.69,14.62,12.9,14.56,40.64,43.8,41.33,37.75,37.18
9008.03,38.27,39.79,37.27,38.46,34.12,11.17,12.48,8.11,9.39,8.36,49.440000000000005,52.269999999999996,45.38,47.85,42.48
9008.04,39.9,32.7,40.8,45.65,41.02,10.23,11.14,9.67,7.01,12.71,50.129999999999995,43.84,50.47,52.66,53.730000000000004
9009.01,27.1,28.74,29.47,39.54,50.11,9.7,10.53,10.51,10.5,11.31,36.8,39.269999999999996,39.98,50.04,61.42
9009.04,42.15,40.67,39.57,35.16,31.14,9.89,8.45,7.24,8.17,8.14,52.04,49.120000000000005,46.81,43.33,39.28
9009.05,31.65,26.3,29.02,26.71,34.49,17.04,12.98,15.9,12.5,15.61,48.69,39.28,44.92,39.21,50.1
9010.05,37.05,35.89,32.23,34.04,33.5,9.63,9.06,5.84,6.36,5.19,46.68,44.95,38.06999999999999,40.4,38.69
9010.09,51.75,47.52,46.58,49.5,38.33,20.06,19.82,17.42,18.29,17.7,71.81,67.34,64.0,67.78999999999999,56.03
9010.10,36.71,32.73,35.7,37.95,31.64,18.91,16.36,16.61,11.97,10.51,55.620000000000005,49.089999999999996,52.31,49.92,42.15
9010.11,23.94,25.85,26.34,29.5,31.76,14.37,13.74,11.6,12.13,10.71,38.31,39.59,37.94,41.63,42.47
9010.12,30.6,33.05,31.14,38.47,39.33,97.7,86.98,100.67,92.81,112.32,128.3,120.03,131.81,131.28,151.64999999999998
9010.13,22.98,37.86,36.39,32.55,30.82,11.64,12.56,8.34,5.74,5.8,34.620000000000005,50.42,44.730000000000004,38.29,36.62
9010.14,20.39,19.96,21.86,23.07,25.3,10.26,10.44,11.98,12.23,13.35,30.65,30.4,33.84,35.3,38.65
9010.15,29.17,33.49,37.58,33.31,40.07,5.95,6.65,4.34,7.49,12.66,35.120000000000005,40.14,41.92,40.800000000000004,52.730000000000004
9010.16,35.14,41.93,43.51,33.73,30.41,9.15,8.15,10.44,10.24,8.36,44.29,50.08,53.949999999999996,43.97,38.769999999999996
9011.01,23.5,20.37,16.25,11.93,10.17,3.3,2.23,2.65,2.44,2.77,26.8,22.6,18.9,14.37,12.94
9011.02,49.96,46.48,50.74,43.01,47.48,0.0,0.0,0.0,0.0,0.0,49.96,46.48,50.74,43.01,47.48
9012.03,31.35,25.95,27.9,24.09,24.97,22.7,19.98,21.56,21.77,25.09,54.05,45.93,49.459999999999994,45.86,50.06
9012.08,36.23,35.75,34.86,35.42,33.67,60.94,55.69,53.02,60.54,56.34,97.16999999999999,91.44,87.88,95.96000000000001,90.01
9012.09,30.43,28.37,28.76,31.99,28.61,22.53,22.36,19.52,17.13,16.41,52.96,50.730000000000004,48.28,49.12,45.019999999999996
9012.11,27.58,29.22,26.11,26.92,29.51,20.21,14.54,10.18,13.24,13.62,47.79,43.76,36.29,40.160000000000004,43.13
9012.12,30.97,35.43,37.61,34.39,42.44,16.87,13.53,16.26,13.76,11.92,47.84,48.96,53.870000000000005,48.15,54.36
9012.19,19.82,21.0,23.85,24.97,25.68,31.87,30.31,28.99,29.64,29.28,51.69,51.31,52.84,54.61,54.96
9012.21,26.8,29.31,30.26,31.58,34.14,13.74,16.01,14.53,10.72,13.7,40.54,45.32,44.79,42.3,47.84
9012.22,34.7,29.53,27.84,28.6,28.86,19.66,17.44,19.16,17.81,20.91,54.36,46.97,47.0,46.41,49.769999999999996
9012.23,25.01,26.17,26.32,33.56,36.67,20.42,26.48,18.74,20.14,18.78,45.43000000000001,52.650000000000006,45.06,53.7,55.45
9012.24,34.08,32.38,30.49,30.36,38.23,26.49,27.03,26.77,24.63,26.57,60.56999999999999,59.410000000000004,57.26,54.989999999999995,64.8
9012.25,47.66,45.33,37.09,39.62,37.64,21.16,19.06,20.71,20.48,15.33,68.82,64.39,57.800000000000004,60.099999999999994,52.97
9012.26,35.38,36.65,36.25,34.37,33.15,15.23,15.17,16.62,17.65,15.57,50.61,51.82,52.870000000000005,52.019999999999996,48.72
9012.27,34.96,34.19,37.01,39.66,39.35,20.16,12.56,12.39,12.03,13.2,55.120000000000005,46.75,49.4,51.69,52.55
9012.28,36.42,34.92,34.09,29.49,25.33,20.08,16.2,15.21,13.82,13.82,56.5,51.120000000000005,49.300000000000004,43.31,39.15
9012.29,32.77,35.11,36.31,35.09,35.46,13.38,11.77,13.38,12.45,15.33,46.150000000000006,46.879999999999995,49.690000000000005,47.540000000000006,50.79
9012.30,32.11,28.62,30.61,34.54,29.53,18.96,15.75,12.71,14.57,15.56,51.07,44.370000000000005,43.32,49.11,45.09
9012.31,40.68,29.39,29.7,29.74,28.03,21.36,25.44,26.2,24.24,24.11,62.04,54.83,55.9,53.98,52.14
9012.32,25.47,24.68,22.11,18.47,18.82,15.39,14.36,15.03,12.92,13.69,40.86,39.04,37.14,31.39,32.51
9012.33,35.98,28.4,25.45,23.6,23.42,16.86,15.01,16.42,13.89,14.61,52.839999999999996,43.41,41.870000000000005,37.49,38.03
9012.34,27.14,23.41,23.37,24.07,23.32,18.58,19.52,22.01,21.12,19.92,45.72,42.93,45.38,45.19,43.24
9012.35,35.94,35.84,31.94,35.63,31.1,18.79,16.6,14.1,15.94,14.77,54.73,52.440000000000005,46.04,51.57,45.870000000000005
9012.36,35.29,36.21,41.84,44.75,40.82,15.08,14.19,14.3,13.06,11.36,50.37,50.4,56.14,57.81,52.18
9012.37,27.86,26.57,25.43,28.16,31.72,7.28,3.68,6.23,5.27,5.08,35.14,30.25,31.66,33.43,36.8
9013.03,38.68,38.4,34.66,34.91,34.09,11.37,8.85,8.33,8.12,8.92,50.05,47.25,42.989999999999995,43.029999999999994,43.010000000000005
9013.04,32.62,30.71,27.25,27.69,25.8,21.36,20.76,20.67,18.77,16.1,53.98,51.47,47.92,46.46,41.900000000000006
9013.05,29.96,19.03,16.39,14.52,13.76,18.9,17.16,14.94,13.61,12.91,48.86,36.19,31.33,28.13,26.67
9013.06,23.75,21.28,24.12,27.67,28.45,32.4,30.82,31.15,29.34,30.07,56.15,52.1,55.269999999999996,57.010000000000005,58.519999999999996
9014.03,20.53,20.74,23.2,23.57,27.7,10.49,14.2,14.58,12.8,11.97,31.020000000000003,34.94,37.78,36.370000000000005,39.67
9014.07,25.01,24.38,25.58,24.65,27.76,9.58,8.13,5.63,7.02,6.5,34.59,32.51,31.209999999999997,31.669999999999998,34.260000000000005
9014.09,27.33,33.02,30.5,30.87,32.69,7.31,8.83,8.09,10.13,8.37,34.64,41.85,38.59,41.0,41.059999999999995
9014.11,33.78,31.31,35.5,32.48,35.44,24.49,23.29,22.23,20.75,19.21,58.269999999999996,54.599999999999994,57.730000000000004,53.23,54.65
9014.12,32.96,34.94,41.04,41.43,41.78,6.86,6.47,5.85,4.43,3.75,39.82,41.41,46.89,45.86,45.53
9014.13,29.84,33.36,38.25,40.63,37.0,5.72,7.12,7.79,7.23,6.04,35.56,40.48,46.04,47.86,43.04
9014.14,34.66,35.66,33.67,35.67,40.59,33.2,27.6,27.05,28.2,28.4,67.86,63.26,60.72,63.870000000000005,68.99000000000001
9014.15,42.69,36.63,38.4,37.59,39.11,12.37,11.14,11.21,9.7,9.7,55.059999999999995,47.77,49.61,47.290000000000006,48.81
9014.16,44.91,45.56,49.38,44.13,51.71,6.85,5.88,5.39,5.34,3.63,51.76,51.440000000000005,54.77,49.47,55.34
9014.17,29.12,30.2,24.73,22.15,26.37,18.3,20.25,20.83,21.18,19.91,47.42,50.45,45.56,43.33,46.28
9014.18,31.2,30.71,30.28,35.51,29.2,7.16,14.42,11.17,13.8,6.91,38.36,45.13,41.45,49.31,36.11
9014.19,42.15,56.49,57.13,58.75,57.58,9.31,8.42,8.19,5.94,12.77,51.46,64.91,65.32000000000001,64.69,70.35
9014.20,31.63,35.92,32.09,35.44,32.56,9.38,9.15,6.94,5.3,4.23,41.01,45.07,39.03,40.739999999999995,36.790000000000006
9014.21,41.58,49.41,43.98,48.23,46.62,11.11,11.07,8.03,8.8,8.77,52.69,60.48,52.01,57.03,55.39
9015.03,31.51,27.78,24.47,27.44,27.99,29.73,28.37,28.87,28.29,30.25,61.24,56.150000000000006,53.34,55.730000000000004,58.239999999999995
9015.04,18.18,17.35,19.99,25.6,26.01,223.92,192.78,213.53,245.47,240.05,242.1,210.13,233.52,271.07,266.06
9015.05,25.03,23.22,21.24,25.89,30.39,18.17,18.12,15.26,11.35,12.29,43.2,41.34,36.5,37.24,42.68
9015.06,27.11,33.13,32.63,36.65,37.17,8.74,7.74,7.96,6.92,5.19,35.85,40.870000000000005,40.59,43.57,42.36
9015.07,32.59,33.3,33.72,39.26,38.0,11.41,10.31,10.49,10.71,9.16,44.0,43.61,44.21,49.97,47.16
9015.08,34.91,35.22,33.37,34.84,33.06,9.95,10.37,12.49,10.36,15.41,44.86,45.589999999999996,45.86,45.2,48.47
9015.09,42.8,40.17,39.57,42.81,48.63,22.32,14.63,13.23,13.27,18.37,65.12,54.800000000000004,52.8,56.08,67.0
9015.10,35.71,36.81,35.69,43.46,43.38,21.04,20.72,15.16,19.83,15.73,56.75,57.53,50.849999999999994,63.29,59.11
9015.11,34.81,33.83,32.74,32.82,38.25,75.99,69.82,67.03,70.9,76.08,110.8,103.64999999999999,99.77000000000001,103.72,114.33
9016.01,46.51,41.37,51.17,43.31,37.9,27.68,24.06,23.43,18.9,11.18,74.19,65.42999999999999,74.6,62.21,49.08
9016.02,30.89,32.01,33.44,29.91,28.68,11.65,12.79,12.62,11.66,11.47,42.54,44.8,46.059999999999995,41.57,40.15
9017.02,35.91,33.52,36.44,27.31,23.76,12.37,11.11,11.51,9.09,8.92,48.279999999999994,44.63,47.949999999999996,36.4,32.68
9017.03,21.07,22.37,21.68,18.04,17.7,11.84,13.11,13.1,9.73,12.63,32.91,35.480000000000004,34.78,27.77,30.33
9017.04,42.76,41.27,41.16,40.01,38.52,19.46,17.39,17.83,14.24,9.36,62.22,58.660000000000004,58.989999999999995,54.25,47.88
9019,31.47,46.8,42.55,43.06,41.88,10.97,11.83,11.41,9.4,8.69,42.44,58.629999999999995,53.959999999999994,52.46,50.57
9801,,,,,,,,,,,,,,,
