censustract,total_2024,With_SSI_2024,total_2023,With_SSI_2023,total_2022,With_SSI_2022,total_2021,With_SSI_2021,total_2020,With_SSI_2020,prop_SSI_2024,prop_SSI_2023,prop_SSI_2022,prop_SSI_2021,prop_SSI_2020
9001,1627,585,1536,562,1559,606,1550,641,1462,596,35.96,36.59,38.87,41.35,40.77
9002.01,1051,223,1091,251,961,152,880,137,772,132,21.22,23.01,15.82,15.57,17.1
9002.02,1075,258,1055,220,1125,117,1166,155,1130,206,24.0,20.85,10.4,13.29,18.23
9002.03,1490,279,1387,158,1406,199,1419,173,1413,181,18.72,11.39,14.15,12.19,12.81
9003.01,1599,351,1538,303,1503,234,1513,198,1465,194,21.95,19.7,15.57,13.09,13.24
9003.02,2151,252,2107,229,2227,218,2153,198,2056,159,11.72,10.87,9.79,9.2,7.73
9004.03,1938,500,1900,539,1950,462,1903,442,1932,516,25.8,28.37,23.69,23.23,26.71
9004.04,1651,370,1697,371,1744,298,1727,305,1669,312,22.41,21.86,17.09,17.66,18.69
9004.07,2261,549,2329,544,2256,562,2311,582,2253,516,24.28,23.36,24.91,25.18,22.9
9004.08,1566,364,1554,359,1534,287,1549,340,1550,318,23.24,23.1,18.71,21.95,20.52
9004.09,1614,531,1575,506,1579,456,1560,477,1528,529,32.9,32.13,28.88,30.58,34.62
9004.10,2246,274,2096,197,2078,178,1984,128,1946,116,12.2,9.4,8.57,6.45,5.96
9005.02,2004,159,2012,132,2041,174,2059,98,1967,63,7.93,6.56,8.53,4.76,3.2
9005.03,1191,226,1217,163,1229,196,1240,166,1153,144,18.98,13.39,15.95,13.39,12.49
9005.04,1531,343,1425,371,1385,358,1417,376,1296,336,22.4,26.04,25.85,26.53,25.93
9006.01,972,201,975,173,973,110,998,85,949,69,20.68,17.74,11.31,8.52,7.27
9006.02,1466,143,1421,141,1350,130,1333,132,1199,137,9.75,9.92,9.63,9.9,11.43
9007.01,3027,494,2863,350,2530,296,2691,270,2522,31,16.32,12.22,11.7,10.03,1.23
9007.02,2200,443,2271,437,2318,398,2314,434,2323,376,20.14,19.24,17.17,18.76,16.19
9008.01,2262,401,2301,335,2272,306,2281,380,2145,342,17.73,14.56,13.47,16.66,15.94
9008.03,2311,384,2140,385,2104,142,2149,126,2001,149,16.62,17.99,6.75,5.86,7.45
9008.04,1978,270,1934,307,1866,245,1781,151,1537,246,13.65,15.87,13.13,8.48,16.01
9009.01,2040,370,2078,400,1941,406,1912,384,1876,294,18.14,19.25,20.92,20.08,15.67
9009.04,2353,310,1984,327,1768,205,1672,265,1520,267,13.17,16.48,11.6,15.85,17.57
9009.05,1904,374,1868,333,1831,378,1802,365,1692,334,19.64,17.83,20.64,20.26,19.74
9010.05,1931,245,1932,250,1901,201,1894,242,1814,189,12.69,12.94,10.57,12.78,10.42
9010.09,2300,578,2274,594,2239,553,2185,476,2157,396,25.13,26.12,24.7,21.78,18.36
9010.10,1352,370,1391,321,1401,309,1401,232,1324,217,27.37,23.08,22.06,16.56,16.39
9010.11,1946,388,1921,321,1889,325,1874,333,1883,269,19.94,16.71,17.2,17.77,14.29
9010.12,1665,825,1650,871,1634,929,1620,948,1557,1004,49.55,52.79,56.85,58.52,64.48
9010.13,1041,112,1089,158,1120,150,1172,156,1093,153,10.76,14.51,13.39,13.31,14.0
9010.14,1412,302,1442,282,1413,353,1393,334,1355,352,21.39,19.56,24.98,23.98,25.98
9010.15,1134,114,1173,163,1200,160,1237,157,1177,128,10.05,13.9,13.33,12.69,10.88
9010.16,1728,234,1690,289,1580,278,1524,206,1415,144,13.54,17.1,17.59,13.52,10.18
9011.01,652,97,672,83,585,88,534,82,522,67,14.88,12.35,15.04,15.36,12.84
9011.02,817,9,808,10,822,10,782,10,814,9,1.1,1.24,1.22,1.28,1.11
9012.03,1335,468,1363,502,1368,472,1369,473,1364,485,35.06,36.83,34.5,34.55,35.56
9012.08,1285,636,1288,670,1315,680,1272,698,1195,595,49.49,52.02,51.71,54.87,49.79
9012.09,1944,610,1958,619,1964,489,1956,443,1942,423,31.38,31.61,24.9,22.65,21.78
9012.11,1188,353,1237,297,1250,217,1275,243,1187,219,29.71,24.01,17.36,19.06,18.45
9012.12,2231,440,2193,442,2152,594,2134,637,2088,548,19.72,20.16,27.6,29.85,26.25
9012.19,1925,622,1959,635,1961,627,1938,613,1870,582,32.31,32.41,31.97,31.63,31.12
9012.21,2438,397,2313,523,2318,464,2272,435,2180,522,16.28,22.61,20.02,19.15,23.94
9012.22,904,187,880,192,908,232,896,275,855,253,20.69,21.82,25.55,30.69,29.59
9012.23,2210,493,2208,601,2196,450,2136,522,2039,463,22.31,27.22,20.49,24.44,22.71
9012.24,1357,388,1364,424,1362,382,1343,428,1299,492,28.59,31.09,28.05,31.87,37.88
9012.25,1503,395,1533,380,1598,433,1612,367,1530,245,26.28,24.79,27.1,22.77,16.01
9012.26,1728,319,1748,327,1766,371,1735,384,1606,362,18.46,18.71,21.01,22.13,22.54
9012.27,1424,449,1453,318,1495,318,1496,235,1378,227,31.53,21.89,21.27,15.71,16.47
9012.28,1826,453,1826,448,1857,422,1856,378,1822,312,24.81,24.53,22.72,20.37,17.12
9012.29,1313,329,1331,344,1340,348,1358,359,1357,387,25.06,25.85,25.97,26.44,28.52
9012.30,1180,335,1162,285,1190,255,1176,301,1133,314,28.39,24.53,21.43,25.6,27.71
9012.31,2346,372,2192,511,2125,539,1994,490,1829,518,15.86,23.31,25.36,24.57,28.32
9012.32,1821,378,1739,356,1637,315,1490,275,1360,298,20.76,20.47,19.24,18.46,21.91
9012.33,2297,505,2268,475,2281,522,2256,494,2154,498,21.99,20.94,22.88,21.9,23.12
9012.34,1138,316,1049,317,1040,346,1017,342,1002,283,27.77,30.22,33.27,33.63,28.24
9012.35,970,194,972,169,953,156,974,185,970,194,20.0,17.39,16.37,18.99,20.0
9012.36,2103,398,2097,380,1995,296,1965,276,1838,253,18.93,18.12,14.84,14.05,13.76
9012.37,1212,128,1184,75,1160,88,1136,90,1069,86,10.56,6.33,7.59,7.92,8.04
9013.03,1513,237,1519,214,1515,289,1478,231,1408,211,15.66,14.09,19.08,15.63,14.99
9013.04,1002,245,986,269,972,262,926,240,852,213,24.45,27.28,26.95,25.92,25.0
9013.05,1348,443,1277,363,1259,362,1224,286,1174,238,32.86,28.43,28.75,23.37,20.27
9013.06,1793,615,1723,529,1676,568,1647,599,1556,520,34.3,30.7,33.89,36.37,33.42
9014.03,2909,286,2870,389,2812,360,2890,340,2655,293,9.83,13.55,12.8,11.76,11.04
9014.07,1481,281,1530,215,1542,179,1498,208,1456,197,18.97,14.05,11.61,13.89,13.53
9014.09,3115,285,2991,266,2931,275,2834,361,2583,297,9.15,8.89,9.38,12.74,11.5
9014.11,1964,466,1966,484,1964,542,1909,568,1889,529,23.73,24.62,27.6,29.75,28.0
9014.12,2116,201,2170,292,2193,239,2192,190,1981,103,9.5,13.46,10.9,8.67,5.2
9014.13,1331,130,1302,155,1293,128,1273,118,1250,101,9.77,11.9,9.9,9.27,8.08
9014.14,1702,637,1652,552,1609,500,1590,497,1541,449,37.43,33.41,31.08,31.26,29.14
9014.15,1398,251,1383,218,1367,225,1394,226,1353,223,17.95,15.76,16.46,16.21,16.48
9014.16,1425,143,1415,146,1385,138,1371,127,1310,125,10.04,10.32,9.96,9.26,9.54
9014.17,1036,251,1037,292,1029,279,968,256,900,205,24.23,28.16,27.11,26.45,22.78
9014.18,1834,290,1696,462,1615,313,1487,314,1513,230,15.81,27.24,19.38,21.12,15.2
9014.19,1325,151,1309,109,1349,97,1353,60,1413,194,11.4,8.33,7.19,4.43,13.73
9014.20,1086,145,1136,168,1099,144,1053,119,1002,113,13.35,14.79,13.1,11.3,11.28
9014.21,1371,195,1361,152,1367,122,1311,106,1229,118,14.22,11.17,8.92,8.09,9.6
9015.03,1876,521,1878,547,1860,600,1869,568,1794,662,27.77,29.13,32.26,30.39,36.9
9015.04,2617,1907,2578,1845,2560,1818,2456,1774,2471,1797,72.87,71.57,71.02,72.23,72.72
9015.05,2239,492,2255,519,2179,418,2122,359,2067,359,21.97,23.02,19.18,16.92,17.37
9015.06,1819,118,1840,152,1811,179,1813,145,1760,161,6.49,8.26,9.88,8.0,9.15
9015.07,971,161,939,153,911,148,903,143,914,128,16.58,16.29,16.25,15.84,14.0
9015.08,1971,309,1928,326,1802,342,1761,259,1682,285,15.68,16.91,18.98,14.71,16.94
9015.09,2475,554,2433,403,2350,411,2256,372,2111,456,22.38,16.56,17.49,16.49,21.6
9015.10,2143,436,2083,493,2089,433,2002,487,1837,393,20.35,23.67,20.73,24.33,21.39
9015.11,1750,979,1725,979,1699,956,1610,922,1534,896,55.94,56.75,56.27,57.27,58.41
9016.01,1076,319,1019,335,1047,342,1071,298,1049,264,29.65,32.88,32.66,27.82,25.17
9016.02,2625,396,2639,463,2617,515,2579,490,2479,517,15.09,17.54,19.68,19.0,20.86
9017.02,1256,274,1233,281,1243,266,1263,248,1198,237,21.82,22.79,21.4,19.64,19.78
9017.03,740,125,703,121,672,134,650,134,642,194,16.89,17.21,19.94,20.62,30.22
9017.04,1942,466,1969,349,1937,373,1946,420,1905,326,24.0,17.72,19.26,21.58,17.11
9019,2385,329,2351,286,2317,250,2153,249,2117,265,13.79,12.17,10.79,11.57,12.52
9801,0,0,0,0,0,0,0,0,0,0,,,,,
