ID,Raw_Opportunity_Index,Standardized_Opportunity_Index,PWC_Opportunity_Index,Opportunity_Tier,Top_Domain,Socioeconomic_Rank,Housing_Rank,Transportation_Rank,TransportationSafety_Rank,Environmental_Rank,PublicHealth_Rank,Socioeconomic_Score_Weighted,Housing_Score_Weighted,Transportation_Score_Weighted,TransportationSafety_Score_Weighted,Environmental_Score_Weighted,PublicHealth_Score_Weighted
51153900403,5.019148485177283,5.3530192030071015,8,Exceptional Opportunity,PublicHealth,2.0,6.0,3.0,4.0,5.0,1.0,0.3507193149406783,0.0031086332490642696,-0.04672612901300012,-0.023963749735670628,-0.01227558530925808,4.748286001045469
51153900410,0.9437220639790307,1.0064978841929624,8,Exceptional Opportunity,PublicHealth,2.0,3.0,4.0,5.0,6.0,1.0,0.14544090442411056,-0.06371086009120196,0.04006036099550015,0.02776754483164701,-0.009418282986260641,0.8035823968052356
51153900404,1.0935969978514604,1.1663424079080638,8,Exceptional Opportunity,Socioeconomic,1.0,6.0,5.0,3.0,4.0,2.0,0.8129862161112457,-0.0016893729335605624,0.012684901705012467,-0.046255029749842656,-0.01603069758408263,0.33190098030268794
51153900504,2.0776263590042063,2.215828806274181,8,Exceptional Opportunity,Socioeconomic,1.0,5.0,3.0,4.0,6.0,2.0,1.4784438698000477,-0.03104782612194469,-0.08161566013768744,0.0723255859817989,-0.0061098926229944716,0.6456302821049863
51153900803,1.190282087555565,1.2694589312304967,8,Exceptional Opportunity,PublicHealth,2.0,4.0,6.0,3.0,5.0,1.0,0.35709524735174175,-0.033250320857089864,-0.008762739769781253,0.06507556794470451,0.011647819664374861,0.7984765132216151
51153900901,1.682320467579421,1.7942274063339332,8,Exceptional Opportunity,PublicHealth,2.0,4.0,3.0,6.0,5.0,1.0,0.4336750318720941,-0.023821038767248524,-0.038410783417572564,-0.006068963672650259,0.020016758248987597,1.2969294633158106
51153900602,1.1470543840676921,1.2233557470836527,8,Exceptional Opportunity,Socioeconomic,1.0,4.0,5.0,3.0,6.0,2.0,0.7452239678003496,-0.0860253912029393,-0.034272665557270106,0.09354401437570187,-0.0024599144584237474,0.4310443731102739
51153901504,1.2868361688074827,1.3724357314978366,8,Exceptional Opportunity,PublicHealth,2.0,5.0,3.0,4.0,6.0,1.0,-0.2611531557825537,0.017643132474829976,-0.07958054640247579,0.07061759286863628,-0.004347404956747279,1.5436565506057933
51153901403,1.6619419511483364,1.7724933233303024,8,Exceptional Opportunity,PublicHealth,2.0,4.0,3.0,5.0,6.0,1.0,0.558353362503333,-0.06551971983785809,-0.09459270240140007,-0.035293151553068516,0.008379248846804894,1.2906149135905252
51153901704,1.7587442741277357,1.8757348782145102,8,Exceptional Opportunity,PublicHealth,2.0,4.0,3.0,5.0,6.0,1.0,0.925600119355279,-0.057914223216503816,-0.14800244502493712,0.04140014031295098,0.006177851436604041,0.9914828312643428
51153901602,1.36987145578254,1.4609944754794837,8,Exceptional Opportunity,PublicHealth,2.0,5.0,4.0,3.0,6.0,1.0,0.14303236269587716,-0.006420888964555115,-0.01784682005869536,0.023641162736559036,0.004767777528348025,1.2226978618450062
51153901012,1.176142047462289,1.2543783042328829,8,Exceptional Opportunity,PublicHealth,3.0,5.0,4.0,2.0,6.0,1.0,-0.0671943849660928,0.008553124026389766,0.032566028806263775,0.07398732687913846,0.0009226697856121598,1.1273072829309776
51153900701,0.660455006604372,0.704388073697427,7,Exceptional Opportunity,PublicHealth,2.0,3.0,5.0,4.0,6.0,1.0,0.3264317576333756,-0.04783642204335168,-0.023670130823272316,-0.0301825340284459,-0.001269528931568511,0.4369818647976348
51153901407,0.8588109160818431,0.9159384981565944,7,Exceptional Opportunity,Socioeconomic,1.0,4.0,5.0,3.0,6.0,2.0,0.45488498050169784,-0.0514277864083955,-0.02843637901276475,0.07035070401995355,0.004854807766624859,0.4085845892147271
51153901212,0.5823768269613835,0.6211161808257435,7,Exceptional Opportunity,PublicHealth,2.0,6.0,3.0,5.0,4.0,1.0,0.22867178285734788,0.0037956793409583875,0.035991418537154846,0.011344287129727876,-0.019213007973780834,0.32178666706997533
51153900702,0.904158141141249,0.9643021931664085,7,Exceptional Opportunity,PublicHealth,2.0,5.0,4.0,3.0,6.0,1.0,0.21553086764147458,0.006729653122611243,-0.01165891476037231,0.10603969824098142,0.006163375867365589,0.5813534610291885
51153900407,0.6476321064817683,0.6907122020237252,7,Exceptional Opportunity,Socioeconomic,1.0,3.0,5.0,4.0,6.0,2.0,0.40536138788167286,-0.05958251547330249,0.025996536470842574,-0.046911929116463726,-0.015542716560969474,0.3383113432799886
51153900302,0.6312119506488256,0.6731997873681929,7,Exceptional Opportunity,PublicHealth,2.0,4.0,3.0,5.0,6.0,1.0,0.22469588281307776,-0.029469479791631746,0.0341841778148123,0.02759462800206487,-0.009502816593112192,0.3837095584036147
51153901419,0.4716476075830107,0.5030213208276976,7,Exceptional Opportunity,Socioeconomic,1.0,5.0,4.0,3.0,6.0,2.0,0.8087743682761138,-0.060465464931099874,-0.09348079550784683,0.35002412716044584,0.00030537653520339945,-0.5335100039498057
51153901601,0.49558434558751085,0.5285503161490849,7,Exceptional Opportunity,Socioeconomic,1.0,5.0,3.0,4.0,6.0,2.0,0.6847974143135788,-0.010176558628309308,-0.019437606102002066,-0.015521669067004227,-0.001367041856117549,-0.14271019307263463
51153901702,0.5210343841844707,0.5556932759019454,7,Exceptional Opportunity,Socioeconomic,1.0,5.0,3.0,4.0,6.0,2.0,0.9776279618690487,-0.02982616523663516,-0.09043272534013048,0.0318152220498079,-0.009845426856437066,-0.35830448230118317
51153900203,0.8759807605805273,0.9342504703139306,7,Exceptional Opportunity,Socioeconomic,1.0,4.0,5.0,3.0,6.0,2.0,0.6369178514948078,-0.1008959773403381,-0.076422845956147,0.1264578948009338,-0.008485438137508006,0.29840927571877873
51153900601,0.887102301264016,0.9461118091489057,7,Exceptional Opportunity,Socioeconomic,1.0,5.0,3.0,2.0,6.0,4.0,0.88714544104532,0.006963019962410433,-0.020344048536848014,0.021544912113294137,-0.0007804604626032727,-0.007426562857557262
51153900202,0.32342358449485004,0.34493752548250634,6,High Opportunity,Socioeconomic,1.0,5.0,4.0,3.0,6.0,2.0,0.1951417354268154,0.006895097656373807,-0.028062034034401436,0.04022061613336344,-0.005424204913896387,0.11465237422659522
51153901013,0.2735818730567384,0.2917803735817639,6,High Opportunity,Socioeconomic,1.0,4.0,3.0,6.0,5.0,2.0,0.16412861733547798,0.011848289615777646,0.01857212291639499,-0.002020328240074018,0.011299093411668815,0.06975407801749302
51153901016,0.46044451491453076,0.4910730052190743,6,High Opportunity,PublicHealth,2.0,6.0,3.0,4.0,5.0,1.0,0.14253596970004082,-0.00224450374424913,-0.028184774001977813,0.008465099275279999,0.002360469637155071,0.33751225404828183
51153900905,0.38684075773059345,0.4125731706788791,6,High Opportunity,PublicHealth,2.0,6.0,5.0,3.0,4.0,1.0,0.16110118882066568,0.014914132001820735,0.03311897093553551,-0.07704311535408556,0.04424045832466941,0.21050912300198765
51153900502,0.19235581555338047,0.20515120792067337,6,High Opportunity,PublicHealth,2.0,3.0,5.0,4.0,6.0,1.0,-0.08466137589575692,-0.04083465800363566,0.01772003474471548,-0.036286713533272584,-0.003887507902115579,0.34030603614344573
51153901409,0.20629635195694873,0.22001906036395183,6,High Opportunity,PublicHealth,2.0,5.0,3.0,6.0,4.0,1.0,-0.23428503539667037,-0.012696349751414156,0.042235274588112395,-0.009504724380410393,0.014987132308142592,0.40556005458918865
51153901508,0.18807002011162252,0.20058032396144332,6,High Opportunity,PublicHealth,2.0,6.0,4.0,3.0,5.0,1.0,-0.12559497152071017,-0.0009740223744979633,-0.02315034231140996,-0.037566219044212264,0.00207240058257078,0.3732831747798821
51153901900,0.4634618994745967,0.4942911043728633,6,High Opportunity,Socioeconomic,1.0,3.0,5.0,4.0,6.0,2.0,0.40013031809576316,-0.04759168120506106,-0.020649273979988433,-0.027352801321532207,-0.010288340731971697,0.169213678617387
51153901411,0.22078382463300383,0.2354702309493593,6,High Opportunity,PublicHealth,2.0,4.0,5.0,3.0,6.0,1.0,-0.5019561420838792,0.026419743302826565,0.015512876732838432,-0.0766682591774448,0.004756048167820194,0.7527195576908426
51153901211,0.14446703293447083,0.15407689248156728,6,High Opportunity,Socioeconomic,1.0,6.0,4.0,3.0,5.0,2.0,0.33833033922457917,0.01705840640388711,-0.03254215601564829,-0.07094382771281044,-0.018059534037606913,-0.0893761949279298
51153901209,0.2252656981353912,0.24025023596307446,6,High Opportunity,PublicHealth,3.0,6.0,4.0,2.0,5.0,1.0,0.03872586031670103,0.006415535489784659,-0.022709983897951473,-0.05114546174499128,-0.015797708180708504,0.26977745615255677
51153901227,0.20678499300924258,0.22054020552314196,6,High Opportunity,PublicHealth,3.0,5.0,6.0,2.0,4.0,1.0,0.025864081203316333,0.012840033006571395,-0.0024889546523634023,0.03470638568751373,-0.016259900325588123,0.15212334808979264
51153901509,-0.15261567364463383,-0.16276757583726553,5,High Opportunity,Socioeconomic,1.0,4.0,3.0,5.0,6.0,2.0,-0.3983284935558941,0.03462978203446732,0.042842196335925446,0.03057852334011754,0.0009743392092538935,0.13668797899149612
51153900409,-0.08058745623541086,-0.08594808502351203,5,High Opportunity,PublicHealth,4.0,5.0,6.0,3.0,2.0,1.0,0.014480954273780579,0.014314723445234665,-0.010249766286225858,0.015194894574285621,-0.016122403147977426,-0.09820585909450844
51153900301,0.07430882138019357,0.07925179917982657,5,High Opportunity,Socioeconomic,1.0,5.0,3.0,4.0,6.0,2.0,0.46167084061165964,-0.013832233892405538,-0.10028779838693258,0.026591249711010918,-0.0011214526768812117,-0.2987117839862577
51153900503,-0.039839965384358605,-0.042490095756168314,5,High Opportunity,Socioeconomic,1.0,3.0,4.0,5.0,6.0,2.0,0.2413927174915284,-0.030654813490390762,-0.021288778963199226,-0.013129077975782099,-0.008718737012034022,-0.2074412754344809
51153900201,0.11397857621134422,0.12156036207986051,5,High Opportunity,Socioeconomic,1.0,3.0,5.0,4.0,6.0,2.0,0.5405632985305768,-0.0500653640382345,-0.020297493813959518,-0.031092337953990006,0.004248557542179053,-0.32937808405522767
51153901203,0.09672735977191892,0.10316160516956088,5,High Opportunity,Socioeconomic,1.0,6.0,3.0,2.0,4.0,5.0,0.08893000984064228,0.008054058693249596,-0.027402795469859475,0.029845865945269695,-0.01584650543649944,0.013146726199116264
51153901208,0.016038819330362983,0.01710571187972374,5,High Opportunity,PublicHealth,2.0,3.0,6.0,5.0,4.0,1.0,0.09279099313376428,0.02093665936495799,0.0011163842868093428,0.010765911658768333,-0.01344401459976255,-0.0961271145141744
51153901224,-0.09501992658304213,-0.10134059455891622,5,High Opportunity,Socioeconomic,1.0,3.0,4.0,6.0,5.0,2.0,-0.14454206071813128,0.02164250095444006,0.02135824667219007,-0.008790591650510623,-0.015979387535289873,0.03129136569425951
51153900804,-0.020897674454285822,-0.022287775104153307,5,High Opportunity,Socioeconomic,1.0,6.0,4.0,2.0,5.0,3.0,-0.23742856684722913,0.00448806016415164,0.034690559488108424,0.0972948161170806,0.02070357673838903,0.059353879885213595
51153901011,-0.15157442872764132,-0.16165706793893275,5,High Opportunity,Socioeconomic,1.0,5.0,3.0,4.0,6.0,2.0,-0.16515349983132518,0.029003981362041464,0.06930657732212127,0.032294585331940226,-0.011610469196208896,-0.1054156037162102
51153901014,0.10066606693447681,0.10736231274744186,5,High Opportunity,Socioeconomic,1.0,4.0,2.0,6.0,3.0,5.0,0.13387569084778742,0.00893822268773532,-0.051988412883748863,0.005340821752881044,0.013048089026596781,-0.00854834449677487
51153901306,-0.24784461410959266,-0.26433108775495273,4,Moderate Opportunity,Socioeconomic,1.0,3.0,5.0,4.0,6.0,2.0,-0.4136906335683627,0.03964397857569555,0.033895352800519564,-0.03924971720268826,-0.0023175616620616135,0.13387396694730477
51153901503,-0.18813644729182,-0.20065116983744186,4,Moderate Opportunity,Socioeconomic,1.0,4.0,5.0,3.0,6.0,2.0,-0.4827787277343087,0.039111339319332666,0.035023780746493594,0.09118492583863119,-0.01061900293811558,0.13994123747614678
51153901223,-0.19502042113652623,-0.20799306145362692,4,Moderate Opportunity,Socioeconomic,1.0,6.0,4.0,3.0,5.0,2.0,-0.16711594226631535,0.01531983682245605,0.030556189625765763,0.0771721069896933,-0.01569638055517884,-0.13525623175294715
51153900904,-0.2053398512292663,-0.21899893378708424,4,Moderate Opportunity,Socioeconomic,1.0,5.0,4.0,6.0,2.0,3.0,-0.284709301367892,0.018662597805271786,0.019092190983796425,-0.009559121770830858,0.026434655588273525,0.02473912753211489
51153900801,-0.3199659895014227,-0.34124993336390336,4,Moderate Opportunity,Socioeconomic,1.0,3.0,2.0,5.0,6.0,4.0,-0.3721800996565659,0.03580182811663601,0.056345574385116885,-0.01884416200310458,0.014185319262951768,-0.03527444960645685
51153901233,-0.27980295605647965,-0.2984152792553982,4,Moderate Opportunity,Socioeconomic,1.0,3.0,2.0,6.0,4.0,5.0,-0.30983838631479865,0.030486855623622446,0.03542415700149162,-0.0112417244885026,-0.012849479284992395,-0.011784378593300048
51153901418,-0.1805789020540084,-0.1925909012669711,4,Moderate Opportunity,PublicHealth,2.0,4.0,3.0,5.0,6.0,1.0,0.21463357046676107,-0.08907535324509488,-0.11095303196163316,0.042360948743720185,0.002645530834407473,-0.24019056689216908
51153901229,-0.3220346935474221,-0.34345624635031463,4,Moderate Opportunity,PublicHealth,2.0,4.0,3.0,6.0,5.0,1.0,-0.13904703770452487,0.02354387981549625,0.030593007455354537,0.004425599720471352,-0.016044892273568652,-0.22550525056065074
51153901015,-0.25703041129428594,-0.27412791860580465,4,Moderate Opportunity,PublicHealth,4.0,3.0,5.0,2.0,6.0,1.0,0.018819352418643305,-0.05356244846547777,0.01615699458563097,-0.05744471184243622,0.010490058028614156,-0.19148965601926035
51153901221,-0.27609761703465896,-0.2944634633256574,4,Moderate Opportunity,PublicHealth,2.0,3.0,5.0,6.0,4.0,1.0,-0.031177364088896774,-0.019733775346300882,-0.013148006319053175,-0.004783572579905492,-0.018773264736918475,-0.1884816339635842
51153901225,-0.28401739441985707,-0.30291005950660493,4,Moderate Opportunity,Socioeconomic,1.0,6.0,5.0,3.0,4.0,2.0,-0.1318269935579388,0.011136004507425074,-0.012261326511364749,-0.06636836955749903,-0.016434121718465314,-0.06826258758201424
51153900408,-0.40697014895691175,-0.43404155681998335,3,Moderate Opportunity,PublicHealth,2.0,6.0,5.0,3.0,4.0,1.0,0.025206519401376016,-0.0044348199127551965,0.012857287922860729,0.020433785002270968,-0.017312182029984538,-0.44372073934067974
51153901304,-0.5046510571669778,-0.5382201398923645,3,Moderate Opportunity,PublicHealth,2.0,5.0,4.0,3.0,6.0,1.0,0.13231421561790332,0.019755184763744736,0.02451824889816473,0.07006798969465981,-0.005275463697635494,-0.746031232443815
51153901009,-0.6761544076636052,-0.7211317894081642,3,Moderate Opportunity,Socioeconomic,1.0,4.0,6.0,3.0,5.0,2.0,-0.48941305432851717,0.036783603518348036,0.012245296719019694,-0.07360718373692025,-0.015680366661801292,-0.1464827031737343
51153901226,-0.32946106493308464,-0.35137661546342525,3,Moderate Opportunity,Socioeconomic,1.0,3.0,5.0,4.0,6.0,2.0,-0.24633144290807943,0.032807647648379616,0.030132123649507476,-0.03174135244758005,-0.016523994829402457,-0.09780404604590981
51153901228,-0.42948259816422485,-0.45805152051588954,3,Moderate Opportunity,PublicHealth,3.0,4.0,5.0,2.0,6.0,1.0,-0.033582283904446224,0.023917537988342986,0.01917780795636733,-0.07533836509832045,-0.015964218864133784,-0.3476930762420347
51153901231,-0.47992994327807903,-0.5118545924777363,3,Moderate Opportunity,Socioeconomic,1.0,6.0,3.0,4.0,5.0,2.0,-0.28752791847703707,0.002288337142377229,0.055350024011145055,-0.040946477175625766,-0.015450206115303233,-0.19364370266363531
51153901507,-0.672216591897439,-0.716932032521823,3,Moderate Opportunity,PublicHealth,2.0,4.0,5.0,3.0,6.0,1.0,-0.33371762779584707,0.011567781854638137,-0.00864841283909403,0.044512996892122327,-0.0025729231399802227,-0.38335840686927825
51153901219,-0.5284088703031581,-0.5635583083715414,3,Moderate Opportunity,Socioeconomic,1.0,5.0,4.0,3.0,6.0,2.0,-0.49104038781013876,0.029930951802544858,0.03175742009696078,0.03937420285749627,-0.02120905328992902,-0.1172220039600922
51153901237,-0.6998221452521225,-0.7463738905687938,3,Moderate Opportunity,PublicHealth,4.0,6.0,3.0,2.0,5.0,1.0,0.02991548127331619,-0.011009167761932939,0.05481268556617094,-0.0909928854620375,-0.018743999975597798,-0.6638042588920414
51153901421,-0.3872697812159918,-0.41303073254672595,3,Moderate Opportunity,Socioeconomic,1.0,4.0,3.0,6.0,5.0,2.0,-0.4150588461542998,0.03406880740540363,0.0397099041980912,-0.018364888202956058,0.02426873607133232,-0.05189349453356314
51153901505,-0.5839987134159461,-0.6228459541851112,3,Moderate Opportunity,PublicHealth,2.0,4.0,5.0,3.0,6.0,1.0,-0.28112377271918726,0.03437738233404311,0.03332572406936126,-0.03695938256286969,-0.004785296126921934,-0.32883336841037164
51153901230,-0.629889422406094,-0.6717892853476273,3,Moderate Opportunity,PublicHealth,3.0,4.0,5.0,2.0,6.0,1.0,0.03914117770234964,0.03171471391714253,0.019028995730204383,-0.06763022850566451,-0.015771881668529927,-0.6363721995815961
51153901506,-0.7889654869439704,-0.8414469933681884,2,Less Opportunity,PublicHealth,2.0,5.0,3.0,4.0,6.0,1.0,-0.235356539831441,0.009371500112006406,0.02031026940239973,0.019970536894950736,-0.0040443958529056655,-0.5992168576689806
51153900100,-0.706509866156256,-0.7535064746176425,2,Less Opportunity,Socioeconomic,1.0,6.0,4.0,3.0,5.0,2.0,-0.3810182279316891,0.002629094449432623,0.05441879442696848,-0.06224422823459379,0.01183121032813505,-0.3321265091945092
51153901010,-0.8046764471519781,-0.8582030371352767,2,Less Opportunity,PublicHealth,2.0,5.0,3.0,4.0,6.0,1.0,-0.32973323529423376,0.014526510598037931,0.05926306653115942,-0.018218916401618775,-0.013749897328992183,-0.5167639752563308
51153901416,-0.7509094047512279,-0.8008594436332912,2,Less Opportunity,PublicHealth,2.0,5.0,4.0,3.0,6.0,1.0,-0.10236641681582807,0.021695356007065816,0.026270193998594753,-0.05674149602940461,0.008232288301093451,-0.6479993302127492
51153901222,-0.8264032011755539,-0.8813750416796103,2,Less Opportunity,PublicHealth,2.0,6.0,4.0,3.0,5.0,1.0,-0.1829317352721632,0.015957120451595492,0.021859417952134412,0.1539059324058134,-0.01842706152837948,-0.8167668751845545
51153901234,-0.7642262273201816,-0.8150620931753737,2,Less Opportunity,Socioeconomic,1.0,4.0,3.0,6.0,5.0,2.0,-0.48656261945264495,0.03113350891811478,0.05353946681439122,0.007208949732090052,-0.0113818163655911,-0.3581637169665417
51153901236,-0.7401046727359395,-0.7893359873872778,2,Less Opportunity,Socioeconomic,1.0,6.0,4.0,3.0,5.0,2.0,-0.385867970408807,0.014432090221806061,0.03765422160408068,-0.06786984108185616,-0.020062280985454418,-0.3183908920857086
51153901414,-0.7216553286829275,-0.7696594041400759,2,Less Opportunity,Socioeconomic,1.0,4.0,5.0,3.0,6.0,2.0,-0.5027168163197889,0.03186495677083105,0.03128369308535027,-0.03262408525688699,0.008336724365102152,-0.2577998013275351
51153901703,-0.7746598979473057,-0.8261898052543826,2,Less Opportunity,PublicHealth,4.0,3.0,2.0,6.0,5.0,1.0,-0.02799161401705239,0.0384076306545746,-0.044366550921760256,-0.001104710798337296,-0.003799040247345877,-0.7358056126173845
51153901305,-0.7789440636332092,-0.8307589510473857,2,Less Opportunity,PublicHealth,2.0,3.0,4.0,6.0,5.0,1.0,-0.312155149058208,0.02842089084257264,0.017434856100704374,0.003230320044941343,0.007040328545404283,-0.5229153101086239
51153901417,-0.7953166357807544,-0.8482206167795827,2,Less Opportunity,Socioeconomic,1.0,4.0,3.0,6.0,5.0,2.0,-0.4358666450557281,0.024724350851069533,0.030174815678416254,-0.006409436973526583,0.008483053448418883,-0.41642277372940445
51153901005,-0.9099455651920455,-0.9704745931604215,1,Less Opportunity,PublicHealth,2.0,5.0,4.0,3.0,6.0,1.0,-0.45238515668825374,0.03667589915998121,0.03791883036080846,-0.03816512341145351,-0.012149115207712901,-0.481840899405415
51153901102,-1.2837229577611948,-1.369115431537991,1,Less Opportunity,PublicHealth,2.0,6.0,3.0,4.0,5.0,1.0,-0.2095872788104142,-0.06592029625860037,-0.17157394188797928,0.09605539217404924,0.09024719619280751,-1.0229440291710576
51153901232,-1.0364054149905293,-1.1053464755882567,1,Less Opportunity,PublicHealth,2.0,4.0,3.0,6.0,5.0,1.0,-0.4158434600345435,0.032097049274882584,0.035220163678579254,0.005464735055779659,-0.010473962360147589,-0.6828699406050798
51153901101,-1.4208935634357034,-1.5154105428367004,1,Less Opportunity,PublicHealth,5.0,6.0,4.0,2.0,3.0,1.0,-0.062080560213066426,-0.06164440139696145,-0.12289295514295802,-0.23792727622870344,0.1775378780023616,-1.1138862484563756
51153901303,-1.080649007462243,-1.152533125038963,1,Less Opportunity,PublicHealth,2.0,5.0,3.0,4.0,6.0,1.0,-0.20977042941972157,0.03490626897500527,0.07989359876633864,0.0485913861873906,-0.0008211980022287688,-1.0334486339690272
51153901235,-1.3580241066297427,-1.4483590478353434,1,Less Opportunity,PublicHealth,2.0,4.0,6.0,3.0,5.0,1.0,-0.6068784121852442,0.024760848957584472,-0.0005275547671668091,-0.05075493094124065,-0.022500478099872243,-0.7021235795938034
51153901413,-1.2486225838425307,-1.3316802020017,1,Less Opportunity,PublicHealth,2.0,4.0,5.0,3.0,6.0,1.0,-0.3567775467185426,0.035228813510255,0.01596919240610223,-0.06463727560431676,0.006288679743452683,-0.8846944471794812
51153901412,-1.131839004051085,-1.2071282492021926,1,Less Opportunity,PublicHealth,2.0,4.0,5.0,3.0,6.0,1.0,-0.45188026934916775,0.026920405116592116,0.010923913451006215,-0.060279119940890975,0.003957642424476509,-0.6614815757531013
51153901420,-1.1566969419521715,-1.2336397220794437,1,Less Opportunity,PublicHealth,2.0,6.0,4.0,3.0,5.0,1.0,-0.4261690272727951,0.025245138007130376,0.04428191813041883,-0.11185426666023697,0.040595120874733714,-0.7287958250314224
51153901415,-1.030258278083093,-1.0987904348562085,1,Less Opportunity,PublicHealth,2.0,5.0,4.0,3.0,6.0,1.0,-0.48109566599271525,0.01749038658384474,0.047065975997281184,-0.06195164147634074,0.009967313759987573,-0.5617346469551503
51153901510,-1.0217457032232988,-1.0897116086716303,1,Less Opportunity,Socioeconomic,1.0,5.0,3.0,4.0,6.0,2.0,-0.5415646743142837,0.01949539794731685,0.06668123415825748,-0.05016429758906317,-0.0014067438404980145,-0.5147866195850284
51153901511,-0.8809435730343957,-0.9395434060469411,1,Less Opportunity,Socioeconomic,1.0,5.0,4.0,3.0,6.0,2.0,-0.5740460675039897,0.021259946002793732,0.02924522557352692,-0.059029712932264056,-0.0024189260258706204,-0.29595403814859195
