censustract,edu_pop_total_2024,edu_less_than_hs_n_2024,edu_less_than_hs_pct_2024,edu_hs_graduate_n_2024,edu_hs_graduate_pct_2024,edu_some_college_n_2024,edu_some_college_pct_2024,edu_bachelors_plus_n_2024,edu_bachelors_plus_pct_2024,edu_pop_total_2023,edu_less_than_hs_n_2023,edu_less_than_hs_pct_2023,edu_hs_graduate_n_2023,edu_hs_graduate_pct_2023,edu_some_college_n_2023,edu_some_college_pct_2023,edu_bachelors_plus_n_2023,edu_bachelors_plus_pct_2023,edu_pop_total_2022,edu_less_than_hs_n_2022,edu_less_than_hs_pct_2022,edu_hs_graduate_n_2022,edu_hs_graduate_pct_2022,edu_some_college_n_2022,edu_some_college_pct_2022,edu_bachelors_plus_n_2022,edu_bachelors_plus_pct_2022,edu_pop_total_2021,edu_less_than_hs_n_2021,edu_less_than_hs_pct_2021,edu_hs_graduate_n_2021,edu_hs_graduate_pct_2021,edu_some_college_n_2021,edu_some_college_pct_2021,edu_bachelors_plus_n_2021,edu_bachelors_plus_pct_2021,edu_pop_total_2020,edu_less_than_hs_n_2020,edu_less_than_hs_pct_2020,edu_hs_graduate_n_2020,edu_hs_graduate_pct_2020,edu_some_college_n_2020,edu_some_college_pct_2020,edu_bachelors_plus_n_2020,edu_bachelors_plus_pct_2020
9001,2964,92,3.1,374,12.62,863,29.12,1635,55.16,2735,101,3.69,361,13.2,733,26.8,1540,56.31,2852,123,4.31,298,10.45,815,28.58,1616,56.66,2949,156,5.29,359,12.17,830,28.15,1604,54.39,2973,190,6.39,272,9.15,913,30.71,1598,53.75
9002.01,2334,444,19.02,584,25.02,477,20.44,829,35.52,2385,368,15.43,585,24.53,671,28.13,761,31.91,1896,250,13.19,463,24.42,614,32.38,569,30.01,1766,234,13.25,433,24.52,558,31.6,541,30.63,1761,291,16.52,446,25.33,558,31.69,466,26.46
9002.02,2925,468,16.0,1308,44.72,726,24.82,423,14.46,2780,385,13.85,1333,47.95,694,24.96,368,13.24,3191,512,16.05,1431,44.84,804,25.2,444,13.91,3284,754,22.96,1265,38.52,877,26.71,388,11.81,3329,781,23.46,1288,38.69,815,24.48,445,13.37
9002.03,3673,893,24.31,1116,30.38,991,26.98,673,18.32,3090,667,21.59,984,31.84,879,28.45,560,18.12,3084,643,20.85,974,31.58,968,31.39,499,16.18,3111,653,20.99,939,30.18,975,31.34,544,17.49,3083,603,19.56,966,31.33,908,29.45,606,19.66
9003.01,3014,476,15.79,518,17.19,970,32.18,1050,34.84,2859,382,13.36,494,17.28,939,32.84,1044,36.52,2822,320,11.34,449,15.91,1103,39.09,950,33.66,2784,267,9.59,410,14.73,1187,42.64,920,33.05,2786,278,9.98,502,18.02,1126,40.42,880,31.59
9003.02,4144,795,19.18,988,23.84,933,22.51,1428,34.46,3750,606,16.16,741,19.76,1066,28.43,1337,35.65,4204,769,18.29,791,18.82,1177,28.0,1467,34.9,3905,572,14.65,606,15.52,1446,37.03,1281,32.8,4113,631,15.34,853,20.74,1325,32.21,1304,31.7
9004.03,4357,492,11.29,1140,26.16,1429,32.8,1296,29.75,4165,547,13.13,1084,26.03,1188,28.52,1346,32.32,4356,640,14.69,1285,29.5,1138,26.12,1293,29.68,4293,511,11.9,1283,29.89,1168,27.21,1331,31.0,3993,378,9.47,1131,28.32,1197,29.98,1287,32.23
9004.04,4264,914,21.44,1483,34.78,848,19.89,1019,23.9,4310,956,22.18,1362,31.6,901,20.9,1091,25.31,4095,919,22.44,1205,29.43,984,24.03,987,24.1,4159,953,22.91,1189,28.59,1067,25.66,950,22.84,4257,1009,23.7,1045,24.55,1149,26.99,1054,24.76
9004.07,4774,507,10.62,1356,28.4,1692,35.44,1219,25.53,5096,727,14.27,1424,27.94,1752,34.38,1193,23.41,5219,810,15.52,1229,23.55,1854,35.52,1326,25.41,5056,907,17.94,1217,24.07,1717,33.96,1215,24.03,4990,854,17.11,1353,27.11,1674,33.55,1109,22.22
9004.08,3751,454,12.1,821,21.89,1117,29.78,1359,36.23,3740,520,13.9,859,22.97,1067,28.53,1294,34.6,3646,365,10.01,841,23.07,1111,30.47,1329,36.45,3814,348,9.12,1060,27.79,1114,29.21,1292,33.88,3855,282,7.32,1241,32.19,1094,28.38,1238,32.11
9004.09,3721,793,21.31,1025,27.55,906,24.35,997,26.79,3853,881,22.87,833,21.62,1209,31.38,930,24.14,4017,980,24.4,761,18.94,1427,35.52,849,21.14,4082,939,23.0,948,23.22,1394,34.15,801,19.62,4257,1120,26.31,1014,23.82,1281,30.09,842,19.78
9004.10,4109,437,10.64,626,15.23,1280,31.15,1766,42.98,4048,347,8.57,505,12.48,1462,36.12,1734,42.84,4350,411,9.45,664,15.26,1711,39.33,1564,35.95,4313,393,9.11,697,16.16,1709,39.62,1514,35.1,4383,410,9.35,806,18.39,1557,35.52,1610,36.73
9005.02,3719,90,2.42,288,7.74,1241,33.37,2100,56.47,3611,91,2.52,308,8.53,1241,34.37,1971,54.58,3902,188,4.82,296,7.59,1281,32.83,2137,54.77,3811,165,4.33,304,7.98,1328,34.85,2014,52.85,3703,136,3.67,350,9.45,1260,34.03,1957,52.85
9005.03,2586,777,30.05,618,23.9,488,18.87,703,27.18,2814,899,31.95,725,25.76,534,18.98,656,23.31,2798,544,19.44,869,31.06,646,23.09,739,26.41,2783,537,19.3,870,31.26,626,22.49,750,26.95,2760,619,22.43,815,29.53,622,22.54,704,25.51
9005.04,3715,964,25.95,1505,40.51,1005,27.05,241,6.49,3852,1031,26.77,1321,34.29,1102,28.61,398,10.33,3472,783,22.55,1448,41.71,828,23.85,413,11.9,3787,887,23.42,1611,42.54,930,24.56,359,9.48,3682,751,20.4,1360,36.94,1037,28.16,534,14.5
9006.01,2594,315,12.14,949,36.58,680,26.21,650,25.06,2704,506,18.71,813,30.07,693,25.63,692,25.59,2473,500,20.22,534,21.59,604,24.42,835,33.76,2405,563,23.41,573,23.83,503,20.91,766,31.85,2243,689,30.72,423,18.86,509,22.69,622,27.73
9006.02,3016,487,16.15,1230,40.78,720,23.87,579,19.2,3015,340,11.28,1297,43.02,755,25.04,623,20.66,2771,536,19.34,1215,43.85,527,19.02,493,17.79,2987,684,22.9,1120,37.5,584,19.55,599,20.05,2978,766,25.72,864,29.01,632,21.22,716,24.04
9007.01,5903,322,5.45,1378,23.34,1956,33.14,2247,38.07,6091,410,6.73,1503,24.68,2060,33.82,2118,34.77,5538,239,4.32,836,15.1,2089,37.72,2374,42.87,5193,445,8.57,1215,23.4,1647,31.72,1886,36.32,5056,471,9.32,1060,20.97,1809,35.78,1716,33.94
9007.02,6033,1107,18.35,1655,27.43,1287,21.33,1984,32.89,5667,428,7.55,1449,25.57,1237,21.83,2553,45.05,6339,883,13.93,1845,29.11,1292,20.38,2319,36.58,5770,707,12.25,1445,25.04,1441,24.97,2177,37.73,5898,996,16.89,1151,19.52,1788,30.32,1963,33.28
9008.01,5233,320,6.12,1030,19.68,1064,20.33,2819,53.87,5287,421,7.96,985,18.63,1154,21.83,2727,51.58,5307,321,6.05,896,16.88,1280,24.12,2810,52.95,5417,302,5.58,1070,19.75,1406,25.96,2639,48.72,5637,442,7.84,1137,20.17,1514,26.86,2544,45.13
9008.03,4960,497,10.02,949,19.13,2038,41.09,1476,29.76,4390,480,10.93,817,18.61,1779,40.52,1314,29.93,4014,363,9.04,569,14.18,1894,47.18,1188,29.6,3902,362,9.28,456,11.69,1771,45.39,1313,33.65,3639,452,12.42,506,13.9,1406,38.64,1275,35.04
9008.04,3944,276,7.0,678,17.19,928,23.53,2062,52.28,4023,358,8.9,599,14.89,1033,25.68,2033,50.53,3902,247,6.33,747,19.14,1163,29.81,1745,44.72,3816,287,7.52,614,16.09,1147,30.06,1768,46.33,3528,294,8.33,722,20.46,1165,33.02,1347,38.18
9009.01,4412,640,14.51,1520,34.45,1138,25.79,1114,25.25,4505,863,19.16,1171,25.99,1329,29.5,1142,25.35,4299,895,20.82,1168,27.17,1349,31.38,887,20.63,4111,915,22.26,1245,30.28,1173,28.53,778,18.92,4072,917,22.52,1131,27.78,1255,30.82,769,18.89
9009.04,5798,310,5.35,1277,22.02,1545,26.65,2666,45.98,4996,222,4.44,1088,21.78,1553,31.08,2133,42.69,4515,327,7.24,929,20.58,1333,29.52,1926,42.66,4362,451,10.34,1018,23.34,1240,28.43,1653,37.9,4170,475,11.39,919,22.04,1389,33.31,1387,33.26
9009.05,4488,249,5.55,640,14.26,1780,39.66,1819,40.53,4734,292,6.17,804,16.98,1824,38.53,1814,38.32,4521,332,7.34,662,14.64,1552,34.33,1975,43.69,4726,338,7.15,945,20.0,1518,32.12,1925,40.73,4474,328,7.33,866,19.36,1517,33.91,1763,39.41
9010.05,4639,142,3.06,787,16.96,1276,27.51,2434,52.47,4619,115,2.49,782,16.93,1320,28.58,2402,52.0,4621,107,2.32,654,14.15,1269,27.46,2591,56.07,4573,131,2.86,618,13.51,1320,28.87,2504,54.76,4510,143,3.17,592,13.13,1212,26.87,2563,56.83
9010.09,5009,230,4.59,452,9.02,1300,25.95,3027,60.43,5043,373,7.4,485,9.62,1337,26.51,2848,56.47,5101,313,6.14,453,8.88,1332,26.11,3003,58.87,4783,147,3.07,387,8.09,1378,28.81,2871,60.03,4873,137,2.81,509,10.45,1397,28.67,2830,58.08
9010.10,3441,228,6.63,744,21.62,699,20.31,1770,51.44,3520,152,4.32,644,18.3,805,22.87,1919,54.52,3565,80,2.24,636,17.84,816,22.89,2033,57.03,3461,76,2.2,593,17.13,865,24.99,1927,55.68,3363,42,1.25,605,17.99,930,27.65,1786,53.11
9010.11,5138,338,6.58,1256,24.45,1352,26.31,2192,42.66,5063,348,6.87,1434,28.32,1374,27.14,1907,37.67,4809,292,6.07,1139,23.68,1281,26.64,2097,43.61,4548,309,6.79,945,20.78,1188,26.12,2106,46.31,4585,402,8.77,758,16.53,1247,27.2,2178,47.5
9010.12,3012,143,4.75,573,19.02,698,23.17,1598,53.05,3064,133,4.34,614,20.04,680,22.19,1637,53.43,2980,193,6.48,521,17.48,712,23.89,1554,52.15,3182,239,7.51,612,19.23,722,22.69,1609,50.57,3006,189,6.29,608,20.23,671,22.32,1538,51.16
9010.13,2503,237,9.47,586,23.41,864,34.52,816,32.6,2484,262,10.55,519,20.89,903,36.35,800,32.21,2360,255,10.81,446,18.9,932,39.49,727,30.81,2414,324,13.42,438,18.14,1023,42.38,629,26.06,2365,268,11.33,461,19.49,1015,42.92,621,26.26
9010.14,3888,371,9.54,1057,27.19,1093,28.11,1367,35.16,3870,359,9.28,1105,28.55,1029,26.59,1377,35.58,3801,399,10.5,861,22.65,1089,28.65,1452,38.2,3631,432,11.9,685,18.87,1058,29.14,1456,40.1,3578,522,14.59,742,20.74,1014,28.34,1300,36.33
9010.15,2300,130,5.65,493,21.43,974,42.35,703,30.57,2417,123,5.09,376,15.56,1134,46.92,784,32.44,2439,210,8.61,648,26.57,898,36.82,683,28.0,2355,229,9.72,544,23.1,922,39.15,660,28.03,2182,192,8.8,675,30.93,657,30.11,658,30.16
9010.16,4099,412,10.05,1018,24.84,985,24.03,1684,41.08,4039,466,11.54,1014,25.11,968,23.97,1591,39.39,3589,283,7.89,1058,29.48,742,20.67,1506,41.96,3638,424,11.65,879,24.16,731,20.09,1604,44.09,3487,221,6.34,863,24.75,964,27.65,1439,41.27
9011.01,2100,48,2.29,827,39.38,609,29.0,616,29.33,2043,52,2.55,788,38.57,625,30.59,578,28.29,1934,50,2.59,796,41.16,571,29.52,517,26.73,2043,38,1.86,777,38.03,680,33.28,548,26.82,1974,67,3.39,872,44.17,444,22.49,591,29.94
9011.02,2327,0,0.0,851,36.57,949,40.78,527,22.65,2275,0,0.0,754,33.14,948,41.67,573,25.19,2241,0,0.0,765,34.14,956,42.66,520,23.2,2246,10,0.45,719,32.01,953,42.43,564,25.11,2106,8,0.38,797,37.84,735,34.9,566,26.88
9012.03,2761,376,13.62,597,21.62,724,26.22,1064,38.54,2979,424,14.23,652,21.89,797,26.75,1106,37.13,2711,418,15.42,602,22.21,667,24.6,1024,37.77,2913,509,17.47,575,19.74,699,24.0,1130,38.79,2913,620,21.28,618,21.22,628,21.56,1047,35.94
9012.08,2638,277,10.5,572,21.68,624,23.65,1165,44.16,2605,189,7.26,527,20.23,701,26.91,1188,45.6,2707,272,10.05,603,22.28,767,28.33,1065,39.34,2657,257,9.67,630,23.71,725,27.29,1045,39.33,2566,258,10.05,599,23.34,680,26.5,1029,40.1
9012.09,4711,653,13.86,1426,30.27,1094,23.22,1538,32.65,4800,531,11.06,1482,30.88,1241,25.85,1546,32.21,4721,423,8.96,1373,29.08,1257,26.63,1668,35.33,4841,458,9.46,1211,25.02,1538,31.77,1634,33.75,5035,683,13.57,1318,26.18,1394,27.69,1640,32.57
9012.11,3532,772,21.86,1278,36.18,851,24.09,631,17.87,3582,842,23.51,1090,30.43,1005,28.06,645,18.01,3581,822,22.95,1069,29.85,1048,29.27,642,17.93,3571,769,21.53,949,26.58,1102,30.86,751,21.03,3325,611,18.38,984,29.59,1060,31.88,670,20.15
9012.12,4952,945,19.08,910,18.38,1360,27.46,1737,35.08,5205,937,18.0,959,18.42,1549,29.76,1760,33.81,5379,1080,20.08,1034,19.22,1541,28.65,1724,32.05,5616,1031,18.36,1078,19.2,1854,33.01,1653,29.43,5652,1076,19.04,1336,23.64,1763,31.19,1477,26.13
9012.19,4372,149,3.41,472,10.8,1189,27.2,2562,58.6,4381,117,2.67,520,11.87,1311,29.92,2433,55.54,4421,100,2.26,492,11.13,1307,29.56,2522,57.05,4251,92,2.16,505,11.88,1267,29.8,2387,56.15,4259,87,2.04,463,10.87,1285,30.17,2424,56.91
9012.21,5329,306,5.74,1230,23.08,1753,32.9,2040,38.28,4984,205,4.11,1333,26.75,1685,33.81,1761,35.33,4971,125,2.51,1285,25.85,1713,34.46,1848,37.18,4723,171,3.62,1292,27.36,1518,32.14,1742,36.88,4412,207,4.69,1121,25.41,1500,34.0,1584,35.9
9012.22,1913,110,5.75,352,18.4,561,29.33,890,46.52,1949,141,7.23,373,19.14,575,29.5,860,44.13,1994,180,9.03,368,18.46,628,31.49,818,41.02,1906,159,8.34,282,14.8,702,36.83,763,40.03,1988,142,7.14,299,15.04,898,45.17,649,32.65
9012.23,4897,356,7.27,812,16.58,1375,28.08,2354,48.07,4858,488,10.05,714,14.7,1281,26.37,2375,48.89,4768,436,9.14,688,14.43,1263,26.49,2381,49.94,4654,325,6.98,709,15.23,1210,26.0,2410,51.78,4661,333,7.14,875,18.77,1245,26.71,2208,47.37
9012.24,3268,234,7.16,478,14.63,665,20.35,1891,57.86,3259,210,6.44,497,15.25,627,19.24,1925,59.07,3237,217,6.7,538,16.62,823,25.42,1659,51.25,3311,228,6.89,520,15.71,770,23.26,1793,54.15,3562,300,8.42,715,20.07,944,26.5,1603,45.0
9012.25,3309,308,9.31,711,21.49,525,15.87,1765,53.34,3443,297,8.63,776,22.54,601,17.46,1769,51.38,3714,394,10.61,856,23.05,883,23.77,1581,42.57,3657,346,9.46,690,18.87,1061,29.01,1560,42.66,3750,577,15.39,539,14.37,1090,29.07,1544,41.17
9012.26,4573,534,11.68,800,17.49,1473,32.21,1766,38.62,4685,503,10.74,873,18.63,1502,32.06,1807,38.57,4766,409,8.58,1038,21.78,1461,30.65,1858,38.98,4894,397,8.11,1321,26.99,1292,26.4,1884,38.5,4782,306,6.4,1380,28.86,1321,27.62,1775,37.12
9012.27,4043,780,19.29,1489,36.83,812,20.08,962,23.79,4256,847,19.9,1589,37.34,775,18.21,1045,24.55,4210,896,21.28,1385,32.9,894,21.24,1035,24.58,3940,844,21.42,1119,28.4,851,21.6,1126,28.58,3469,592,17.07,971,27.99,913,26.32,993,28.62
9012.28,4515,545,12.07,1352,29.94,1095,24.25,1523,33.73,4608,679,14.74,1342,29.12,948,20.57,1639,35.57,4734,738,15.59,1308,27.63,1118,23.62,1570,33.16,4717,593,12.57,1128,23.91,1396,29.6,1600,33.92,4481,513,11.45,1055,23.54,1352,30.17,1561,34.84
9012.29,3344,328,9.81,753,22.52,1179,35.26,1084,32.42,3409,322,9.45,836,24.52,1255,36.81,996,29.22,3508,410,11.69,849,24.2,1280,36.49,969,27.62,3580,468,13.07,757,21.15,1436,40.11,919,25.67,3558,422,11.86,682,19.17,1545,43.42,909,25.55
9012.30,3104,356,11.47,637,20.52,912,29.38,1199,38.63,3027,403,13.31,637,21.04,940,31.05,1047,34.59,3002,361,12.03,666,22.19,903,30.08,1072,35.71,2851,163,5.72,659,23.11,1037,36.37,992,34.79,2945,133,4.52,659,22.38,1214,41.22,939,31.88
9012.31,5279,178,3.37,1017,19.27,1160,21.97,2924,55.39,5042,193,3.83,989,19.62,1124,22.29,2736,54.26,4930,237,4.81,1081,21.93,1030,20.89,2582,52.37,4531,186,4.11,928,20.48,1053,23.24,2364,52.17,4616,344,7.45,971,21.04,1079,23.38,2222,48.14
9012.32,5188,480,9.25,1052,20.28,1408,27.14,2248,43.33,5017,489,9.75,1075,21.43,1377,27.45,2076,41.38,4968,531,10.69,1143,23.01,1349,27.15,1945,39.15,4974,634,12.75,1246,25.05,1324,26.62,1770,35.59,4599,647,14.07,1196,26.01,1186,25.79,1570,34.14
9012.33,5298,254,4.79,1174,22.16,1459,27.54,2411,45.51,5292,288,5.44,1334,25.21,1320,24.94,2350,44.41,5126,227,4.43,1110,21.65,1395,27.21,2394,46.7,5221,307,5.88,1087,20.82,1587,30.4,2240,42.9,4974,267,5.37,818,16.45,1644,33.05,2245,45.13
9012.34,2726,144,5.28,695,25.5,739,27.11,1148,42.11,2503,197,7.87,541,21.61,595,23.77,1170,46.74,2403,146,6.08,436,18.14,687,28.59,1134,47.19,2386,109,4.57,459,19.24,729,30.55,1089,45.64,2333,147,6.3,392,16.8,737,31.59,1057,45.31
9012.35,2116,38,1.8,250,11.81,437,20.65,1391,65.74,2070,30,1.45,280,13.53,443,21.4,1317,63.62,2190,99,4.52,237,10.82,459,20.96,1395,63.7,2218,101,4.55,198,8.93,545,24.57,1374,61.95,2217,123,5.55,246,11.1,560,25.26,1288,58.1
9012.36,4714,160,3.39,616,13.07,1164,24.69,2774,58.85,4747,257,5.41,651,13.71,1039,21.89,2800,58.98,4453,280,6.29,614,13.79,1026,23.04,2533,56.88,4466,203,4.55,636,14.24,1296,29.02,2331,52.19,4244,183,4.31,649,15.29,1182,27.85,2230,52.54
9012.37,2245,51,2.27,444,19.78,651,29.0,1099,48.95,2223,51,2.29,431,19.39,579,26.05,1162,52.27,2139,91,4.25,390,18.23,542,25.34,1116,52.17,2233,115,5.15,512,22.93,612,27.41,994,44.51,2087,107,5.13,409,19.6,635,30.43,936,44.85
9013.03,3824,380,9.94,554,14.49,885,23.14,2005,52.43,3722,376,10.1,397,10.67,894,24.02,2055,55.21,3753,353,9.41,511,13.62,1066,28.4,1823,48.57,3549,342,9.64,517,14.57,967,27.25,1723,48.55,3373,341,10.11,557,16.51,933,27.66,1542,45.72
9013.04,2373,195,8.22,675,28.45,711,29.96,792,33.38,2398,163,6.8,696,29.02,694,28.94,845,35.24,2493,210,8.42,686,27.52,746,29.92,851,34.14,2396,198,8.26,652,27.21,749,31.26,797,33.26,2303,212,9.21,597,25.92,815,35.39,679,29.48
9013.05,3392,190,5.6,1058,31.19,895,26.39,1249,36.82,3110,144,4.63,968,31.13,841,27.04,1157,37.2,3280,103,3.14,1037,31.62,1005,30.64,1135,34.6,3035,234,7.71,952,31.37,746,24.58,1103,36.34,3008,229,7.61,998,33.18,810,26.93,971,32.28
9013.06,4245,273,6.43,975,22.97,1026,24.17,1971,46.43,4071,188,4.62,946,23.24,1081,26.55,1856,45.59,4112,211,5.13,979,23.81,1252,30.45,1670,40.61,4061,222,5.47,1000,24.62,1199,29.52,1640,40.38,3764,183,4.86,945,25.11,1066,28.32,1570,41.71
9014.03,5515,356,6.46,1119,20.29,1880,34.09,2160,39.17,5669,485,8.56,1194,21.06,1927,33.99,2063,36.39,5504,552,10.03,1122,20.39,1867,33.92,1963,35.66,5789,808,13.96,1178,20.35,1852,31.99,1951,33.7,5141,629,12.23,1269,24.68,1535,29.86,1708,33.22
9014.07,3155,488,15.47,800,25.36,789,25.01,1078,34.17,3209,389,12.12,819,25.52,914,28.48,1087,33.87,3328,688,20.67,807,24.25,937,28.16,896,26.92,3294,824,25.02,725,22.01,825,25.05,920,27.93,3327,705,21.19,733,22.03,784,23.56,1105,33.21
9014.09,6841,484,7.07,1288,18.83,1788,26.14,3281,47.96,6721,474,7.05,1339,19.92,1831,27.24,3077,45.78,6745,716,10.62,1590,23.57,1534,22.74,2905,43.07,6506,543,8.35,1666,25.61,1531,23.53,2766,42.51,5982,519,8.68,1365,22.82,1480,24.74,2618,43.76
9014.11,4538,153,3.37,496,10.93,1039,22.9,2850,62.8,4420,138,3.12,517,11.7,1119,25.32,2646,59.86,4380,160,3.65,626,14.29,1243,28.38,2351,53.68,4529,154,3.4,739,16.32,1354,29.9,2282,50.39,4362,178,4.08,630,14.44,1256,28.79,2298,52.68
9014.12,4692,109,2.32,677,14.43,1126,24.0,2780,59.25,5260,146,2.78,807,15.34,1505,28.61,2802,53.27,5180,129,2.49,723,13.96,1458,28.15,2870,55.41,5159,191,3.7,797,15.45,1325,25.68,2846,55.17,4922,174,3.54,738,14.99,1400,28.44,2610,53.03
9014.13,3278,219,6.68,671,20.47,907,27.67,1481,45.18,2973,103,3.46,608,20.45,751,25.26,1511,50.82,2991,139,4.65,616,20.6,757,25.31,1479,49.45,2798,72,2.57,590,21.09,656,23.45,1480,52.89,2732,42,1.54,582,21.3,621,22.73,1487,54.43
9014.14,3913,178,4.55,573,14.64,1055,26.96,2107,53.85,3938,171,4.34,598,15.19,1053,26.74,2116,53.73,4018,155,3.86,651,16.2,1079,26.85,2133,53.09,3749,219,5.84,651,17.36,1112,29.66,1767,47.13,3690,251,6.8,668,18.1,989,26.8,1782,48.29
9014.15,3166,107,3.38,345,10.9,947,29.91,1767,55.81,3118,122,3.91,356,11.42,981,31.46,1659,53.21,3031,94,3.1,339,11.18,1046,34.51,1552,51.2,3118,78,2.5,408,13.09,997,31.98,1635,52.44,3081,63,2.04,462,15.0,1013,32.88,1543,50.08
9014.16,3483,50,1.44,518,14.87,1005,28.85,1910,54.84,3357,85,2.53,465,13.85,986,29.37,1821,54.24,3204,75,2.34,405,12.64,894,27.9,1830,57.12,3185,95,2.98,503,15.79,892,28.01,1695,53.22,3085,83,2.69,400,12.97,949,30.76,1653,53.58
9014.17,2363,107,4.53,623,26.36,523,22.13,1110,46.97,2296,162,7.06,579,25.22,483,21.04,1072,46.69,2238,125,5.59,600,26.81,474,21.18,1039,46.43,2083,128,6.14,555,26.64,412,19.78,988,47.43,1969,86,4.37,457,23.21,454,23.06,972,49.37
9014.18,3955,870,22.0,694,17.55,840,21.24,1551,39.22,3306,693,20.96,608,18.39,542,16.39,1463,44.25,3220,616,19.13,641,19.91,839,26.06,1124,34.91,2883,537,18.63,518,17.97,634,21.99,1194,41.42,3140,430,13.69,667,21.24,645,20.54,1398,44.52
9014.19,2722,563,20.68,884,32.48,384,14.11,891,32.73,2398,533,22.23,807,33.65,355,14.8,703,29.32,2464,638,25.89,761,30.88,275,11.16,790,32.06,2586,709,27.42,702,27.15,314,12.14,861,33.29,2818,787,27.93,759,26.93,337,11.96,935,33.18
9014.20,2473,58,2.35,472,19.09,641,25.92,1302,52.65,2587,82,3.17,420,16.24,683,26.4,1402,54.19,2693,188,6.98,509,18.9,809,30.04,1187,44.08,2618,185,7.07,431,16.46,740,28.27,1262,48.2,2670,247,9.25,437,16.37,756,28.31,1230,46.07
9014.21,3652,127,3.48,983,26.92,854,23.38,1688,46.22,3391,112,3.3,883,26.04,778,22.94,1618,47.71,3475,157,4.52,707,20.35,781,22.47,1830,52.66,3310,157,4.74,589,17.79,703,21.24,1861,56.22,2987,169,5.66,524,17.54,668,22.36,1626,54.44
9015.03,4170,135,3.24,947,22.71,1066,25.56,2022,48.49,4086,130,3.18,818,20.02,1132,27.7,2006,49.09,3964,164,4.14,668,16.85,1093,27.57,2039,51.44,3967,128,3.23,709,17.87,1080,27.22,2050,51.68,3998,171,4.28,837,20.94,1001,25.04,1989,49.75
9015.04,4441,107,2.41,713,16.05,1178,26.53,2443,55.01,4418,98,2.22,688,15.57,1217,27.55,2415,54.66,4301,72,1.67,719,16.72,1227,28.53,2283,53.08,4014,47,1.17,707,17.61,1263,31.46,1997,49.75,3998,63,1.58,745,18.63,1273,31.84,1917,47.95
9015.05,5777,271,4.69,696,12.05,1034,17.9,3776,65.36,5517,351,6.36,571,10.35,1074,19.47,3521,63.82,5621,471,8.38,552,9.82,1488,26.47,3110,55.33,5552,388,6.99,648,11.67,1579,28.44,2937,52.9,5283,364,6.89,504,9.54,1701,32.2,2714,51.37
9015.06,4944,469,9.49,1162,23.5,1330,26.9,1983,40.11,4826,491,10.17,1051,21.78,1369,28.37,1915,39.68,4993,544,10.9,1193,23.89,1306,26.16,1950,39.05,4907,461,9.39,1263,25.74,1270,25.88,1913,38.99,4874,441,9.05,1172,24.05,1288,26.43,1973,40.48
9015.07,2179,150,6.88,557,25.56,617,28.32,855,39.24,2125,136,6.4,518,24.38,621,29.22,850,40.0,2040,136,6.67,451,22.11,589,28.87,864,42.35,1926,92,4.78,421,21.86,580,30.11,833,43.25,1917,65,3.39,371,19.35,667,34.79,814,42.46
9015.08,4559,225,4.94,1205,26.43,1043,22.88,2086,45.76,4399,285,6.48,1159,26.35,1089,24.76,1866,42.42,4207,320,7.61,925,21.99,1148,27.29,1814,43.12,4187,218,5.21,1053,25.15,1081,25.82,1835,43.83,4215,217,5.15,1023,24.27,1110,26.33,1865,44.25
9015.09,5675,236,4.16,900,15.86,1153,20.32,3386,59.67,5556,222,4.0,972,17.49,1207,21.72,3155,56.79,5434,192,3.53,1020,18.77,1144,21.05,3078,56.64,5170,152,2.94,983,19.01,1155,22.34,2880,55.71,4739,178,3.76,789,16.65,1329,28.04,2443,51.55
9015.10,4401,42,0.95,607,13.79,984,22.36,2768,62.89,4524,68,1.5,682,15.08,1183,26.15,2591,57.27,4566,132,2.89,677,14.83,1221,26.74,2536,55.54,4352,137,3.15,604,13.88,1234,28.35,2377,54.62,4019,131,3.26,468,11.64,1187,29.53,2233,55.56
9015.11,3517,77,2.19,353,10.04,770,21.89,2317,65.88,3483,96,2.76,349,10.02,774,22.22,2264,65.0,3367,95,2.82,255,7.57,890,26.43,2127,63.17,3280,115,3.51,259,7.9,851,25.95,2055,62.65,3121,90,2.88,185,5.93,935,29.96,1911,61.23
9016.01,3037,726,23.91,959,31.58,786,25.88,566,18.64,2614,601,22.99,845,32.33,666,25.48,502,19.2,3138,722,23.01,1051,33.49,861,27.44,504,16.06,2921,579,19.82,1020,34.92,784,26.84,538,18.42,2774,485,17.48,814,29.34,869,31.33,606,21.85
9016.02,5858,1030,17.58,1775,30.3,1540,26.29,1513,25.83,6026,923,15.32,1645,27.3,1695,28.13,1763,29.26,6275,860,13.71,1832,29.2,1782,28.4,1801,28.7,6076,732,12.05,1336,21.99,2074,34.13,1934,31.83,6147,824,13.4,1258,20.47,2111,34.34,1954,31.79
9017.02,3424,1257,36.71,1094,31.95,727,21.23,346,10.11,3441,1250,36.33,1107,32.17,802,23.31,282,8.2,3363,1125,33.45,1201,35.71,729,21.68,308,9.16,3429,1151,33.57,1411,41.15,712,20.76,155,4.52,3415,1063,31.13,1188,34.79,947,27.73,217,6.35
9017.03,2139,414,19.35,884,41.33,463,21.65,378,17.67,1911,406,21.25,648,33.91,467,24.44,390,20.41,1820,455,25.0,547,30.05,464,25.49,354,19.45,2192,742,33.85,806,36.77,425,19.39,219,9.99,2013,719,35.72,603,29.96,437,21.71,254,12.62
9017.04,5066,1715,33.85,1640,32.37,752,14.84,959,18.93,5083,1223,24.06,1773,34.88,953,18.75,1134,22.31,4722,1092,23.13,1749,37.04,921,19.5,960,20.33,5164,1352,26.18,1849,35.81,987,19.11,976,18.9,4987,1722,34.53,1380,27.67,1080,21.66,805,16.14
9019,5257,1039,19.76,1173,22.31,1485,28.25,1560,29.67,5700,1125,19.74,1283,22.51,1787,31.35,1505,26.4,5406,1153,21.33,1463,27.06,1722,31.85,1068,19.76,4905,1099,22.41,1470,29.97,1289,26.28,1047,21.35,4605,1168,25.36,1193,25.91,1173,25.47,1071,23.26
9801,0,0,,0,,0,,0,,0,0,,0,,0,,0,,0,0,,0,,0,,0,,0,0,,0,,0,,0,,0,0,,0,,0,,0,
