censustract,total_2024,hispanic_2024,total_2023,hispanic_2023,total_2022,hispanic_2022,total_2021,hispanic_2021,total_2020,hispanic_2020,Hispanic_Proportion_2024,Hispanic_Proportion_2023,Hispanic_Proportion_2022,Hispanic_Proportion_2021,Hispanic_Proportion_2020
9001,3196,574,3001,560,3234,566,3467,577,3616,456,17.96,18.66,17.5,16.64,12.61
9002.01,3117,1644,3180,1608,2441,1104,2338,943,2192,939,52.74,50.57,45.23,40.33,42.84
9002.02,3668,1909,3520,1778,4124,2321,4271,2400,4254,2566,52.04,50.51,56.28,56.19,60.32
9002.03,5442,1999,4891,1630,4589,1355,4579,1408,4463,1382,36.73,33.33,29.53,30.75,30.97
9003.01,3750,696,3514,799,3494,658,3442,601,3410,632,18.56,22.74,18.83,17.46,18.53
9003.02,5523,1709,5032,1534,5463,1732,5106,1286,5443,1620,30.94,30.48,31.7,25.19,29.76
9004.03,6319,1831,5789,1709,6107,2323,6195,2339,5541,1779,28.98,29.52,38.04,37.76,32.11
9004.04,5607,3003,5893,3406,5702,3013,5652,3160,5933,3300,53.56,57.8,52.84,55.91,55.62
9004.07,6537,1893,6916,2340,7089,2374,6825,2255,6670,2210,28.96,33.83,33.49,33.04,33.13
9004.08,5385,1538,5473,1618,5334,1356,5497,1414,5429,1527,28.56,29.56,25.42,25.72,28.13
9004.09,4670,1738,4834,1809,5003,1968,5170,2212,5375,2332,37.22,37.42,39.34,42.79,43.39
9004.10,5606,870,5588,676,5891,561,5675,758,5886,1018,15.52,12.1,9.52,13.36,17.3
9005.02,4562,771,4718,627,5112,767,5120,809,5026,663,16.9,13.29,15.0,15.8,13.19
9005.03,3350,1809,3787,2105,3823,1995,3768,1833,3820,2132,54.0,55.58,52.18,48.65,55.81
9005.04,5563,3828,5459,4179,5079,3571,5466,4319,5406,3954,68.81,76.55,70.31,79.02,73.14
9006.01,3280,1738,3453,2229,3620,1378,3525,1351,3351,1684,52.99,64.55,38.07,38.33,50.25
9006.02,3757,1205,3694,1346,3586,1327,3989,1711,3973,1539,32.07,36.44,37.01,42.89,38.74
9007.01,7588,1626,8102,2179,7048,572,6681,877,6764,1042,21.43,26.89,8.12,13.13,15.41
9007.02,8341,4311,7796,2489,8311,3755,7858,2840,8048,2719,51.68,31.93,45.18,36.14,33.78
9008.01,6990,982,7078,1176,7017,795,7057,773,7217,1485,14.05,16.61,11.33,10.95,20.58
9008.03,6771,1516,6127,1373,5718,1002,5620,1153,5182,1015,22.39,22.41,17.52,20.52,19.59
9008.04,5768,632,5564,821,5694,823,5879,1133,5130,804,10.96,14.76,14.45,19.27,15.67
9009.01,6123,2122,6363,2187,6033,2209,6185,2424,6336,2539,34.66,34.37,36.62,39.19,40.07
9009.04,8689,1237,7498,591,6634,703,6457,1020,5957,851,14.24,7.88,10.6,15.8,14.29
9009.05,6083,1013,6301,1089,6152,1092,6270,1317,6124,854,16.65,17.28,17.75,21.0,13.95
9010.05,6960,1344,6849,1342,6623,1074,6583,968,6463,966,19.31,19.59,16.22,14.7,14.95
9010.09,7467,728,7328,770,7436,699,7118,584,6973,509,9.75,10.51,9.4,8.2,7.3
9010.10,4790,696,4765,496,4906,647,4910,821,4587,716,14.53,10.41,13.19,16.72,15.61
9010.11,6564,993,6534,1162,6257,915,6073,784,6173,870,15.13,17.78,14.62,12.91,14.09
9010.12,3566,302,3668,332,3484,374,3860,463,3596,394,8.47,9.05,10.73,11.99,10.96
9010.13,3076,1016,3425,1017,3349,1159,3467,1137,3369,908,33.03,29.69,34.61,32.79,26.95
9010.14,5094,1224,5083,1211,4983,955,4844,481,4642,496,24.03,23.82,19.17,9.93,10.69
9010.15,3386,409,3561,481,3561,538,3420,644,3270,540,12.08,13.51,15.11,18.83,16.51
9010.16,5979,1844,6020,1771,5428,1404,5160,1174,4778,1349,30.84,29.42,25.87,22.75,28.23
9011.01,2612,491,2474,470,2290,301,2348,502,2243,503,18.8,19.0,13.14,21.38,22.43
9011.02,3560,765,3347,592,3378,603,3212,735,3106,680,21.49,17.69,17.85,22.88,21.89
9012.03,3671,1063,3835,1178,3536,1118,3766,1223,3786,1336,28.96,30.72,31.62,32.47,35.29
9012.08,3407,866,3379,431,3519,722,3441,707,3386,733,25.42,12.76,20.52,20.55,21.65
9012.09,6559,2126,6605,2110,6564,1941,6791,1646,7239,1903,32.41,31.95,29.57,24.24,26.29
9012.11,4512,2171,4757,2416,4792,2399,4754,2253,4520,1957,48.12,50.79,50.06,47.39,43.3
9012.12,6641,2973,7299,2978,7569,3084,7849,2953,8354,3141,44.77,40.8,40.75,37.62,37.6
9012.19,5335,620,5376,713,5493,424,5331,220,5467,307,11.62,13.26,7.72,4.13,5.62
9012.21,6771,708,6410,622,6449,617,6277,711,5872,418,10.46,9.7,9.57,11.33,7.12
9012.22,2567,469,2553,513,2624,484,2565,417,2657,373,18.27,20.09,18.45,16.26,14.04
9012.23,6304,1545,6300,1561,6194,1416,6197,1112,6283,954,24.51,24.78,22.86,17.94,15.18
9012.24,4401,1139,4352,1069,4276,1153,4355,970,4794,1268,25.88,24.56,26.96,22.27,26.45
9012.25,4771,864,4968,1035,4961,1015,5096,1123,5210,1080,18.11,20.83,20.46,22.04,20.73
9012.26,6258,1194,6355,1156,6384,1059,6520,869,6352,436,19.08,18.19,16.59,13.33,6.86
9012.27,5679,2390,6181,2755,6079,2855,5825,2501,5063,1715,42.08,44.57,46.96,42.94,33.87
9012.28,6141,2293,6474,2599,6578,2682,6346,2657,5818,2373,37.34,40.15,40.77,41.87,40.79
9012.29,4500,1212,4706,1198,4766,1262,4894,1236,4848,1018,26.93,25.46,26.48,25.26,21.0
9012.30,4159,844,4025,792,4116,699,4032,596,4009,736,20.29,19.68,16.98,14.78,18.36
9012.31,7405,1640,6580,609,6456,580,6048,365,6057,458,22.15,9.26,8.98,6.04,7.56
9012.32,6564,1141,6293,1040,6141,1053,5969,884,5555,876,17.38,16.53,17.15,14.81,15.77
9012.33,7514,1827,7242,1676,6851,987,6851,1058,6555,831,24.31,23.14,14.41,15.44,12.68
9012.34,3576,614,3193,587,2986,460,3046,371,2948,438,17.17,18.38,15.41,12.18,14.86
9012.35,2932,107,2875,154,3004,60,3033,79,2983,119,3.65,5.36,2.0,2.6,3.99
9012.36,6711,1109,6762,1104,6419,775,6453,709,6054,585,16.53,16.33,12.07,10.99,9.66
9012.37,3138,583,3079,291,2982,605,3165,555,2933,521,18.58,9.45,20.29,17.54,17.76
9013.03,5264,1414,5242,1396,5165,1276,4933,1075,4682,840,26.86,26.63,24.7,21.79,17.94
9013.04,3172,565,3181,534,3235,652,3121,612,2987,632,17.81,16.79,20.15,19.61,21.16
9013.05,4670,915,3944,793,4070,628,3680,609,3581,397,19.59,20.11,15.43,16.55,11.09
9013.06,5417,645,5068,425,5259,660,5266,708,4903,592,11.91,8.39,12.55,13.44,12.07
9014.03,7455,2711,7489,3149,7258,2587,7684,3251,6933,2529,36.36,42.05,35.64,42.31,36.48
9014.07,4160,1489,4207,1313,4385,1717,4220,1818,4276,1715,35.79,31.21,39.16,43.08,40.11
9014.09,9064,1226,9185,1229,9046,1390,8770,1226,8290,1104,13.53,13.38,15.37,13.98,13.32
9014.11,6049,668,5901,912,6030,786,6137,675,5948,502,11.04,15.46,13.03,11.0,8.44
9014.12,6825,568,7645,687,7753,922,7671,905,7444,766,8.32,8.99,11.89,11.8,10.29
9014.13,4625,839,4321,712,4425,684,4254,532,4218,459,18.14,16.48,15.46,12.51,10.88
9014.14,5400,882,5453,527,5466,601,5242,542,5183,658,16.33,9.66,11.0,10.34,12.7
9014.15,4689,800,4498,578,4403,598,4526,594,4433,514,17.06,12.85,13.58,13.12,11.59
9014.16,5248,572,5129,587,5143,635,4982,449,5086,542,10.9,11.44,12.35,9.01,10.66
9014.17,3134,283,3054,334,2914,410,2666,289,2535,124,9.03,10.94,14.07,10.84,4.89
9014.18,5331,2428,4338,1701,4256,1853,3885,1642,4060,1635,45.54,39.21,43.54,42.27,40.27
9014.19,3985,1959,3801,2023,3837,2264,4076,2190,4257,2171,49.16,53.22,59.0,53.73,51.0
9014.20,3923,596,4184,583,4328,577,4273,384,4495,502,15.19,13.93,13.33,8.99,11.17
9014.21,5497,999,5336,1318,5416,1079,5248,1154,4733,1016,18.17,24.7,19.92,21.99,21.47
9015.03,5695,598,5509,504,5327,375,5351,467,5320,708,10.5,9.15,7.04,8.73,13.31
9015.04,4892,307,4897,249,4756,205,4464,203,4433,230,6.28,5.08,4.31,4.55,5.19
9015.05,7574,668,7208,447,7237,556,7555,585,7301,498,8.82,6.2,7.68,7.74,6.82
9015.06,6590,1294,6803,1330,7010,1215,7071,1257,7081,1291,19.64,19.55,17.33,17.78,18.23
9015.07,2978,618,2954,592,2874,603,2815,360,2827,467,20.75,20.04,20.98,12.79,16.52
9015.08,6261,697,6035,641,5770,735,5898,605,5847,430,11.13,10.62,12.74,10.26,7.35
9015.09,8086,984,7915,960,7727,1014,7478,937,6899,773,12.17,12.13,13.12,12.53,11.2
9015.10,6049,748,6380,682,6476,636,6383,486,5997,480,12.37,10.69,9.82,7.61,8.0
9015.11,4469,304,4515,289,4381,254,4221,234,3978,159,6.8,6.4,5.8,5.54,4.0
9016.01,4367,2955,3651,2287,4688,3111,4146,2258,3973,1959,67.67,62.64,66.36,54.46,49.31
9016.02,7650,3960,7912,3819,8377,4164,7986,3406,8098,3358,51.76,48.27,49.71,42.65,41.47
9017.02,4831,3455,4815,3478,4641,3120,4455,3318,4356,3023,71.52,72.23,67.23,74.48,69.4
9017.03,2750,1656,2574,1445,2418,1328,2770,2096,2518,1792,60.22,56.14,54.92,75.67,71.17
9017.04,7269,4957,7116,4609,6582,4260,7151,4430,6971,4343,68.19,64.77,64.72,61.95,62.3
9019,7256,3199,8141,4136,7729,3791,7155,3241,6702,2949,44.09,50.8,49.05,45.3,44.0
9801,0,0,0,0,0,0,0,0,0,0,,,,,
