censustract,unemployment_rate_educational-attainment-population-25-to-64-years-bachelor-s-degree-or-higher_2024,unemployment_rate_educational-attainment-population-25-to-64-years-high-school-graduate-includes-equivalency_2024,unemployment_rate_educational-attainment-population-25-to-64-years-less-than-high-school-graduate_2024,unemployment_rate_educational-attainment-population-25-to-64-years-some-college-or-associate-s-degree_2024,unemployment_rate_educational-attainment-population-25-to-64-years_2024,unemployment_rate_population-16-years-and-over-age-16-to-19-years_2024,unemployment_rate_population-16-years-and-over-age-20-to-24-years_2024,unemployment_rate_population-16-years-and-over-age-25-to-29-years_2024,unemployment_rate_population-16-years-and-over-age-30-to-34-years_2024,unemployment_rate_population-16-years-and-over-age-35-to-44-years_2024,unemployment_rate_population-16-years-and-over-age-45-to-54-years_2024,unemployment_rate_population-16-years-and-over-age-55-to-59-years_2024,unemployment_rate_population-16-years-and-over-age-60-to-64-years_2024,unemployment_rate_population-16-years-and-over-age-65-to-74-years_2024,unemployment_rate_population-16-years-and-over-age-75-years-and-over_2024,unemployment_rate_population-16-years-and-over-race-and-hispanic-or-latino-origin-american-indian-and-alaska-native-alone_2024,unemployment_rate_population-16-years-and-over-race-and-hispanic-or-latino-origin-asian-alone_2024,unemployment_rate_population-16-years-and-over-race-and-hispanic-or-latino-origin-black-or-african-american-alone_2024,unemployment_rate_population-16-years-and-over-race-and-hispanic-or-latino-origin-hispanic-or-latino-origin-of-any-race_2024,unemployment_rate_population-16-years-and-over-race-and-hispanic-or-latino-origin-native-hawaiian-and-other-pacific-islander-alone_2024,unemployment_rate_population-16-years-and-over-race-and-hispanic-or-latino-origin-some-other-race-alone_2024,unemployment_rate_population-16-years-and-over-race-and-hispanic-or-latino-origin-two-or-more-races_2024,unemployment_rate_population-16-years-and-over-race-and-hispanic-or-latino-origin-white-alone-not-hispanic-or-latino_2024,unemployment_rate_population-16-years-and-over-race-and-hispanic-or-latino-origin-white-alone_2024,unemployment_rate_population-16-years-and-over_2024,unemployment_rate_population-20-to-64-years-disability-status-with-any-disability_2024,unemployment_rate_population-20-to-64-years-poverty-status-in-the-past-12-months-at-or-above-the-poverty-level_2024,unemployment_rate_population-20-to-64-years-poverty-status-in-the-past-12-months-below-poverty-level_2024,unemployment_rate_population-20-to-64-years-sex-female-with-own-children-under-18-years-with-own-children-6-to-17-years-only_2024,unemployment_rate_population-20-to-64-years-sex-female-with-own-children-under-18-years-with-own-children-under-6-years-and-6-to-17-years_2024,unemployment_rate_population-20-to-64-years-sex-female-with-own-children-under-18-years-with-own-children-under-6-years-only_2024,unemployment_rate_population-20-to-64-years-sex-female-with-own-children-under-18-years_2024,unemployment_rate_population-20-to-64-years-sex-female_2024,unemployment_rate_population-20-to-64-years-sex-male_2024,unemployment_rate_population-20-to-64-years_2024,unemployment_rate_educational-attainment-population-25-to-64-years-bachelor-s-degree-or-higher_2023,unemployment_rate_educational-attainment-population-25-to-64-years-high-school-graduate-includes-equivalency_2023,unemployment_rate_educational-attainment-population-25-to-64-years-less-than-high-school-graduate_2023,unemployment_rate_educational-attainment-population-25-to-64-years-some-college-or-associate-s-degree_2023,unemployment_rate_educational-attainment-population-25-to-64-years_2023,unemployment_rate_population-16-years-and-over-age-16-to-19-years_2023,unemployment_rate_population-16-years-and-over-age-20-to-24-years_2023,unemployment_rate_population-16-years-and-over-age-25-to-29-years_2023,unemployment_rate_population-16-years-and-over-age-30-to-34-years_2023,unemployment_rate_population-16-years-and-over-age-35-to-44-years_2023,unemployment_rate_population-16-years-and-over-age-45-to-54-years_2023,unemployment_rate_population-16-years-and-over-age-55-to-59-years_2023,unemployment_rate_population-16-years-and-over-age-60-to-64-years_2023,unemployment_rate_population-16-years-and-over-age-65-to-74-years_2023,unemployment_rate_population-16-years-and-over-age-75-years-and-over_2023,unemployment_rate_population-16-years-and-over-race-and-hispanic-or-latino-origin-american-indian-and-alaska-native-alone_2023,unemployment_rate_population-16-years-and-over-race-and-hispanic-or-latino-origin-asian-alone_2023,unemployment_rate_population-16-years-and-over-race-and-hispanic-or-latino-origin-black-or-african-american-alone_2023,unemployment_rate_population-16-years-and-over-race-and-hispanic-or-latino-origin-hispanic-or-latino-origin-of-any-race_2023,unemployment_rate_population-16-years-and-over-race-and-hispanic-or-latino-origin-native-hawaiian-and-other-pacific-islander-alone_2023,unemployment_rate_population-16-years-and-over-race-and-hispanic-or-latino-origin-some-other-race-alone_2023,unemployment_rate_population-16-years-and-over-race-and-hispanic-or-latino-origin-two-or-more-races_2023,unemployment_rate_population-16-years-and-over-race-and-hispanic-or-latino-origin-white-alone-not-hispanic-or-latino_2023,unemployment_rate_population-16-years-and-over-race-and-hispanic-or-latino-origin-white-alone_2023,unemployment_rate_population-16-years-and-over_2023,unemployment_rate_population-20-to-64-years-disability-status-with-any-disability_2023,unemployment_rate_population-20-to-64-years-poverty-status-in-the-past-12-months-at-or-above-the-poverty-level_2023,unemployment_rate_population-20-to-64-years-poverty-status-in-the-past-12-months-below-poverty-level_2023,unemployment_rate_population-20-to-64-years-sex-female-with-own-children-under-18-years-with-own-children-6-to-17-years-only_2023,unemployment_rate_population-20-to-64-years-sex-female-with-own-children-under-18-years-with-own-children-under-6-years-and-6-to-17-years_2023,unemployment_rate_population-20-to-64-years-sex-female-with-own-children-under-18-years-with-own-children-under-6-years-only_2023,unemployment_rate_population-20-to-64-years-sex-female-with-own-children-under-18-years_2023,unemployment_rate_population-20-to-64-years-sex-female_2023,unemployment_rate_population-20-to-64-years-sex-male_2023,unemployment_rate_population-20-to-64-years_2023,unemployment_rate_educational-attainment-population-25-to-64-years-bachelor-s-degree-or-higher_2022,unemployment_rate_educational-attainment-population-25-to-64-years-high-school-graduate-includes-equivalency_2022,unemployment_rate_educational-attainment-population-25-to-64-years-less-than-high-school-graduate_2022,unemployment_rate_educational-attainment-population-25-to-64-years-some-college-or-associate-s-degree_2022,unemployment_rate_educational-attainment-population-25-to-64-years_2022,unemployment_rate_population-16-years-and-over-age-16-to-19-years_2022,unemployment_rate_population-16-years-and-over-age-20-to-24-years_2022,unemployment_rate_population-16-years-and-over-age-25-to-29-years_2022,unemployment_rate_population-16-years-and-over-age-30-to-34-years_2022,unemployment_rate_population-16-years-and-over-age-35-to-44-years_2022,unemployment_rate_population-16-years-and-over-age-45-to-54-years_2022,unemployment_rate_population-16-years-and-over-age-55-to-59-years_2022,unemployment_rate_population-16-years-and-over-age-60-to-64-years_2022,unemployment_rate_population-16-years-and-over-age-65-to-74-years_2022,unemployment_rate_population-16-years-and-over-age-75-years-and-over_2022,unemployment_rate_population-16-years-and-over-race-and-hispanic-or-latino-origin-american-indian-and-alaska-native-alone_2022,unemployment_rate_population-16-years-and-over-race-and-hispanic-or-latino-origin-asian-alone_2022,unemployment_rate_population-16-years-and-over-race-and-hispanic-or-latino-origin-black-or-african-american-alone_2022,unemployment_rate_population-16-years-and-over-race-and-hispanic-or-latino-origin-hispanic-or-latino-origin-of-any-race_2022,unemployment_rate_population-16-years-and-over-race-and-hispanic-or-latino-origin-native-hawaiian-and-other-pacific-islander-alone_2022,unemployment_rate_population-16-years-and-over-race-and-hispanic-or-latino-origin-some-other-race-alone_2022,unemployment_rate_population-16-years-and-over-race-and-hispanic-or-latino-origin-two-or-more-races_2022,unemployment_rate_population-16-years-and-over-race-and-hispanic-or-latino-origin-white-alone-not-hispanic-or-latino_2022,unemployment_rate_population-16-years-and-over-race-and-hispanic-or-latino-origin-white-alone_2022,unemployment_rate_population-16-years-and-over_2022,unemployment_rate_population-20-to-64-years-disability-status-with-any-disability_2022,unemployment_rate_population-20-to-64-years-poverty-status-in-the-past-12-months-at-or-above-the-poverty-level_2022,unemployment_rate_population-20-to-64-years-poverty-status-in-the-past-12-months-below-poverty-level_2022,unemployment_rate_population-20-to-64-years-sex-female-with-own-children-under-18-years-with-own-children-6-to-17-years-only_2022,unemployment_rate_population-20-to-64-years-sex-female-with-own-children-under-18-years-with-own-children-under-6-years-and-6-to-17-years_2022,unemployment_rate_population-20-to-64-years-sex-female-with-own-children-under-18-years-with-own-children-under-6-years-only_2022,unemployment_rate_population-20-to-64-years-sex-female-with-own-children-under-18-years_2022,unemployment_rate_population-20-to-64-years-sex-female_2022,unemployment_rate_population-20-to-64-years-sex-male_2022,unemployment_rate_population-20-to-64-years_2022,unemployment_rate_educational-attainment-population-25-to-64-years-bachelor-s-degree-or-higher_2021,unemployment_rate_educational-attainment-population-25-to-64-years-high-school-graduate-includes-equivalency_2021,unemployment_rate_educational-attainment-population-25-to-64-years-less-than-high-school-graduate_2021,unemployment_rate_educational-attainment-population-25-to-64-years-some-college-or-associate-s-degree_2021,unemployment_rate_educational-attainment-population-25-to-64-years_2021,unemployment_rate_population-16-years-and-over-age-16-to-19-years_2021,unemployment_rate_population-16-years-and-over-age-20-to-24-years_2021,unemployment_rate_population-16-years-and-over-age-25-to-29-years_2021,unemployment_rate_population-16-years-and-over-age-30-to-34-years_2021,unemployment_rate_population-16-years-and-over-age-35-to-44-years_2021,unemployment_rate_population-16-years-and-over-age-45-to-54-years_2021,unemployment_rate_population-16-years-and-over-age-55-to-59-years_2021,unemployment_rate_population-16-years-and-over-age-60-to-64-years_2021,unemployment_rate_population-16-years-and-over-age-65-to-74-years_2021,unemployment_rate_population-16-years-and-over-age-75-years-and-over_2021,unemployment_rate_population-16-years-and-over-race-and-hispanic-or-latino-origin-american-indian-and-alaska-native-alone_2021,unemployment_rate_population-16-years-and-over-race-and-hispanic-or-latino-origin-asian-alone_2021,unemployment_rate_population-16-years-and-over-race-and-hispanic-or-latino-origin-black-or-african-american-alone_2021,unemployment_rate_population-16-years-and-over-race-and-hispanic-or-latino-origin-hispanic-or-latino-origin-of-any-race_2021,unemployment_rate_population-16-years-and-over-race-and-hispanic-or-latino-origin-native-hawaiian-and-other-pacific-islander-alone_2021,unemployment_rate_population-16-years-and-over-race-and-hispanic-or-latino-origin-some-other-race-alone_2021,unemployment_rate_population-16-years-and-over-race-and-hispanic-or-latino-origin-two-or-more-races_2021,unemployment_rate_population-16-years-and-over-race-and-hispanic-or-latino-origin-white-alone-not-hispanic-or-latino_2021,unemployment_rate_population-16-years-and-over-race-and-hispanic-or-latino-origin-white-alone_2021,unemployment_rate_population-16-years-and-over_2021,unemployment_rate_population-20-to-64-years-disability-status-with-any-disability_2021,unemployment_rate_population-20-to-64-years-poverty-status-in-the-past-12-months-at-or-above-the-poverty-level_2021,unemployment_rate_population-20-to-64-years-poverty-status-in-the-past-12-months-below-poverty-level_2021,unemployment_rate_population-20-to-64-years-sex-female-with-own-children-under-18-years-with-own-children-6-to-17-years-only_2021,unemployment_rate_population-20-to-64-years-sex-female-with-own-children-under-18-years-with-own-children-under-6-years-and-6-to-17-years_2021,unemployment_rate_population-20-to-64-years-sex-female-with-own-children-under-18-years-with-own-children-under-6-years-only_2021,unemployment_rate_population-20-to-64-years-sex-female-with-own-children-under-18-years_2021,unemployment_rate_population-20-to-64-years-sex-female_2021,unemployment_rate_population-20-to-64-years-sex-male_2021,unemployment_rate_population-20-to-64-years_2021,unemployment_rate_educational-attainment-population-25-to-64-years-bachelor-s-degree-or-higher_2020,unemployment_rate_educational-attainment-population-25-to-64-years-high-school-graduate-includes-equivalency_2020,unemployment_rate_educational-attainment-population-25-to-64-years-less-than-high-school-graduate_2020,unemployment_rate_educational-attainment-population-25-to-64-years-some-college-or-associate-s-degree_2020,unemployment_rate_educational-attainment-population-25-to-64-years_2020,unemployment_rate_population-16-years-and-over-age-16-to-19-years_2020,unemployment_rate_population-16-years-and-over-age-20-to-24-years_2020,unemployment_rate_population-16-years-and-over-age-25-to-29-years_2020,unemployment_rate_population-16-years-and-over-age-30-to-34-years_2020,unemployment_rate_population-16-years-and-over-age-35-to-44-years_2020,unemployment_rate_population-16-years-and-over-age-45-to-54-years_2020,unemployment_rate_population-16-years-and-over-age-55-to-59-years_2020,unemployment_rate_population-16-years-and-over-age-60-to-64-years_2020,unemployment_rate_population-16-years-and-over-age-65-to-74-years_2020,unemployment_rate_population-16-years-and-over-age-75-years-and-over_2020,unemployment_rate_population-16-years-and-over-race-and-hispanic-or-latino-origin-american-indian-and-alaska-native-alone_2020,unemployment_rate_population-16-years-and-over-race-and-hispanic-or-latino-origin-asian-alone_2020,unemployment_rate_population-16-years-and-over-race-and-hispanic-or-latino-origin-black-or-african-american-alone_2020,unemployment_rate_population-16-years-and-over-race-and-hispanic-or-latino-origin-hispanic-or-latino-origin-of-any-race_2020,unemployment_rate_population-16-years-and-over-race-and-hispanic-or-latino-origin-native-hawaiian-and-other-pacific-islander-alone_2020,unemployment_rate_population-16-years-and-over-race-and-hispanic-or-latino-origin-some-other-race-alone_2020,unemployment_rate_population-16-years-and-over-race-and-hispanic-or-latino-origin-two-or-more-races_2020,unemployment_rate_population-16-years-and-over-race-and-hispanic-or-latino-origin-white-alone-not-hispanic-or-latino_2020,unemployment_rate_population-16-years-and-over-race-and-hispanic-or-latino-origin-white-alone_2020,unemployment_rate_population-16-years-and-over_2020,unemployment_rate_population-20-to-64-years-disability-status-with-any-disability_2020,unemployment_rate_population-20-to-64-years-poverty-status-in-the-past-12-months-at-or-above-the-poverty-level_2020,unemployment_rate_population-20-to-64-years-poverty-status-in-the-past-12-months-below-poverty-level_2020,unemployment_rate_population-20-to-64-years-sex-female-with-own-children-under-18-years-with-own-children-6-to-17-years-only_2020,unemployment_rate_population-20-to-64-years-sex-female-with-own-children-under-18-years-with-own-children-under-6-years-and-6-to-17-years_2020,unemployment_rate_population-20-to-64-years-sex-female-with-own-children-under-18-years-with-own-children-under-6-years-only_2020,unemployment_rate_population-20-to-64-years-sex-female-with-own-children-under-18-years_2020,unemployment_rate_population-20-to-64-years-sex-female_2020,unemployment_rate_population-20-to-64-years-sex-male_2020,unemployment_rate_population-20-to-64-years_2020
9001,2.7,19.2,0.0,0.4,3.3,0.0,25.0,0.0,0.8,3.1,5.1,7.6,0.0,0.0,0.0,,8.7,5.0,0.6,,1.8,0.0,3.8,3.3,4.0,16.6,4.5,,0.0,0.0,0.0,0.0,4.4,4.6,4.5,2.7,17.8,0.0,1.3,3.2,0.0,0.0,0.0,2.4,2.8,5.3,5.4,0.0,0.0,0.0,,7.9,4.8,2.3,,14.0,0.0,1.2,1.0,2.7,14.8,3.1,,0.0,0.0,0.0,0.0,4.9,1.5,3.1,1.3,0.0,0.0,0.0,0.8,0.0,0.0,0.0,0.0,2.5,0.0,0.0,0.0,0.0,0.0,,0.0,0.0,0.0,,0.0,0.0,1.3,1.1,0.7,0.0,0.8,,0.0,0.0,0.0,0.0,1.7,0.0,0.8,2.4,0.0,0.0,0.0,1.5,0.0,0.0,0.0,0.0,5.2,0.0,0.0,0.0,6.8,0.0,,0.0,0.0,4.5,,5.9,0.0,2.4,2.1,1.8,0.0,1.4,0.0,0.0,0.0,14.1,7.1,3.3,0.0,1.4,1.9,24.2,0.0,0.0,3.5,0.0,0.0,0.0,0.0,2.4,10.8,0.0,0.0,4.9,0.0,,0.0,0.0,5.0,,6.1,0.0,5.0,4.6,3.4,0.0,3.5,0.0,31.3,0.0,20.5,25.6,8.5,0.0,3.4
9002.01,1.0,5.0,6.8,9.1,4.7,0.0,1.2,0.0,0.0,12.2,1.3,5.9,0.0,0.0,,0.0,11.4,4.3,2.7,,2.8,3.2,4.3,4.6,3.6,15.6,1.7,25.8,9.8,0.0,0.0,6.6,4.3,3.6,4.0,1.4,8.7,5.9,1.7,3.8,20.4,1.5,0.0,0.0,11.8,1.3,4.9,0.0,0.0,100.0,0.0,9.8,10.6,2.2,,2.8,6.1,1.7,1.9,4.4,13.4,1.7,18.8,14.1,0.0,0.0,10.0,5.2,1.1,3.3,1.9,6.8,16.1,2.3,4.8,39.2,6.9,0.0,0.0,9.7,1.9,10.1,7.8,0.0,100.0,0.0,22.8,13.3,4.1,,8.1,6.4,2.2,2.4,6.7,17.8,4.1,15.3,22.6,0.0,0.0,13.2,6.6,3.8,5.3,3.6,0.0,18.5,2.6,4.7,43.1,10.0,0.0,13.0,4.1,4.0,11.3,4.3,13.7,100.0,0.0,11.7,10.8,8.0,,8.4,44.8,3.3,5.2,8.2,21.6,4.7,36.2,18.5,0.0,0.0,8.5,6.3,5.6,6.0,4.1,0.0,16.0,0.0,3.8,71.4,8.2,0.0,14.9,4.6,0.0,0.0,4.6,11.9,100.0,,23.0,13.5,6.8,,3.2,,4.0,6.7,8.6,16.0,3.8,34.6,18.2,0.0,0.0,11.0,6.3,3.5,5.0
9002.02,2.4,5.3,0.0,10.2,5.1,0.0,0.0,7.7,0.0,13.8,2.1,0.0,7.4,0.0,,0.0,8.2,15.3,2.3,,4.4,0.0,1.2,2.2,4.0,28.6,4.5,0.0,14.3,,0.0,13.4,7.2,2.2,4.4,0.0,5.3,0.0,6.8,4.0,0.0,0.0,0.0,0.0,12.4,2.0,0.0,0.0,0.0,,0.0,0.0,17.5,0.5,0.0,1.5,0.0,1.1,1.1,3.2,21.1,3.5,,15.7,0.0,0.0,12.9,4.6,2.6,3.5,0.0,11.5,0.3,1.3,5.1,21.4,0.0,0.0,0.0,10.9,2.4,6.2,0.0,0.0,,0.0,0.0,24.3,1.8,0.0,4.0,0.0,3.4,2.8,4.8,43.4,4.5,,29.5,0.0,0.0,20.5,8.2,1.7,4.5,0.0,12.8,7.9,1.4,6.6,15.8,0.0,13.2,0.0,7.9,4.0,10.9,0.0,0.0,,0.0,0.0,13.0,4.6,0.0,10.5,0.0,3.5,2.7,5.9,33.7,5.8,0.0,23.3,20.3,0.0,20.8,9.8,2.3,5.7,0.0,1.3,14.2,2.5,4.7,16.1,0.0,10.3,0.0,5.1,2.9,6.5,0.0,0.0,,0.0,0.0,0.0,6.0,0.0,11.9,0.0,2.9,2.1,4.6,19.0,4.2,0.0,2.3,25.0,0.0,8.7,4.7,3.7,4.2
9002.03,2.9,3.0,0.0,4.3,2.8,44.6,10.1,0.0,2.1,4.6,0.0,6.8,12.7,0.0,,,0.0,2.9,5.5,,9.4,0.0,14.4,11.3,4.6,9.7,2.7,17.3,0.0,0.0,0.0,0.0,1.3,5.7,3.3,4.2,2.1,0.0,7.6,4.0,57.0,7.8,9.6,0.0,3.4,3.7,8.8,6.8,0.0,,,0.0,2.3,9.2,,15.5,8.0,11.9,11.2,6.5,19.5,4.1,5.4,0.0,0.0,0.0,0.0,5.7,2.7,4.2,7.0,1.8,0.0,6.6,4.2,0.0,10.6,9.4,0.0,2.7,4.4,4.0,20.0,0.0,,,0.0,1.9,0.0,,0.0,8.2,14.5,9.4,4.2,17.2,4.5,5.1,0.0,0.0,0.0,0.0,6.2,3.1,4.5,11.3,10.6,0.0,7.8,8.1,0.0,28.6,11.4,0.0,3.5,18.3,12.0,19.1,0.0,,,0.0,3.8,13.4,,26.5,8.6,18.7,13.7,9.5,25.7,9.7,12.7,0.0,22.6,51.2,12.2,18.4,4.1,10.0,5.9,21.5,0.0,1.9,8.7,0.0,18.2,22.5,0.0,0.0,19.9,0.0,0.0,0.0,,,0.0,8.1,14.0,,21.4,4.7,11.3,5.7,9.4,12.6,10.3,4.9,0.0,13.5,59.0,11.9,16.2,4.5,9.8
9003.01,0.0,0.0,0.0,13.4,4.9,83.6,4.5,1.3,22.6,0.0,2.6,5.7,0.0,28.6,61.9,,0.0,5.6,19.8,,0.0,20.4,13.2,12.0,9.7,0.0,2.5,27.9,0.0,0.0,17.0,10.1,6.1,3.7,4.9,1.5,0.0,0.0,15.2,6.5,57.9,8.8,3.2,26.9,0.0,0.7,4.0,17.2,34.4,71.4,,0.0,9.8,14.7,,0.0,19.5,14.1,12.6,11.0,0.0,3.8,33.5,0.0,0.0,27.0,17.8,9.7,3.8,6.7,1.5,0.0,0.0,14.1,6.8,0.0,0.0,0.0,19.4,10.7,1.5,2.5,8.9,48.5,100.0,,0.0,20.8,11.0,,0.0,6.2,10.0,8.9,9.2,2.0,4.8,21.0,0.0,0.0,33.9,23.9,9.5,3.0,6.2,2.4,0.0,0.0,10.0,5.6,0.0,0.0,0.0,14.7,9.5,1.4,1.9,12.3,62.3,100.0,,0.9,21.0,11.1,,0.0,6.9,8.2,7.3,8.5,2.1,4.6,12.8,0.0,0.0,27.9,18.7,8.0,2.6,5.2,1.4,0.7,0.0,8.3,4.2,0.0,0.0,0.6,6.8,6.6,1.3,6.0,6.1,54.6,,,0.7,10.4,12.8,,0.0,23.9,6.7,5.8,6.6,2.0,4.1,1.7,0.0,0.0,14.3,8.8,5.5,2.5,4.0
9003.02,2.4,1.6,0.0,6.3,2.7,0.0,6.3,0.0,0.0,7.4,1.3,0.0,0.0,0.0,,,0.0,0.0,1.6,,4.6,4.8,3.9,3.7,2.7,5.9,2.4,7.6,13.9,,0.0,11.0,4.5,1.7,3.0,2.6,2.1,0.0,3.3,2.5,0.0,12.9,0.0,0.0,6.9,1.4,0.0,0.0,0.0,,,0.0,0.0,2.3,,4.1,19.8,4.3,3.5,2.8,5.9,2.2,9.7,13.6,,0.0,10.5,4.3,2.0,3.0,2.0,0.7,0.0,0.0,1.0,0.0,0.0,0.0,0.0,3.0,0.5,0.0,0.0,0.0,,,0.0,0.0,0.0,,0.0,0.0,2.9,2.5,0.9,0.0,0.9,1.0,7.0,,0.0,5.4,1.7,0.3,0.9,0.0,0.0,0.0,0.0,0.0,0.0,0.0,0.0,0.0,0.0,0.0,0.0,0.0,0.0,0.0,0.0,0.0,0.0,0.0,,0.0,0.0,0.0,0.0,0.0,0.0,0.0,0.0,0.0,0.0,0.0,0.0,0.0,0.0,0.0,0.0,0.0,0.0,0.0,0.0,0.0,0.0,0.0,0.0,0.0,0.0,0.0,0.0,0.0,0.0,0.0,0.0,0.0,0.0,,0.0,0.0,0.0,0.0,0.0,0.0,0.0,0.0,0.0,0.0,0.0,0.0,0.0,0.0,0.0
9004.03,1.2,11.6,3.4,0.0,3.6,8.9,13.1,14.3,0.0,1.3,0.0,0.0,4.7,31.9,,0.0,10.9,0.6,5.4,,7.8,10.0,2.3,2.0,5.1,7.1,4.3,5.7,0.0,0.0,0.0,0.0,2.3,6.0,4.4,1.6,4.9,3.2,0.0,2.3,5.6,32.8,9.8,0.0,1.2,0.0,0.0,4.4,12.7,,0.0,5.2,0.6,3.5,,4.9,10.6,2.3,1.9,3.3,9.2,3.1,0.0,0.0,0.0,0.0,0.0,1.8,3.7,2.9,0.8,11.4,2.2,0.0,3.6,19.4,17.3,15.2,0.0,1.2,1.3,0.0,3.0,24.4,,0.0,13.0,0.9,5.9,,6.4,13.4,2.2,1.7,5.4,4.7,4.7,0.0,0.0,0.0,0.0,0.0,1.5,6.5,4.5,3.8,12.9,16.1,0.9,6.9,45.7,0.0,17.3,0.8,9.0,1.7,0.0,6.0,20.6,,0.0,15.2,1.1,8.2,,0.8,14.7,2.7,6.2,7.4,0.0,6.1,11.4,12.6,0.0,0.0,4.2,7.9,5.3,6.4,4.5,5.8,8.4,1.0,4.0,15.6,0.0,0.0,6.0,5.8,4.4,0.0,5.1,0.0,0.0,0.0,7.3,0.3,4.7,,11.9,10.7,1.1,2.1,3.9,0.0,3.1,9.4,11.0,0.0,0.0,5.1,7.1,0.9,3.8
9004.04,0.3,3.6,7.3,4.8,3.6,6.5,20.1,4.9,0.0,3.7,0.5,10.5,4.5,0.0,,0.0,8.7,1.7,4.4,,7.9,5.9,3.0,2.0,5.2,21.8,5.3,5.5,2.1,0.0,0.0,1.2,5.4,5.3,5.3,0.2,4.2,5.3,3.6,3.1,0.0,22.0,5.0,0.0,3.8,0.6,4.6,4.9,0.0,0.0,0.0,12.4,1.9,3.0,,5.1,4.4,3.0,1.8,4.3,21.8,4.4,6.2,2.7,0.0,0.0,1.6,4.8,4.3,4.5,0.0,7.3,6.3,17.6,7.8,0.0,41.8,3.4,6.3,3.8,6.9,18.9,6.0,0.0,0.0,0.0,9.7,16.3,6.4,,8.7,10.3,1.8,4.9,9.0,24.1,5.6,72.0,14.2,15.7,0.0,14.4,9.6,9.5,9.5,1.1,5.3,0.0,13.7,5.5,0.0,25.0,0.0,7.7,1.6,4.3,16.8,0.0,0.0,0.0,0.0,0.0,10.4,4.3,,6.1,10.3,0.0,3.7,6.2,30.3,3.9,67.8,12.9,26.9,0.0,17.3,6.8,6.4,6.6,1.0,4.0,0.0,12.8,4.9,0.0,9.5,0.0,6.5,0.0,4.2,17.8,0.0,0.0,0.0,0.0,0.0,9.5,2.4,,0.0,7.7,1.8,4.2,4.8,29.6,2.2,68.7,9.3,22.2,0.0,14.0,4.2,6.0,5.1
9004.07,0.0,3.8,7.3,4.2,3.2,0.0,11.1,5.9,0.0,0.0,8.7,0.0,0.0,0.0,,0.0,0.0,2.5,0.0,,0.0,16.2,4.4,4.3,3.6,0.0,3.0,15.6,0.0,29.8,31.4,12.0,4.5,3.2,3.9,1.6,5.5,4.9,3.8,3.9,0.0,18.4,6.8,4.7,0.0,7.8,4.2,0.0,0.0,,0.0,0.0,5.7,1.7,,0.0,17.9,4.9,6.8,5.0,0.0,4.6,15.4,0.0,27.7,31.9,15.2,6.7,3.8,5.3,1.3,8.8,6.1,6.3,5.5,23.3,11.7,8.2,3.1,0.0,10.4,5.9,15.1,0.0,0.0,0.0,0.0,6.2,6.7,,0.0,20.0,7.0,13.4,6.9,0.0,5.9,10.8,0.0,33.3,30.4,17.3,8.7,3.9,6.4,2.1,9.4,8.9,2.7,5.2,26.3,26.5,10.5,4.3,0.0,9.7,6.5,7.6,0.0,0.0,0.0,7.3,8.3,8.4,,0.0,19.5,5.9,12.0,8.4,0.0,7.2,13.1,0.0,13.3,20.7,11.7,10.0,5.2,7.7,2.6,7.0,15.5,1.2,5.2,22.8,25.1,12.8,4.4,0.0,9.0,6.8,4.3,0.0,0.0,0.0,6.7,9.2,7.6,,0.0,29.3,7.4,11.2,8.8,0.0,7.8,11.8,0.0,0.0,30.1,12.0,10.2,6.0,8.1
9004.08,0.8,0.0,0.0,6.7,2.0,43.0,0.0,16.5,0.0,0.0,0.0,0.0,4.8,0.0,0.0,31.8,0.0,3.7,6.9,0.0,0.0,9.9,0.8,0.7,3.0,13.8,2.0,0.0,0.0,0.0,38.2,7.4,3.5,0.5,1.9,0.8,0.0,0.0,8.0,2.1,40.7,4.2,15.3,0.0,0.0,0.0,0.0,4.7,0.0,0.0,22.2,0.0,3.3,9.1,,0.0,11.4,2.0,3.2,3.9,6.8,2.4,0.0,0.0,0.0,34.1,6.2,3.6,1.1,2.3,0.8,1.5,0.0,8.8,3.0,14.9,4.8,18.3,0.0,0.0,0.0,0.0,4.6,0.0,0.0,33.3,4.9,4.4,4.3,,0.0,0.0,2.0,3.4,3.4,6.2,3.1,0.0,0.0,0.0,42.4,10.2,5.4,1.1,3.1,1.8,1.5,0.0,9.6,3.5,10.6,4.8,18.6,0.0,0.0,1.4,1.4,5.1,0.0,,57.9,8.7,4.8,4.0,,0.0,0.0,2.2,3.1,3.7,6.2,3.6,0.0,4.8,0.0,45.7,11.2,6.1,1.4,3.5,2.3,0.7,0.0,2.2,1.6,9.7,9.6,3.9,0.0,0.0,1.7,1.1,5.8,0.0,,,6.8,1.4,2.2,,0.0,0.0,2.3,3.0,2.2,6.3,2.0,0.0,5.8,0.0,6.1,4.2,3.4,0.6,1.9
9004.09,0.0,1.3,6.1,1.7,1.9,0.0,8.5,0.0,8.8,1.2,1.7,0.0,0.0,0.0,0.0,,0.0,7.0,0.0,,0.0,0.0,2.4,1.2,2.2,0.0,1.1,51.6,0.0,0.0,0.0,0.0,0.0,4.9,2.5,2.5,0.0,5.4,0.9,2.1,0.0,10.2,0.0,7.6,2.5,1.5,0.0,0.0,0.0,0.0,,4.1,5.0,0.0,,0.0,0.0,1.7,0.9,2.3,0.0,1.6,46.6,0.0,0.0,0.0,0.0,0.0,5.3,2.6,2.7,0.0,5.7,0.0,1.7,13.3,9.3,0.0,8.8,2.4,0.0,0.0,0.0,0.0,0.0,,4.6,5.1,1.1,,3.1,0.0,0.0,0.0,2.5,0.0,1.3,40.0,0.0,0.0,0.0,0.0,0.0,4.3,2.3,7.5,14.5,3.5,0.0,5.7,10.1,8.9,28.2,5.9,2.2,0.0,0.0,0.0,0.0,0.0,,17.2,6.4,5.8,,3.6,0.0,0.0,4.5,5.6,0.0,4.7,23.4,0.0,0.0,0.0,0.0,3.7,8.2,5.9,8.6,14.7,0.0,0.0,5.6,6.5,6.6,31.3,0.0,2.0,0.0,0.0,0.0,0.0,0.0,,12.9,7.2,4.3,,1.9,0.0,0.0,3.1,5.2,0.0,4.7,22.6,0.0,0.0,0.0,0.0,5.7,5.8,5.7
9004.10,5.4,0.0,0.0,1.4,2.9,17.6,15.1,0.0,2.1,7.6,0.0,0.0,7.4,0.0,,,5.5,4.6,2.2,,8.3,4.6,0.0,0.0,4.1,0.0,4.2,0.0,0.0,0.0,56.9,13.4,3.7,4.5,4.1,5.2,0.0,0.0,1.1,2.6,56.1,15.0,0.0,1.8,6.0,0.0,0.0,9.3,0.0,,,4.2,5.0,7.3,,15.8,6.1,0.0,0.0,4.9,0.0,3.9,0.0,0.0,0.0,22.0,7.7,3.0,4.5,3.8,4.2,10.5,0.0,1.1,3.1,23.0,16.7,0.0,7.9,2.9,0.0,0.0,13.9,0.0,,,8.5,5.7,2.1,,17.1,3.4,0.0,0.0,5.0,0.0,4.8,0.0,0.0,0.0,16.0,6.0,2.8,6.0,4.7,1.2,19.4,0.0,0.8,3.2,20.6,22.9,11.7,8.4,0.0,0.0,0.0,7.3,0.0,,,10.2,6.6,7.5,,2.2,6.5,0.0,0.0,5.8,0.0,5.5,0.0,0.0,0.0,0.0,0.0,0.6,8.8,5.4,1.8,15.5,5.5,0.0,3.5,16.4,11.7,12.8,6.8,1.0,0.0,0.0,13.2,0.0,,,7.6,6.0,6.8,,0.0,0.0,0.0,0.0,4.5,0.0,4.4,0.0,0.0,0.0,8.6,2.2,0.9,6.2,4.2
9005.02,2.1,0.0,0.0,4.8,2.9,,30.8,0.0,0.0,8.2,0.0,5.3,0.0,39.0,,,12.1,0.0,8.3,,0.0,11.3,12.0,11.2,5.3,0.0,2.8,29.1,0.0,0.0,0.0,0.0,0.6,6.9,3.6,2.4,0.0,0.0,2.6,2.3,0.0,35.7,2.0,0.0,4.3,0.0,6.2,0.0,29.5,,,10.9,0.0,10.6,,0.0,15.2,8.9,8.6,4.6,0.0,1.9,60.0,0.0,0.0,0.0,0.0,1.1,5.0,3.0,3.5,0.0,0.0,2.8,3.1,0.0,12.3,2.0,0.0,3.4,0.0,15.9,0.0,40.1,,,6.0,0.0,14.0,,8.1,24.6,9.3,8.5,5.4,0.0,2.5,44.0,0.0,0.0,0.0,0.0,2.6,4.4,3.6,3.9,0.0,0.0,7.9,4.9,0.0,12.5,2.6,0.0,7.8,0.0,20.7,0.0,0.0,,,6.1,3.2,5.0,,10.9,0.0,8.1,7.2,5.1,0.0,4.3,46.9,18.4,0.0,0.0,10.2,6.7,4.1,5.3,2.4,0.0,0.0,7.9,3.9,0.0,9.6,3.2,0.0,4.8,0.0,19.2,0.0,0.0,,,7.5,2.8,6.4,,17.6,0.0,4.9,4.3,4.1,0.0,4.0,17.9,16.8,0.0,0.0,10.5,6.1,2.7,4.3
9005.03,3.0,0.0,29.4,0.0,9.7,0.0,0.0,0.0,0.0,0.0,29.0,18.5,0.0,0.0,,,7.4,0.0,14.2,,5.5,0.0,0.0,28.1,8.1,0.0,8.7,0.0,0.0,0.0,0.0,0.0,5.9,11.2,8.7,3.3,0.0,19.1,0.0,7.0,100.0,0.0,0.0,0.0,0.0,23.1,0.0,0.0,0.0,,,10.7,0.0,9.3,,0.0,0.0,0.0,18.9,6.7,0.0,6.4,0.0,0.0,0.0,0.0,0.0,1.8,10.6,6.3,1.7,0.0,39.7,0.0,8.8,83.3,0.0,16.6,0.0,0.0,27.4,0.0,0.0,0.0,,,8.0,0.0,11.7,,0.0,0.0,0.0,15.0,7.6,0.0,7.7,0.0,0.0,0.0,42.9,11.0,3.9,11.1,7.2,1.4,0.0,33.4,0.0,7.9,38.8,0.0,8.5,0.0,0.0,27.9,0.0,0.0,0.0,,,8.4,0.0,12.2,,0.0,0.0,0.0,12.5,7.4,0.0,7.2,0.0,0.0,0.0,38.4,8.3,3.3,11.1,6.8,0.0,11.2,38.5,0.0,12.7,27.5,0.0,19.8,0.0,0.0,42.1,0.0,0.0,0.0,,,9.0,0.0,18.3,,26.1,0.0,0.0,12.9,11.5,0.0,8.9,46.5,0.0,0.0,38.1,8.0,8.9,14.3,11.5
9005.04,0.0,2.8,4.3,46.5,17.8,100.0,6.6,11.4,0.0,21.9,8.1,27.0,32.6,0.0,0.0,,0.0,13.2,22.2,,3.5,27.0,2.4,20.4,17.5,0.0,16.2,20.8,8.9,81.3,0.0,38.1,19.7,13.9,16.6,0.0,2.9,5.1,46.9,18.4,56.3,5.3,0.0,0.0,24.4,11.2,45.6,32.8,0.0,,,0.0,8.9,20.1,,3.5,25.6,5.7,19.3,16.4,0.0,15.9,28.1,8.2,80.1,0.0,30.9,19.3,14.4,16.7,0.0,6.3,10.9,52.1,20.8,43.9,5.6,0.0,12.8,21.9,7.5,55.7,40.5,0.0,0.0,,0.0,12.4,24.2,,4.5,32.7,9.9,21.4,19.2,0.0,17.8,25.0,5.6,77.0,0.0,32.7,19.2,17.7,18.6,0.0,10.0,8.1,52.3,20.4,19.6,4.3,0.0,15.9,22.5,4.1,47.6,46.3,0.0,0.0,,,0.0,21.4,,13.0,22.3,3.9,19.4,17.2,0.0,17.2,26.3,3.0,80.5,0.0,28.4,24.9,11.8,17.8,0.0,10.4,8.3,40.3,18.1,17.9,2.2,0.0,20.0,22.8,0.0,20.1,55.0,0.0,0.0,,0.0,0.0,19.2,,9.8,35.9,5.5,15.5,14.8,0.0,15.3,15.0,0.0,81.3,0.0,25.0,23.1,8.0,15.3
9006.01,1.9,5.7,0.0,0.0,2.6,19.4,0.0,0.0,7.1,5.3,0.0,0.0,0.0,16.9,,,7.4,0.0,0.0,,0.0,0.0,13.6,9.9,4.0,0.0,0.6,19.9,0.0,,0.0,0.0,0.0,4.0,2.2,1.6,3.1,0.0,0.0,1.3,11.4,0.0,0.0,3.4,3.0,0.0,0.0,0.0,0.0,,0.0,9.8,0.0,0.0,,0.0,0.0,7.7,2.5,1.5,0.0,0.5,3.5,0.0,,0.0,0.0,0.0,2.0,1.1,1.4,4.0,20.2,0.0,4.2,0.0,0.0,0.0,4.8,10.1,0.0,0.0,0.0,0.0,,0.0,5.3,0.0,4.9,,16.2,0.0,3.3,1.5,3.5,0.0,3.6,4.1,0.0,100.0,0.0,16.7,6.0,2.3,3.7,1.4,4.4,15.1,0.0,3.8,0.0,0.0,0.0,5.2,9.2,0.0,0.0,0.0,0.0,,0.0,5.0,0.0,3.9,,13.2,,4.8,1.7,3.3,0.0,3.3,4.1,0.0,100.0,0.0,14.9,5.1,2.4,3.5,1.5,0.0,11.9,0.0,3.0,,0.0,0.0,0.0,7.6,0.0,0.0,0.0,0.0,,0.0,6.8,0.0,3.8,,14.3,,0.0,0.0,2.8,0.0,3.5,0.0,0.0,100.0,0.0,16.9,6.0,0.8,2.9
9006.02,0.0,10.0,0.0,0.0,4.6,0.0,8.7,0.0,8.0,10.6,0.0,0.0,0.0,43.1,0.0,0.0,0.0,4.4,6.8,,0.0,0.0,11.9,18.4,6.4,28.9,6.2,0.0,0.0,0.0,0.0,0.0,6.3,5.5,5.8,0.0,7.4,0.0,0.0,3.4,0.0,7.0,0.0,3.7,11.7,0.0,0.0,0.0,61.9,0.0,0.0,0.0,4.8,4.8,,0.0,0.0,13.5,13.3,5.3,22.6,4.7,0.0,0.0,0.0,0.0,0.0,5.4,3.9,4.5,0.0,6.9,0.0,0.0,3.2,0.0,0.0,0.0,0.6,9.4,0.0,0.0,0.0,100.0,0.0,0.0,0.0,5.1,0.0,,0.0,,10.7,5.0,3.2,0.9,2.4,0.0,0.0,0.0,0.0,0.0,0.0,3.8,2.2,0.0,9.1,0.0,0.0,3.5,0.0,0.0,0.0,5.6,9.5,0.0,0.0,0.0,100.0,0.0,0.0,0.0,5.9,0.0,,0.0,,12.9,6.4,3.5,5.4,2.7,0.0,0.0,0.0,0.0,0.0,0.0,4.2,2.5,6.3,7.8,18.3,0.0,8.6,0.0,0.0,18.3,33.3,6.1,0.0,0.0,0.0,100.0,0.0,0.0,11.4,5.6,9.3,,13.3,,4.5,2.7,7.5,0.0,4.2,25.2,21.6,0.0,74.8,28.0,13.4,3.0,7.0
9007.01,0.0,7.5,5.8,16.8,6.8,0.0,5.2,18.8,7.2,7.9,0.0,0.0,0.5,23.8,78.8,,9.4,11.4,5.0,,0.0,10.7,0.3,0.3,8.3,18.1,4.9,21.1,0.0,0.0,14.5,5.4,5.5,7.8,6.7,0.0,6.3,4.4,17.8,6.8,0.0,8.8,17.6,6.9,7.8,0.0,0.0,0.6,24.2,73.8,,12.6,10.9,3.4,,0.0,9.5,3.2,2.8,8.0,14.7,5.4,20.4,0.0,0.0,11.4,4.9,6.0,8.0,7.0,0.0,0.0,8.8,14.5,4.9,0.0,4.6,16.6,8.5,1.4,0.0,0.0,0.6,19.8,100.0,,1.7,7.8,9.7,,0.0,8.6,3.6,3.3,6.1,0.0,4.3,13.1,0.0,0.0,5.1,2.6,7.9,2.7,4.9,0.0,0.0,3.9,9.1,3.0,0.0,3.9,11.1,2.0,2.0,0.0,0.0,0.4,22.5,100.0,,4.9,5.0,5.8,,0.0,10.2,2.6,2.2,4.4,0.0,2.3,12.2,0.0,0.0,5.6,3.4,4.4,1.8,3.1,0.0,0.0,3.5,9.9,3.2,0.0,3.8,16.7,1.8,0.0,0.0,0.0,0.0,0.0,,,0.0,3.6,7.2,,0.0,12.3,2.3,1.9,3.2,0.0,2.5,14.0,0.0,,0.0,0.0,4.7,1.9,3.3
9007.02,3.1,1.9,0.0,4.5,2.6,60.8,0.0,0.0,3.7,3.3,1.9,6.2,0.0,0.0,0.0,,3.6,0.0,6.0,,1.3,9.0,2.5,11.2,4.9,9.5,1.4,15.4,0.0,0.0,0.0,0.0,0.0,4.3,2.3,0.5,3.1,15.2,3.0,2.6,41.8,7.3,0.0,2.4,1.7,7.2,0.0,0.0,0.0,0.0,,0.0,0.0,9.3,0.0,14.3,7.2,2.3,1.7,4.4,18.6,0.8,31.1,5.5,0.0,0.0,4.7,3.6,2.7,3.2,2.1,2.3,18.6,7.0,5.3,63.9,14.4,0.0,7.1,5.9,10.3,0.0,0.0,0.0,0.0,,0.0,1.3,16.8,0.0,22.6,17.3,2.5,1.6,10.0,40.4,2.3,50.0,13.8,0.0,0.0,11.9,8.9,4.6,6.7,1.3,2.5,15.3,5.8,4.1,73.5,8.3,0.0,3.2,6.0,8.5,0.0,0.0,0.0,0.0,,0.0,1.1,11.5,0.0,16.8,16.4,3.5,3.8,6.9,24.0,2.1,35.9,9.8,0.0,0.0,6.8,4.9,4.5,4.7,1.4,0.0,26.9,0.0,3.2,67.6,11.5,0.0,3.4,3.0,9.2,0.0,0.0,0.0,,,0.0,2.8,18.8,0.0,26.4,17.8,1.5,2.0,7.9,28.6,1.3,34.0,18.2,0.0,0.0,11.6,8.1,0.9,4.4
9008.01,1.2,0.0,0.0,7.8,2.3,0.0,33.6,0.0,0.0,5.3,2.2,0.0,0.0,0.0,0.0,,7.6,3.1,18.3,,27.2,0.0,0.0,0.0,5.4,0.0,5.9,0.0,0.0,0.0,0.0,0.0,1.5,9.8,5.9,1.6,0.0,0.0,8.1,2.6,0.0,34.7,0.0,0.0,5.1,2.1,1.8,0.0,0.0,0.0,,10.2,3.2,16.4,,24.6,0.0,0.0,0.0,5.6,0.0,6.4,0.0,0.0,0.0,0.0,0.0,2.0,9.9,6.4,3.0,0.0,0.0,8.4,3.5,0.0,32.1,0.0,0.0,5.7,4.2,2.4,0.0,0.0,0.0,,12.8,4.2,23.8,,43.2,0.0,0.0,0.0,6.5,0.0,7.5,0.0,0.0,0.0,0.0,0.0,2.2,11.7,7.4,4.1,0.0,0.0,4.3,3.4,0.0,26.4,0.0,8.8,3.9,3.1,2.4,0.0,0.0,0.0,,4.9,5.1,23.7,,41.9,0.0,0.0,0.0,6.2,8.9,6.8,0.0,0.0,0.0,0.0,0.0,3.6,9.4,6.7,4.9,3.3,0.0,6.2,4.7,,52.2,7.0,15.3,6.8,1.1,5.2,0.0,0.0,0.0,,8.3,12.1,15.2,,44.9,6.4,0.0,0.0,9.0,14.7,9.7,8.0,1.8,0.0,6.0,2.4,8.3,10.7,9.6
9008.03,3.8,0.0,0.0,12.4,6.3,50.5,47.9,6.0,1.3,16.3,6.8,0.0,0.0,0.0,,0.0,0.0,10.4,24.9,,27.1,37.8,0.0,0.0,10.7,0.0,2.5,71.6,0.0,4.5,0.0,1.0,2.5,13.3,9.4,4.2,0.0,0.0,12.0,6.0,0.0,46.7,0.0,2.4,21.5,5.6,3.1,0.0,0.0,0.0,0.0,4.4,6.2,25.1,,29.6,19.2,0.0,0.0,8.1,0.0,1.9,73.3,0.0,10.1,0.0,2.0,3.3,12.7,8.8,3.2,0.0,0.0,9.2,5.2,0.0,10.7,0.0,4.5,12.0,5.0,2.5,0.0,0.0,0.0,0.0,1.8,4.3,26.6,,40.6,10.6,0.0,0.0,5.4,0.0,2.1,54.5,0.0,14.2,0.0,2.8,3.4,7.7,5.6,3.6,0.0,0.0,3.1,2.8,0.0,7.3,0.0,5.2,0.0,6.7,2.5,0.0,0.0,0.0,0.0,2.3,4.3,5.3,,0.0,11.2,0.0,0.0,3.2,0.0,2.2,17.4,0.0,8.2,0.0,2.6,3.5,3.0,3.3,2.4,0.0,0.0,0.0,1.0,0.0,13.7,0.0,0.0,0.0,0.0,5.1,0.0,0.0,0.0,0.0,4.2,3.6,0.0,,0.0,0.0,0.0,0.0,2.0,0.0,2.3,0.0,0.0,0.0,0.0,0.0,1.5,3.1,2.1
9008.04,7.7,0.0,0.0,4.3,5.4,0.0,0.0,7.1,16.6,4.8,1.4,4.7,0.0,0.0,0.0,45.8,5.8,6.5,3.8,,0.0,0.0,1.5,1.5,4.8,0.0,5.5,0.0,0.0,0.0,0.0,0.0,4.9,6.0,5.4,7.5,0.0,0.0,6.2,5.9,0.0,19.5,14.2,16.9,4.5,1.7,5.1,0.0,0.0,0.0,27.0,8.1,7.7,7.7,,0.0,0.0,1.3,1.3,5.7,8.0,6.2,,0.0,0.0,0.0,0.0,5.7,6.9,6.2,7.4,6.7,0.0,1.3,5.5,0.0,8.9,18.2,15.0,4.7,0.8,0.0,0.0,0.0,,27.1,0.0,5.5,5.8,,0.0,0.0,4.7,4.1,5.2,6.1,5.7,,0.0,0.0,30.1,5.3,6.5,4.7,5.7,8.4,10.1,0.0,0.0,6.4,0.0,4.0,24.1,21.5,4.8,0.0,0.0,0.0,0.0,,20.0,0.0,7.2,1.8,,,0.0,5.3,4.4,5.8,3.5,6.4,0.0,0.0,0.0,27.2,6.5,7.1,5.3,6.3,6.1,6.3,0.0,0.0,4.2,0.0,6.9,36.1,0.0,6.1,0.0,0.0,0.0,0.0,,22.6,0.0,4.4,4.8,,,0.0,3.4,2.9,4.0,6.3,4.5,0.0,0.0,0.0,36.1,5.5,7.5,0.0,4.4
9009.01,0.0,7.3,0.0,0.0,1.8,0.0,0.0,0.0,0.0,4.1,3.7,0.0,0.0,0.0,,0.0,0.0,4.5,0.0,,0.0,0.0,0.0,0.0,1.4,0.0,0.8,24.8,1.5,0.0,0.0,0.9,0.4,2.8,1.6,0.0,9.0,5.7,13.7,6.5,0.0,0.0,0.0,19.1,5.3,3.7,0.0,0.0,0.0,0.0,0.0,0.0,10.1,1.8,,0.0,5.9,0.0,2.1,4.9,0.0,3.5,53.3,1.4,100.0,0.0,4.7,8.6,2.3,5.7,0.0,7.6,7.4,9.3,6.0,0.0,0.0,0.0,14.0,5.6,6.1,0.0,0.0,0.0,0.0,0.0,0.0,9.3,4.0,,2.0,4.7,0.0,2.6,4.7,0.0,3.6,30.5,2.0,20.5,0.0,3.7,7.3,3.1,5.3,0.0,5.2,8.9,7.0,5.0,38.6,0.0,0.0,14.7,2.5,7.1,0.0,0.0,0.0,0.0,0.0,0.0,6.0,7.0,,4.0,5.9,11.3,11.2,7.5,0.0,3.5,14.7,2.4,5.6,0.0,2.5,5.8,3.1,4.5,0.0,2.8,10.7,10.5,5.8,34.3,7.1,0.0,21.9,2.7,4.5,0.0,0.0,0.0,0.0,,0.0,7.2,8.3,,8.5,19.0,7.3,7.4,7.3,13.5,4.0,20.2,5.7,7.5,0.0,5.0,9.4,1.5,5.9
9009.04,3.6,0.0,0.0,3.7,2.8,8.2,30.1,5.7,2.4,3.9,0.0,8.8,0.0,4.3,0.0,,1.7,6.0,0.0,,0.0,5.0,4.3,3.3,4.0,3.7,2.8,26.5,0.0,0.0,4.0,0.7,3.3,4.3,3.8,2.6,0.0,0.0,1.2,1.6,18.5,26.5,7.3,2.1,2.1,0.0,3.2,0.0,6.8,0.0,,1.8,6.2,0.0,,0.0,0.0,2.3,2.2,3.6,3.5,3.0,0.0,0.0,0.0,4.8,0.7,2.5,3.4,3.0,1.2,0.0,0.0,6.0,2.2,21.6,26.2,10.6,2.3,0.0,0.0,8.7,0.0,6.8,,,1.8,8.9,0.0,,0.0,0.0,2.7,2.3,4.6,5.2,3.8,0.0,0.0,0.0,8.6,1.1,4.0,3.5,3.8,1.6,0.0,0.0,8.8,3.1,28.2,10.8,15.2,2.7,0.0,1.1,9.8,0.0,7.0,,,1.9,9.5,0.0,,0.0,0.0,2.1,1.7,5.1,10.2,4.0,0.0,0.0,0.0,10.1,1.1,4.1,3.7,3.9,0.8,7.1,12.8,6.8,4.4,31.5,12.0,13.4,0.0,1.7,4.6,14.0,0.0,19.6,,0.0,3.3,11.9,4.4,,0.0,0.0,2.4,4.1,7.0,11.5,3.9,44.9,6.7,0.0,8.9,6.5,6.1,4.3,5.2
9009.05,5.8,22.2,0.0,13.9,10.8,0.0,26.4,26.4,5.8,1.7,4.7,18.0,33.5,13.7,,0.0,16.7,15.8,3.6,,0.0,9.2,5.6,5.3,11.3,13.0,6.8,79.5,3.1,0.0,9.8,5.0,11.3,11.8,11.6,3.4,15.4,0.0,11.8,8.2,19.8,52.2,26.6,4.0,1.6,3.3,15.8,19.1,12.9,0.0,0.0,13.7,17.5,2.2,,0.0,5.6,6.9,6.3,11.4,12.5,7.2,71.7,2.7,0.0,8.6,4.1,9.6,12.2,11.2,3.9,18.9,0.0,10.2,7.6,18.5,47.6,17.2,3.7,1.8,3.7,16.9,25.0,15.5,0.0,0.0,3.2,17.6,1.0,,0.0,7.4,8.5,7.9,10.9,11.7,6.7,67.2,2.6,0.0,6.9,3.7,8.3,12.2,10.5,1.8,17.7,0.0,5.7,5.7,29.9,20.4,22.3,2.0,1.5,0.8,13.2,7.0,0.0,0.0,0.0,2.7,9.6,7.8,,0.0,5.8,5.5,8.4,7.5,12.4,6.5,21.2,3.1,0.0,4.5,3.0,4.0,9.5,7.0,3.9,16.1,0.0,0.0,4.6,29.5,21.8,11.0,0.0,4.5,1.5,13.7,0.0,0.0,0.0,,3.5,10.9,4.9,0.0,0.0,0.5,3.4,5.0,7.2,12.3,6.3,12.5,12.6,0.0,0.0,6.2,3.9,8.9,6.6
9010.05,1.5,0.0,0.0,3.7,1.8,26.2,8.9,5.4,2.0,1.8,1.6,0.0,0.0,5.6,0.0,,5.2,2.5,0.0,,0.0,2.8,2.6,2.5,2.8,0.0,2.2,0.0,2.2,0.0,0.0,1.7,2.1,2.2,2.2,2.2,0.0,63.2,5.4,3.1,27.8,0.0,10.3,1.6,1.6,3.4,1.6,0.0,5.7,0.0,,5.3,4.5,0.0,,0.0,4.3,3.3,3.1,3.6,0.0,2.9,,3.4,0.0,0.0,2.8,2.6,3.2,2.9,2.4,0.0,75.0,3.2,3.5,22.1,0.0,3.7,1.7,7.4,3.3,1.5,0.0,7.2,0.0,,4.4,8.2,0.0,,0.0,0.0,3.6,3.4,4.1,0.0,3.4,0.0,3.8,0.0,0.0,3.1,4.3,2.4,3.4,2.3,0.0,79.2,2.6,3.9,0.0,4.3,3.3,1.3,10.9,3.4,1.4,0.0,6.0,0.0,,6.4,8.0,0.0,,0.0,0.0,2.6,2.4,3.8,0.0,4.0,0.0,5.2,0.0,0.0,3.8,5.4,2.4,3.9,3.3,0.0,56.6,1.3,3.8,0.0,14.9,2.8,0.0,11.2,3.6,3.2,0.0,19.4,0.0,,7.7,8.7,0.0,,0.0,0.0,3.8,3.4,4.8,6.8,4.8,0.0,5.9,0.0,0.0,4.8,6.6,3.0,4.7
9010.09,0.0,0.0,0.0,4.6,1.1,36.9,7.6,9.4,0.0,0.0,2.2,0.0,0.0,0.0,0.0,0.0,2.9,0.0,0.0,,0.0,0.0,3.2,3.2,1.9,4.2,1.3,0.0,0.0,0.0,0.0,0.0,0.0,2.5,1.3,1.8,0.0,0.0,4.9,2.4,28.2,0.0,15.0,0.0,0.9,4.2,0.0,0.0,0.0,0.0,0.0,12.0,0.0,0.0,,0.0,0.0,3.3,3.3,2.8,4.1,2.2,,0.0,0.0,0.0,0.0,0.0,3.9,2.2,2.6,0.0,0.0,3.4,2.6,0.0,0.0,12.9,0.0,1.2,2.4,0.0,10.6,0.0,0.0,0.0,12.0,0.0,0.0,0.0,0.0,0.0,2.3,2.2,2.3,12.7,2.4,,0.0,0.0,0.0,0.0,0.0,4.2,2.4,2.2,0.0,0.0,11.2,4.7,0.0,0.0,17.1,0.0,1.6,7.0,3.2,7.3,17.8,0.0,0.0,7.7,2.6,0.0,0.0,,0.0,6.0,5.7,4.8,18.4,3.7,100.0,0.0,0.0,0.0,0.0,1.2,7.2,4.5,3.0,0.0,0.0,7.3,3.9,0.0,0.0,0.0,0.0,3.3,6.5,3.4,4.7,15.3,0.0,,9.5,2.5,0.0,0.0,,0.0,3.7,3.5,3.9,8.9,3.0,57.1,0.0,0.0,0.0,0.0,2.0,5.1,3.6
9010.10,8.7,20.2,0.0,2.3,9.2,12.6,47.3,37.2,11.8,13.3,0.0,0.0,3.3,5.4,0.0,,7.0,31.0,28.6,,0.0,21.9,7.7,7.4,12.1,6.9,12.2,38.1,30.6,0.0,0.0,14.7,16.5,8.9,12.5,9.3,2.7,0.0,4.7,7.4,0.0,35.9,41.5,12.5,1.2,2.3,0.0,7.8,3.7,0.0,,13.3,18.5,20.8,,0.0,12.9,3.3,3.2,8.1,15.5,8.8,34.5,3.8,0.0,0.0,1.4,8.2,9.9,9.1,8.4,3.2,0.0,2.2,6.2,0.0,12.0,21.5,10.5,1.4,1.5,1.1,4.3,3.4,0.0,,9.2,14.0,0.0,,0.0,2.7,2.8,2.4,5.8,10.5,6.4,0.0,4.5,0.0,0.0,1.6,4.8,7.5,6.4,9.0,2.7,0.0,1.9,6.6,0.0,0.0,25.4,8.1,1.2,2.8,2.0,3.6,7.1,0.0,,9.3,19.0,0.0,,0.0,3.0,2.5,2.2,6.0,5.9,6.4,0.0,3.6,0.0,0.0,1.4,5.6,6.8,6.3,10.0,0.0,,0.9,6.5,7.8,0.0,30.2,8.4,0.0,2.1,2.3,4.3,0.0,,,6.1,17.7,0.0,,0.0,0.0,2.5,2.2,5.9,5.2,6.2,0.0,0.0,0.0,0.0,0.0,4.6,7.2,6.1
9010.11,1.2,9.9,0.0,0.0,2.9,37.3,19.5,0.0,7.3,7.4,0.9,0.0,0.0,5.4,,,5.7,6.9,0.0,,6.5,2.2,7.1,6.3,6.0,5.6,3.7,29.3,0.0,0.0,0.0,0.0,1.3,6.7,4.3,1.9,9.5,0.0,0.0,3.4,13.0,19.2,0.0,13.9,7.4,0.9,0.0,0.0,5.9,0.0,,9.1,6.9,0.0,,4.7,3.7,0.0,0.0,5.2,5.3,4.2,24.7,0.0,0.0,0.0,0.0,1.6,7.4,4.8,2.9,8.2,0.0,3.7,4.0,7.7,21.8,3.2,8.6,7.2,0.9,7.4,0.0,10.5,0.0,,9.5,9.6,0.0,,3.5,4.8,1.2,1.1,5.8,5.3,4.6,40.0,0.0,0.0,0.0,0.0,2.4,8.2,5.6,3.5,10.2,0.0,5.1,4.9,16.3,19.1,3.7,15.5,4.3,3.4,5.2,0.0,17.0,0.0,,5.9,10.7,0.0,,4.6,4.3,3.1,2.7,6.4,6.9,4.8,29.2,3.2,0.0,0.0,1.9,3.5,7.7,5.8,1.1,0.0,0.0,9.0,2.6,21.1,22.8,9.8,0.0,0.0,1.2,4.4,0.0,11.5,0.0,,0.0,5.7,0.0,,0.0,0.0,5.7,4.9,4.3,0.0,3.5,27.1,2.1,0.0,0.0,1.2,4.2,3.5,3.9
9010.12,0.0,10.4,0.0,4.4,3.1,16.7,0.0,0.0,11.7,0.0,6.7,0.0,0.0,8.0,17.2,,0.0,5.6,6.6,,0.0,9.6,3.7,3.1,4.5,0.0,3.0,0.0,0.0,14.1,0.0,5.9,1.9,4.1,2.9,0.0,8.7,0.0,3.2,3.1,34.0,9.8,0.0,8.8,0.0,9.7,0.0,0.0,0.0,16.1,,0.0,5.3,13.7,,0.0,9.0,3.5,4.4,5.1,0.0,4.1,0.0,0.0,14.7,0.0,5.5,1.4,6.9,3.9,2.1,0.0,0.0,3.7,2.1,44.4,10.9,0.0,11.0,0.0,7.9,0.0,0.0,0.0,0.0,,0.0,0.0,11.3,,0.0,8.8,2.8,3.4,3.3,0.0,3.3,0.0,0.0,20.0,0.0,9.0,2.0,4.3,3.0,2.5,0.0,0.0,8.2,3.5,29.7,9.0,0.0,9.3,5.8,5.2,0.0,0.0,0.0,0.0,,0.0,0.0,9.0,,0.0,14.1,4.6,4.8,4.6,0.0,4.4,0.0,0.0,13.8,0.0,5.0,4.3,3.8,4.1,3.8,0.0,0.0,7.5,3.7,15.3,17.4,0.0,0.0,6.9,6.6,0.0,0.0,0.0,0.0,,0.0,0.0,4.5,,0.0,0.0,7.1,6.9,4.7,0.0,5.8,0.0,0.0,0.0,0.0,0.0,6.0,5.0,5.5
9010.13,0.0,0.0,10.1,2.9,1.7,100.0,5.7,0.0,0.0,4.8,0.0,0.0,12.7,0.0,0.0,0.0,22.4,2.4,3.3,,0.0,0.0,0.0,5.1,3.8,0.0,2.0,0.0,0.0,0.0,0.0,0.0,0.0,3.3,1.9,0.0,0.0,1.8,3.0,1.0,100.0,8.5,0.0,0.0,4.0,0.0,0.0,5.0,0.0,,0.0,22.0,2.0,0.5,,0.0,0.0,0.0,0.5,2.8,0.0,1.5,0.0,0.0,0.0,0.0,0.0,0.0,3.0,1.5,1.8,0.0,3.4,2.7,1.9,0.0,0.0,0.0,0.0,7.3,0.0,0.0,7.0,0.0,,,0.0,2.1,0.8,0.0,0.0,0.0,2.4,2.4,1.7,0.0,1.7,0.0,0.0,0.0,0.0,0.0,1.3,2.0,1.7,2.2,0.0,0.7,0.0,0.8,0.0,0.0,0.0,0.0,4.0,0.0,0.0,3.1,0.0,,,0.0,0.0,0.2,0.0,0.0,0.0,2.9,2.2,0.7,0.0,0.7,0.0,0.0,0.0,0.0,0.0,1.3,0.1,0.7,3.0,4.8,0.0,0.0,2.0,0.0,0.0,0.0,0.0,8.9,0.0,0.0,0.0,0.0,,,0.0,0.0,0.0,0.0,0.0,0.0,6.5,4.1,1.6,28.6,1.7,0.0,0.0,0.0,,0.0,1.5,1.8,1.6
9010.14,7.2,0.0,28.6,5.9,7.2,42.6,14.2,21.4,34.3,10.9,1.4,0.0,0.0,59.3,0.0,,0.0,17.2,12.2,,10.2,31.1,1.5,1.1,11.2,0.0,6.9,21.0,0.0,0.0,32.5,5.9,7.6,8.0,7.9,8.2,0.0,31.7,6.9,7.9,31.1,23.8,27.4,25.8,15.8,1.0,0.0,0.0,3.2,0.0,,0.0,21.8,9.7,,5.6,29.2,0.9,0.7,10.7,0.0,7.5,34.6,0.0,0.0,40.0,6.6,8.2,11.1,10.0,3.7,0.0,20.6,3.0,5.3,14.2,26.8,17.6,25.1,6.7,0.0,0.0,0.0,35.0,0.0,,0.0,16.5,9.4,,0.0,34.8,0.1,0.1,9.3,0.0,5.0,45.6,0.0,0.0,32.0,3.6,5.0,10.1,7.9,6.6,4.7,22.6,0.0,6.6,34.4,81.5,0.0,23.6,7.5,3.9,4.7,0.0,43.6,0.0,,12.5,20.7,17.3,,0.0,35.7,1.3,1.2,13.1,1.1,8.3,38.9,7.7,0.0,0.0,6.2,11.0,10.2,10.6,6.8,10.0,20.9,5.7,9.0,0.0,40.6,0.0,34.7,7.6,3.4,4.7,0.0,44.4,0.0,0.0,8.1,21.7,18.9,,0.0,22.6,5.7,5.0,12.7,2.4,8.2,86.1,5.3,0.0,0.0,4.6,11.5,11.9,11.7
9010.15,0.0,0.0,0.0,22.5,8.5,,13.8,25.8,0.0,0.0,0.0,0.0,44.8,0.0,,0.0,14.1,10.7,18.1,,0.0,0.0,0.0,0.0,8.9,0.0,9.4,0.0,0.0,0.0,0.0,0.0,3.4,17.1,9.3,0.0,0.0,0.0,14.7,6.6,0.0,11.2,19.7,0.0,0.0,0.0,0.0,40.2,0.0,,0.0,22.4,7.9,10.6,,0.0,0.0,0.0,0.0,6.8,0.0,7.9,0.0,0.0,0.0,0.0,0.0,2.9,13.7,7.3,0.0,0.0,0.0,19.2,7.0,0.0,0.0,20.5,0.0,8.7,0.0,0.0,26.1,0.0,,,0.0,5.7,7.5,,0.0,0.0,16.9,8.3,5.7,0.0,6.6,0.0,0.0,0.0,0.0,0.0,3.6,8.9,6.2,0.0,0.0,0.0,28.9,10.1,8.6,0.0,30.4,0.0,21.0,0.0,0.0,0.0,0.0,,,0.0,8.2,0.0,,0.0,0.0,20.7,12.4,8.3,0.0,9.7,0.0,0.0,0.0,0.0,0.0,9.1,8.9,9.0,1.5,0.0,0.0,4.9,1.8,29.2,0.0,0.0,0.0,6.7,0.0,0.0,0.0,0.0,,,0.0,2.3,0.0,,0.0,0.0,7.3,5.0,2.5,0.0,1.0,12.3,0.0,0.0,0.0,0.0,1.8,1.1,1.5
9010.16,0.6,30.9,0.0,0.3,7.4,0.0,12.3,35.2,0.3,2.6,0.0,2.3,0.0,,0.0,35.8,0.0,1.1,24.2,,7.6,31.1,0.0,0.0,7.5,63.5,8.0,1.4,0.0,0.0,0.0,0.0,2.0,12.4,7.6,0.7,30.3,0.0,2.6,7.6,0.0,8.8,43.5,0.6,1.0,0.0,3.2,0.0,,0.0,32.7,0.0,1.5,21.8,,2.5,26.1,3.0,2.2,7.5,60.2,7.7,4.0,0.0,0.0,0.0,0.0,2.1,12.3,7.7,0.0,33.5,0.0,3.3,9.4,0.0,22.7,52.4,0.0,5.5,2.0,0.7,0.0,,0.0,,8.6,0.2,26.4,,10.4,47.8,2.3,1.7,9.8,73.6,8.9,29.5,4.5,0.0,0.0,2.4,2.9,16.2,9.9,0.0,36.6,0.0,6.2,8.3,0.0,30.4,52.2,0.0,0.0,2.4,0.0,0.0,0.0,0.0,,8.5,0.0,20.7,,0.0,48.3,4.8,3.7,8.4,72.5,7.7,41.5,6.4,0.0,0.0,3.5,4.0,13.2,8.9,0.0,36.6,0.0,10.7,10.6,0.0,14.7,45.7,0.0,6.2,3.1,0.0,0.0,0.0,0.0,,17.6,0.0,18.7,,0.0,58.0,4.9,3.8,10.4,65.9,9.5,45.7,12.9,0.0,0.0,4.7,7.3,14.0,10.8
9011.01,0.0,3.7,15.4,0.0,1.5,0.0,0.0,0.0,0.0,2.9,3.4,0.0,0.0,0.0,0.0,0.0,0.0,0.0,0.0,,0.0,0.0,2.2,2.2,1.2,13.6,1.4,0.0,16.7,0.0,0.0,6.8,2.1,0.0,1.3,0.0,2.1,13.8,0.0,1.4,0.0,30.8,0.0,0.0,2.0,4.5,0.0,0.0,0.0,0.0,0.0,0.0,14.0,0.0,,,0.0,7.3,7.2,7.1,9.1,4.1,40.0,19.4,0.0,0.0,9.2,5.6,10.5,7.7,0.0,0.0,16.0,0.0,0.9,0.0,30.7,0.0,0.0,0.0,3.6,0.0,0.0,0.0,0.0,0.0,0.0,14.6,0.0,,,0.0,5.1,5.0,6.5,0.0,3.6,41.8,9.5,0.0,0.0,4.5,4.8,10.2,7.0,0.0,0.0,18.2,0.0,1.1,0.0,14.4,0.0,0.0,0.0,3.8,0.0,0.0,0.0,0.0,0.0,0.0,8.8,0.0,,,0.0,4.9,4.5,5.0,0.0,2.7,42.5,6.9,0.0,0.0,3.3,3.4,8.0,5.3,0.0,0.0,17.2,0.0,1.5,0.0,18.5,0.0,0.0,0.0,4.5,0.0,0.0,0.0,,0.0,8.7,19.5,0.0,,,0.0,5.9,4.4,8.6,0.0,8.8,36.7,7.2,0.0,0.0,3.2,10.1,7.5,8.9
9011.02,6.7,23.1,,0.0,9.0,0.0,6.7,3.2,19.1,17.5,0.0,0.0,,,,0.0,0.0,0.0,16.8,,0.0,0.0,6.4,12.1,8.5,14.5,8.6,,0.0,46.8,0.0,16.2,10.7,0.0,8.6,8.3,0.0,,0.0,4.6,0.0,6.7,4.1,24.3,0.0,0.0,0.0,,,,0.0,0.0,0.0,0.0,,0.0,0.0,7.0,7.0,4.9,15.4,5.1,0.0,0.0,19.1,0.0,6.9,6.6,0.0,5.0,16.4,0.0,,11.7,11.3,,6.3,13.4,20.9,0.0,0.0,0.0,,,,0.0,,0.0,10.6,,0.0,0.0,11.8,14.8,10.2,20.0,10.4,0.0,62.5,100.0,0.0,23.7,12.1,7.1,10.2,17.6,0.0,,14.5,12.5,,22.9,15.3,22.5,0.0,0.0,0.0,,,,0.0,,33.3,12.9,,0.0,0.0,12.9,15.9,15.9,18.4,16.2,0.0,100.0,100.0,0.0,29.1,22.9,6.1,15.9,11.8,0.0,,12.2,8.2,,15.3,7.6,13.7,0.0,0.0,0.0,,,,0.0,,33.7,9.2,0.0,0.0,0.0,7.9,10.3,11.4,0.0,11.9,0.0,63.6,,0.0,10.9,15.9,4.8,11.4
9012.03,14.6,0.0,0.0,8.6,9.0,18.5,3.9,11.9,0.0,19.6,4.2,8.8,0.0,0.0,0.0,0.0,38.0,7.1,2.5,0.0,5.0,0.0,2.3,2.2,8.5,0.0,8.7,0.0,0.0,22.6,0.0,5.0,15.3,4.8,8.5,8.9,3.5,0.0,2.9,5.4,13.6,2.8,0.0,0.0,17.9,1.8,3.6,9.1,0.0,0.0,0.0,24.3,3.3,1.0,0.0,4.0,7.3,3.8,2.8,5.3,0.0,5.0,5.8,0.0,29.6,0.0,5.5,6.0,4.4,5.0,8.6,1.6,0.0,0.0,4.1,12.7,4.3,0.0,0.0,18.8,0.0,0.0,6.0,0.0,0.0,0.0,21.9,1.4,0.0,0.0,0.0,8.2,3.0,2.1,4.4,0.0,4.1,3.9,0.0,23.0,0.0,4.5,3.0,4.7,4.1,8.8,10.6,7.3,0.7,7.4,3.4,15.3,5.6,0.8,24.6,0.0,6.7,13.0,0.0,0.0,,32.4,1.5,3.1,0.0,0.0,2.2,2.3,3.9,7.0,0.0,8.2,10.1,0.0,12.5,0.0,2.1,2.6,11.5,8.3,11.2,8.5,5.3,1.2,7.8,9.2,17.5,5.2,1.4,19.4,0.0,5.2,19.9,6.9,,,29.4,2.1,5.5,,0.0,9.5,4.2,6.3,8.6,0.0,7.5,25.6,0.0,0.0,0.0,0.0,1.7,13.0,8.7
9012.08,0.0,13.2,0.0,0.0,3.0,0.0,21.2,0.0,0.0,0.0,14.6,0.0,0.0,0.0,0.0,0.0,0.0,0.0,12.6,,14.8,16.9,0.0,0.0,4.9,5.3,5.7,0.0,0.0,0.0,0.0,0.0,1.4,9.3,5.5,0.0,0.0,0.0,0.0,0.0,0.0,20.0,0.0,0.0,0.0,0.0,0.0,0.0,0.0,0.0,,0.0,0.0,19.8,,27.1,26.2,0.0,0.0,3.3,24.2,3.6,0.0,0.0,0.0,0.0,0.0,2.8,4.2,3.6,0.0,0.0,28.7,0.0,2.5,0.0,41.5,0.0,0.0,0.0,9.4,0.0,0.0,0.0,0.0,,0.0,15.8,23.2,,30.0,24.7,0.0,0.0,7.3,0.0,6.0,77.1,0.0,0.0,0.0,0.0,5.1,10.2,8.0,0.0,0.0,36.8,0.0,3.1,0.0,30.0,0.0,0.0,0.0,10.4,0.0,0.0,0.0,0.0,,0.0,12.2,10.6,,32.0,0.0,0.0,0.0,4.6,0.0,3.0,77.1,0.0,0.0,0.0,0.0,6.1,4.6,5.3,0.0,0.0,40.8,0.0,4.2,0.0,33.0,0.0,0.0,0.0,15.7,0.0,0.0,0.0,0.0,,0.0,13.0,15.0,,37.5,0.0,0.0,0.0,5.6,0.0,4.0,76.2,0.0,0.0,0.0,0.0,8.0,5.5,6.7
9012.09,2.8,0.0,1.0,3.3,2.0,26.2,22.7,0.0,2.4,2.4,1.6,0.8,4.8,8.1,0.0,,5.8,16.8,0.0,,0.0,4.8,5.4,4.8,5.9,7.6,2.4,25.3,1.9,12.9,0.0,3.7,7.8,1.3,4.3,2.2,3.8,2.6,2.9,2.9,20.6,16.9,0.0,0.0,5.2,1.5,2.2,5.6,15.7,0.0,0.0,3.8,16.2,0.0,,0.0,5.4,7.3,6.6,6.5,11.0,3.1,19.8,10.1,10.7,0.0,8.9,8.7,1.5,4.6,1.5,5.8,1.7,3.3,3.2,16.8,19.5,0.0,0.0,8.2,2.9,1.0,0.0,7.6,0.0,0.0,0.0,16.3,0.0,,0.0,10.5,4.8,3.9,5.8,5.3,3.6,32.9,12.8,10.1,0.0,11.1,9.3,1.6,5.1,3.2,6.9,0.0,3.5,3.8,14.4,25.4,0.0,0.0,10.6,2.5,2.9,0.0,3.9,0.0,0.0,4.9,9.8,0.0,,0.0,12.2,5.5,4.6,5.9,0.0,4.4,23.3,12.5,10.3,0.0,10.1,7.6,3.7,5.6,3.4,5.9,1.7,3.3,3.6,9.7,17.3,3.3,0.0,9.5,1.4,3.3,0.0,3.8,0.0,0.0,4.2,9.0,0.0,,0.0,5.0,5.8,4.7,4.6,0.0,3.5,26.7,12.6,6.8,16.0,11.8,6.9,2.1,4.5
9012.11,4.5,0.0,10.3,1.2,3.1,44.6,20.6,4.8,0.0,0.6,7.7,0.0,2.0,0.0,0.0,0.0,9.8,0.0,7.9,,5.1,3.0,0.0,10.9,6.0,0.0,5.1,0.0,0.0,0.0,0.0,0.0,6.8,2.7,4.9,3.9,0.0,9.7,2.8,3.5,0.0,14.5,3.3,0.0,2.2,8.4,0.0,5.4,0.0,0.0,0.0,6.8,0.0,5.8,,8.0,3.9,1.6,4.4,4.3,0.0,5.0,0.0,0.0,0.0,0.0,0.0,6.1,3.3,4.7,3.2,0.0,0.0,2.6,1.5,0.0,11.0,1.9,0.0,2.2,0.0,0.0,6.4,0.0,0.0,0.0,4.2,0.0,3.3,,3.9,5.1,1.4,0.7,2.5,0.0,2.9,0.0,0.0,0.0,0.0,0.0,2.0,3.2,2.6,4.7,0.0,0.0,1.7,1.6,0.0,13.6,3.2,0.0,1.8,0.0,0.0,6.5,0.0,0.0,0.0,6.3,0.0,2.8,,1.8,6.0,3.5,1.9,2.7,0.0,3.1,1.2,0.0,0.0,100.0,0.8,1.8,3.9,2.9,5.7,5.7,0.0,0.7,3.2,0.0,21.3,1.2,0.0,6.5,0.0,0.0,12.4,0.0,,0.0,0.0,3.1,2.7,,0.0,10.0,12.3,7.5,5.3,0.0,5.1,10.1,4.3,0.0,34.9,7.1,4.0,7.1,5.7
9012.12,1.3,6.1,0.0,10.1,3.9,15.7,21.1,0.0,18.7,0.0,3.8,0.0,8.3,0.0,,0.0,0.0,5.6,6.3,,9.1,4.6,8.1,7.5,5.8,17.2,5.6,0.0,0.0,0.0,0.0,0.0,2.7,7.8,5.5,1.3,0.0,8.7,10.9,4.7,7.9,17.5,0.0,14.6,0.0,9.5,0.0,0.0,0.0,0.0,0.0,0.0,4.4,6.1,,11.1,0.0,9.3,8.0,5.6,13.8,6.0,0.0,0.0,0.0,0.0,0.0,6.3,5.6,5.9,1.5,10.5,7.2,9.2,6.4,0.0,24.0,0.0,9.0,9.3,9.4,0.0,0.0,0.0,0.0,0.0,0.0,4.8,9.1,,12.6,3.0,8.9,10.2,7.1,11.9,8.2,0.0,16.6,0.0,0.0,10.0,11.1,5.4,8.0,5.7,13.5,7.2,8.3,8.3,0.0,28.4,7.2,15.6,9.3,10.3,0.0,0.0,0.0,0.0,0.0,17.1,4.9,9.7,,10.9,9.1,9.5,10.6,9.3,23.4,10.6,0.0,19.1,0.0,0.0,11.4,15.8,5.4,10.5,4.7,11.5,5.7,5.9,6.7,3.9,30.3,4.7,6.2,9.0,9.6,0.0,0.0,0.0,0.0,,14.7,2.5,10.4,,9.7,13.5,7.2,9.0,8.2,0.0,9.1,0.0,23.2,0.0,0.0,11.9,14.7,3.6,9.0
9012.19,1.0,0.0,0.0,10.5,3.2,8.1,6.0,8.0,9.7,5.3,1.7,0.0,0.0,10.6,0.0,,10.5,8.7,0.0,,0.0,3.2,4.0,3.7,4.3,41.0,3.4,,0.0,8.3,0.0,2.4,1.9,5.1,3.4,2.9,0.0,0.0,8.1,4.0,8.0,3.5,7.1,11.1,5.2,4.8,0.0,0.0,7.1,0.0,,10.3,7.2,0.0,,0.0,2.4,4.2,3.9,4.3,22.6,3.9,0.0,0.0,6.5,0.0,2.1,2.5,5.4,3.9,3.1,0.0,0.0,7.3,3.8,9.2,5.3,7.9,11.9,3.2,4.9,0.0,0.0,4.4,0.0,,4.3,6.4,0.0,,0.0,4.3,3.9,3.8,4.1,17.2,4.0,0.0,0.0,7.9,0.0,2.3,2.3,5.5,3.9,3.0,0.0,0.0,8.2,4.0,8.8,16.8,9.9,10.9,5.2,4.6,0.0,0.0,7.2,9.8,,7.4,4.5,0.0,,0.0,0.0,5.9,5.7,5.4,14.3,5.1,0.0,0.0,7.8,0.0,2.8,2.8,7.1,5.1,2.9,0.0,0.0,10.5,4.5,0.0,17.2,10.7,14.4,5.7,4.6,0.0,0.0,4.0,11.1,,16.0,0.0,0.0,,0.0,0.0,5.9,5.7,5.3,26.2,5.5,0.0,0.0,12.4,0.0,3.7,3.0,7.6,5.4
9012.21,0.0,4.9,47.1,1.5,3.7,1.3,0.0,12.3,0.0,0.0,3.1,3.2,0.0,0.0,0.0,0.0,0.0,7.9,0.0,,0.0,0.0,1.5,1.5,3.1,14.0,2.3,27.5,0.0,0.0,0.0,0.0,5.2,1.2,3.4,0.0,4.7,83.2,0.9,3.9,7.5,0.0,13.0,0.0,0.0,3.3,2.7,0.0,0.0,0.0,0.0,0.0,7.4,0.0,,0.0,0.0,2.6,2.5,3.8,18.3,2.7,26.9,0.0,0.0,0.0,0.0,6.1,0.8,3.7,0.0,4.6,92.9,1.1,3.9,4.7,20.4,12.4,0.0,0.0,3.7,2.3,0.0,0.0,0.0,0.0,0.0,6.4,15.9,,0.0,0.0,2.5,5.9,5.1,11.8,4.4,20.4,0.0,0.0,0.0,0.0,6.2,4.4,5.3,0.0,3.9,81.4,1.4,4.0,9.4,14.6,13.3,0.0,0.0,3.9,2.1,0.0,0.0,0.0,0.0,0.0,7.1,10.1,,0.0,0.0,3.1,5.1,5.0,8.5,3.7,52.0,0.0,0.0,0.0,0.0,6.1,3.5,4.9,0.0,4.5,65.4,0.0,3.5,4.9,18.8,12.0,0.0,0.0,4.8,0.0,0.0,0.0,,0.0,0.0,6.0,17.3,,0.0,0.0,2.3,4.6,4.5,0.0,3.8,38.6,0.0,0.0,0.0,0.0,5.9,3.0,4.6
9012.22,0.9,17.7,0.0,5.4,5.4,68.6,15.8,16.9,0.0,0.0,3.0,5.2,31.4,0.0,0.0,0.0,20.7,14.4,3.8,,0.0,7.7,6.1,5.9,8.3,11.6,6.4,0.0,0.0,0.0,0.0,0.0,9.0,4.1,6.3,1.0,16.7,0.0,5.2,4.7,68.5,16.9,15.0,0.0,0.0,2.0,3.6,27.5,0.0,0.0,0.0,18.5,12.9,5.3,,5.3,6.9,6.1,5.9,7.7,18.8,5.6,0.0,0.0,0.0,0.0,0.0,7.0,4.3,5.5,3.6,10.1,0.0,4.3,4.7,14.7,11.4,12.5,0.0,5.3,1.4,3.9,20.5,0.0,,0.0,23.0,16.9,5.9,,5.0,12.4,0.5,0.5,5.3,0.0,5.4,,0.0,0.0,0.0,0.0,4.1,6.6,5.4,1.7,19.4,0.0,4.1,4.8,7.5,9.9,6.4,0.0,9.9,1.6,2.3,14.3,0.0,0.0,,18.4,18.4,3.9,,7.4,3.1,0.7,0.6,5.2,0.0,5.5,0.0,0.0,0.0,0.0,0.0,7.5,3.5,5.4,3.7,17.2,0.0,2.0,4.8,10.3,15.3,6.0,0.0,10.5,3.2,0.0,0.0,12.8,0.0,,0.0,17.0,5.6,,5.6,5.2,3.5,3.8,6.8,0.0,6.5,0.0,2.1,0.0,0.0,1.6,7.4,5.7,6.5
9012.23,0.0,0.0,0.0,1.4,0.4,,9.5,0.0,0.0,1.5,0.0,0.0,0.0,0.0,23.8,0.0,1.4,3.1,0.0,,0.0,4.7,0.9,0.8,1.4,0.0,0.8,6.8,0.0,0.0,0.0,0.0,1.4,0.7,1.0,0.0,0.0,0.0,4.6,1.4,0.0,5.3,0.0,0.0,1.4,3.6,0.0,0.0,0.0,26.2,0.0,1.4,7.0,0.0,,0.0,10.3,0.0,0.0,1.9,0.0,1.4,5.9,6.2,0.0,0.0,4.9,3.5,0.0,1.6,0.0,0.0,0.0,6.6,1.9,19.7,24.6,0.0,0.0,1.7,5.0,0.0,0.0,0.0,0.0,0.0,3.4,8.6,0.0,,0.0,12.1,3.1,2.7,3.8,0.0,2.8,26.3,5.9,0.0,0.0,4.0,4.4,3.1,3.8,1.4,0.0,0.0,8.1,3.0,25.5,26.8,0.0,0.0,4.6,5.9,0.0,0.0,0.0,0.0,0.0,3.2,8.4,8.6,,0.0,17.5,3.5,5.0,5.7,0.0,4.1,24.6,7.3,0.0,0.0,4.5,6.4,3.5,5.0,2.8,6.9,0.0,9.0,5.0,35.2,31.0,0.0,0.0,5.3,9.6,0.0,12.9,0.0,0.0,,0.0,10.5,28.5,,20.5,56.2,5.6,7.1,9.3,10.0,8.3,26.7,15.0,0.0,0.0,7.1,8.2,9.0,8.6
9012.24,0.0,7.2,0.0,8.3,1.9,0.0,23.6,0.0,0.0,3.0,3.0,0.0,0.0,0.0,0.0,,0.0,0.0,0.0,,0.0,0.0,10.1,8.4,4.5,0.0,5.2,0.0,0.0,0.0,0.0,0.0,6.6,3.5,5.2,0.0,9.5,0.0,4.5,1.6,0.0,20.7,0.0,0.0,4.2,0.0,0.0,0.0,0.0,0.0,,0.0,0.0,0.0,,0.0,0.0,9.0,7.3,4.1,0.0,4.8,0.0,0.0,0.0,0.0,0.0,6.0,3.1,4.8,0.0,6.3,0.0,2.5,1.5,22.9,27.2,0.0,0.0,5.3,0.0,0.0,0.0,0.0,0.0,,0.0,0.0,5.7,,0.0,0.0,9.5,10.5,6.6,0.0,5.8,0.0,0.0,0.0,0.0,0.0,6.9,4.2,5.7,3.1,9.3,0.0,2.3,3.8,22.2,27.0,0.0,5.6,5.3,0.0,0.0,10.3,0.0,0.0,,0.0,12.6,6.4,,0.0,0.0,8.5,9.5,7.7,0.0,7.2,0.0,0.0,0.0,0.0,0.0,6.3,8.2,7.1,1.0,6.3,0.0,3.9,2.6,21.1,20.7,0.0,6.6,4.4,0.0,0.0,3.5,0.0,0.0,,0.0,8.3,4.4,,0.0,0.0,8.1,7.7,6.3,0.0,5.8,0.0,0.0,0.0,0.0,0.0,5.9,5.6,5.8
9012.25,1.1,10.0,15.1,2.7,4.5,26.8,5.1,10.8,0.0,3.3,7.6,5.8,4.7,0.0,0.0,,14.5,6.6,6.8,,7.3,0.0,1.9,1.9,5.0,26.3,4.6,0.0,0.0,0.0,0.0,0.0,4.6,4.4,4.5,1.0,10.8,10.7,1.9,4.2,21.2,0.0,15.9,0.0,3.0,4.7,7.1,8.5,0.0,0.0,,13.5,3.2,3.9,,8.8,0.0,2.2,1.9,4.2,25.4,4.1,0.0,0.0,0.0,0.0,0.0,4.4,3.6,4.0,1.4,14.1,1.4,7.2,5.7,0.0,0.0,47.4,0.0,3.2,0.6,8.5,7.1,0.0,,,19.8,7.2,0.0,,0.0,0.0,1.1,0.9,4.6,35.7,5.3,0.0,0.0,0.0,19.1,5.6,7.3,3.6,5.3,1.5,9.4,0.0,13.4,5.6,0.0,0.0,26.9,0.0,5.8,0.0,7.3,6.7,0.0,,,22.9,6.2,4.2,,0.0,0.0,1.6,2.9,4.6,24.6,4.9,15.9,2.7,0.0,33.8,9.5,5.8,4.6,5.2,0.0,9.9,0.0,6.2,3.2,0.0,0.0,13.0,0.0,4.6,0.0,0.0,7.8,0.0,,,15.6,1.6,3.4,,0.0,0.0,1.1,2.0,2.7,27.8,2.9,5.0,1.9,0.0,18.5,5.8,3.6,2.5,3.0
9012.26,2.9,1.8,0.0,4.0,2.7,71.2,6.6,5.1,2.7,4.5,2.8,0.0,0.0,16.6,,0.0,1.1,3.7,6.7,,7.9,3.4,5.2,7.7,5.0,0.0,3.1,0.0,2.7,0.0,0.0,1.5,4.8,1.5,3.1,1.2,2.3,0.0,2.6,1.7,65.7,4.9,4.1,3.2,2.5,0.0,0.0,0.0,17.1,,0.0,0.0,3.4,6.5,0.0,4.5,5.5,2.6,5.8,3.8,0.0,2.0,0.0,3.7,0.0,0.0,2.0,4.2,0.0,2.0,0.0,1.3,0.0,3.5,1.1,45.5,0.0,0.0,1.9,3.2,0.0,0.0,0.0,17.6,,0.0,0.0,3.7,8.7,0.0,0.0,0.0,2.0,4.8,3.1,0.0,1.1,0.0,2.4,0.0,0.0,1.2,2.3,0.0,1.1,0.7,0.7,0.0,4.2,1.5,42.8,11.0,0.0,4.5,3.4,0.0,0.0,0.0,17.0,,0.0,3.8,4.1,11.3,0.0,0.0,0.0,3.0,5.8,4.5,0.0,2.1,0.0,1.3,0.0,0.0,0.8,3.9,0.5,2.1,1.5,0.0,0.0,0.0,0.7,18.6,12.5,0.0,3.1,0.0,1.1,0.0,0.0,37.2,0.0,0.0,4.7,2.0,9.4,0.0,0.0,0.0,5.7,6.4,4.4,0.0,1.6,0.0,0.0,0.0,0.0,0.0,1.9,1.3,1.6
9012.27,7.0,9.2,0.0,0.0,5.2,0.0,0.0,0.0,17.3,0.0,0.2,28.9,0.0,0.0,0.0,0.0,0.0,0.0,8.9,,4.9,12.2,0.0,1.1,4.3,0.8,5.0,0.6,11.7,0.0,0.0,7.9,11.2,0.6,4.7,0.0,8.3,0.0,0.0,2.8,0.0,0.0,0.0,1.0,0.0,0.1,30.7,0.0,5.8,,0.0,0.0,0.0,4.8,,1.8,9.0,0.9,1.0,2.5,0.6,2.6,0.6,14.6,0.0,0.0,9.5,5.4,0.2,2.4,0.0,7.8,0.0,2.1,2.5,0.0,3.7,0.0,0.0,0.0,1.5,22.1,0.0,11.5,,0.0,0.0,0.0,4.4,,2.0,7.5,2.7,2.8,2.8,13.8,2.3,7.9,11.7,0.0,0.0,7.4,4.2,1.5,2.7,0.0,12.5,5.2,1.9,4.3,0.0,6.0,0.0,0.0,3.4,1.5,23.9,0.0,11.1,,0.0,0.0,0.0,8.4,,4.2,8.6,3.1,5.6,4.4,13.6,3.9,28.6,15.5,0.0,0.0,9.8,5.7,3.7,4.5,0.0,0.2,8.0,2.0,2.1,0.0,5.6,0.0,0.0,4.1,1.9,0.0,0.0,14.9,,,0.0,0.0,5.5,,0.0,0.5,2.6,5.2,2.6,18.8,1.9,29.2,0.0,0.0,0.0,0.0,0.0,4.4,2.4
9012.28,7.5,7.3,0.0,2.0,5.5,0.0,11.7,13.8,0.0,8.0,7.7,3.2,0.0,0.0,,,8.2,10.8,4.8,0.0,4.8,5.7,2.4,1.9,5.5,27.5,4.9,36.5,7.1,0.0,0.0,4.4,5.7,6.5,6.1,4.1,6.3,0.0,0.0,3.4,0.0,12.1,0.0,0.0,5.4,6.7,1.1,0.0,0.0,0.0,,2.2,10.0,3.4,0.0,0.0,6.5,0.4,0.3,3.8,21.2,2.8,38.6,6.0,0.0,0.0,3.6,4.9,3.6,4.2,2.6,6.9,0.0,0.0,2.7,17.3,4.8,0.0,0.0,5.3,4.6,0.0,0.0,0.0,0.0,,3.7,3.9,3.3,0.0,0.0,9.7,2.6,1.8,3.2,24.6,2.8,8.0,0.0,0.0,0.0,0.0,3.5,2.2,2.9,0.0,6.8,0.0,1.1,1.8,20.0,7.1,0.0,0.0,5.5,0.1,2.5,0.0,0.0,0.0,,6.7,0.0,3.1,0.0,0.0,12.3,2.1,1.4,2.3,0.7,2.1,3.1,0.0,0.0,0.0,0.0,4.1,0.1,2.1,2.1,11.1,0.0,1.9,3.8,48.8,11.4,0.0,0.0,9.6,3.4,3.5,0.0,0.0,0.0,,0.0,1.8,7.2,,0.0,25.6,4.7,5.0,4.8,0.6,4.6,4.7,0.0,0.0,0.0,0.0,6.1,3.2,4.6
9012.29,2.9,4.1,0.0,11.1,5.3,0.0,14.0,10.8,6.7,1.5,4.4,5.4,9.4,0.0,,,3.1,11.3,1.3,,3.5,0.0,9.3,7.6,6.7,6.6,5.9,58.8,0.0,10.0,21.7,5.8,7.6,6.3,7.0,1.0,3.1,0.0,4.6,2.5,0.0,13.4,0.0,3.6,1.2,0.0,5.8,8.7,0.0,,,0.0,10.5,1.5,,3.0,0.0,2.0,1.6,4.3,0.0,4.5,0.0,0.0,6.2,8.3,3.5,4.8,4.1,4.5,0.0,2.6,0.0,6.0,2.6,8.0,12.2,18.2,3.9,0.9,0.0,4.8,5.0,0.0,,,6.5,8.6,1.3,,3.4,0.0,3.4,2.6,4.3,0.0,4.1,0.0,0.0,6.6,28.6,5.5,3.6,4.6,4.1,0.0,5.2,5.5,6.6,3.9,4.9,4.1,13.4,3.9,2.8,1.5,7.9,4.7,0.0,,,5.5,4.2,5.3,,5.8,3.8,1.9,3.4,3.9,11.7,4.0,0.0,0.0,5.9,25.0,4.3,6.2,2.0,3.9,0.0,5.8,2.9,4.4,3.0,8.0,1.6,10.7,0.0,3.7,1.0,3.8,2.8,0.0,,,7.9,2.4,3.7,,2.6,4.0,1.7,2.4,3.2,7.1,2.9,0.0,0.0,3.6,17.5,4.5,5.1,1.0,2.9
9012.30,7.1,0.0,7.3,1.6,4.1,0.0,33.1,7.4,5.4,4.3,3.7,2.2,0.0,13.1,100.0,,4.4,8.1,5.4,,8.4,0.0,9.0,9.0,6.6,10.8,4.6,46.6,0.0,0.0,0.0,0.0,4.1,7.1,5.9,6.1,0.0,6.0,2.3,3.7,0.0,22.0,8.1,6.3,3.3,2.2,3.4,0.0,0.0,100.0,0.0,6.0,3.3,4.8,,8.1,0.0,6.9,6.5,4.8,14.0,4.2,26.7,0.0,0.0,0.0,0.0,3.0,6.9,5.2,4.4,0.0,7.8,3.6,3.5,0.0,32.5,8.6,5.5,2.0,2.9,3.9,0.0,0.0,100.0,0.0,10.1,4.2,5.1,,10.7,0.0,6.5,5.7,5.5,11.0,4.5,49.2,0.0,0.0,12.2,1.5,3.2,7.9,5.8,5.0,0.0,11.5,3.9,3.8,0.0,12.6,6.4,10.0,1.4,3.3,3.8,0.0,0.0,,0.0,8.9,4.6,7.5,,21.3,4.0,2.3,1.9,3.9,21.3,3.7,43.3,0.0,9.0,7.3,3.8,4.6,4.0,4.2,0.0,0.0,17.4,2.5,1.9,0.0,6.7,1.6,14.0,0.0,0.0,0.0,0.0,0.0,,0.0,5.1,0.0,7.7,,14.0,10.3,0.4,0.3,2.0,34.9,1.5,71.4,0.0,15.4,6.1,4.8,2.4,2.1,2.2
9012.31,3.2,3.6,0.0,0.0,2.6,32.9,0.0,6.1,4.6,2.8,0.0,3.8,0.0,0.0,,0.0,0.0,5.4,0.0,,0.0,6.2,3.0,2.9,2.9,10.9,1.6,31.4,6.4,0.0,15.3,6.8,3.9,1.1,2.3,2.9,6.5,0.0,0.0,3.0,26.5,4.0,6.4,1.6,4.8,0.0,4.1,0.0,0.0,,0.0,0.0,1.1,0.0,,0.0,18.0,3.8,3.6,3.9,11.0,2.3,21.3,6.2,0.0,4.4,4.7,4.1,2.2,3.0,2.0,6.7,18.2,0.0,2.9,29.8,4.7,9.5,0.0,4.1,0.0,4.5,0.0,0.0,,0.0,0.0,1.2,0.0,,0.0,18.8,4.3,4.1,4.3,14.2,2.7,13.7,7.7,0.0,0.0,4.9,4.2,2.2,3.1,2.2,9.2,55.6,0.0,3.2,19.2,4.9,15.4,0.0,4.5,0.0,4.9,0.0,0.0,,0.0,0.0,1.7,0.0,,,21.4,4.0,3.7,4.3,20.0,2.8,20.0,6.6,0.0,0.0,4.5,4.1,2.7,3.3,1.1,7.0,14.1,1.5,2.5,25.9,14.9,12.4,0.0,1.1,1.0,6.0,0.0,0.0,,,5.6,2.3,0.0,,0.0,31.3,3.5,3.1,5.0,18.4,2.8,29.7,5.3,0.0,0.0,3.5,3.7,3.3,3.5
9012.32,0.0,13.7,0.0,1.7,1.8,0.0,7.0,5.0,0.0,0.0,0.1,11.9,0.0,3.7,,,3.9,1.6,0.2,,0.0,1.8,2.7,2.6,2.4,0.5,2.4,1.0,0.0,0.0,0.0,0.0,0.8,3.8,2.3,0.0,16.8,0.0,0.7,1.7,0.0,5.3,0.0,0.0,0.0,0.9,12.4,0.0,2.4,,,4.2,0.9,0.3,,0.0,1.0,2.4,2.2,2.0,6.3,1.9,7.5,0.0,0.0,0.0,0.0,0.0,3.9,2.0,0.0,12.3,0.0,0.9,1.8,0.0,3.1,0.0,0.0,0.0,1.0,11.6,0.0,3.3,,,0.0,1.3,0.2,,0.0,1.8,2.6,2.4,1.9,11.5,1.7,6.6,0.0,0.0,0.0,0.0,0.0,3.4,1.9,0.0,14.1,0.0,1.0,1.9,0.0,0.0,0.0,0.0,0.0,0.9,14.2,0.0,0.0,,,0.0,0.0,0.2,,0.0,0.3,2.7,2.5,1.6,9.6,1.5,17.1,0.0,0.0,0.0,0.0,0.0,3.1,1.7,0.0,15.1,9.1,1.4,3.0,0.0,0.0,0.0,0.0,2.5,1.2,15.2,0.0,0.0,,,0.0,0.0,0.2,,0.0,3.8,3.2,2.9,2.5,11.6,2.4,24.2,0.0,0.0,0.0,0.0,0.0,4.8,2.7
9012.33,1.7,0.0,0.0,0.0,0.9,8.6,19.0,0.0,0.0,0.0,1.7,1.6,0.0,0.0,0.0,,0.0,0.0,0.0,,0.0,0.0,5.1,4.5,3.1,51.6,3.0,0.0,3.4,0.0,0.0,2.5,6.6,0.0,2.9,1.8,4.6,0.0,0.0,1.7,9.3,13.4,0.0,0.0,0.0,4.5,1.6,0.0,0.0,0.0,,0.0,8.9,0.0,,0.0,0.0,4.3,3.6,3.4,35.6,2.5,11.9,8.8,0.0,0.0,6.4,7.0,0.0,3.0,2.1,4.4,0.0,0.0,1.8,0.0,0.0,0.0,0.0,0.0,5.0,1.5,0.0,9.6,0.0,,0.0,16.2,0.0,,0.0,0.0,1.2,1.2,2.2,0.0,1.1,21.9,10.8,0.0,0.0,8.2,4.1,0.0,1.7,2.2,2.8,0.0,0.0,1.6,14.8,7.0,0.0,0.0,0.0,3.4,3.4,0.0,4.3,,,0.0,11.6,5.8,,12.0,0.0,1.4,1.4,2.6,13.9,1.7,13.3,3.1,0.0,0.0,2.6,4.5,0.5,2.0,2.0,4.5,0.0,0.0,1.7,35.9,6.3,0.0,0.0,0.0,3.8,3.5,0.0,4.5,0.0,,0.0,12.1,7.5,,16.8,0.0,1.9,1.8,3.3,13.5,1.4,26.9,3.9,0.0,0.0,2.9,3.9,0.7,1.9
9012.34,0.1,0.0,4.9,0.0,0.3,0.0,0.0,0.0,0.0,0.0,0.8,0.0,0.0,0.0,0.0,,0.0,0.4,0.9,,0.0,1.2,0.0,0.0,0.2,0.0,0.3,0.0,0.5,0.0,0.0,0.3,0.1,0.4,0.3,1.5,0.0,11.7,0.0,1.3,0.0,0.0,0.0,0.0,0.0,3.9,0.0,0.0,0.0,0.0,,0.0,5.7,1.9,,0.0,2.1,0.0,0.0,1.1,0.0,1.1,0.0,10.3,0.0,0.0,5.9,1.5,0.8,1.1,0.0,14.3,0.0,0.0,2.3,35.0,0.0,0.0,0.0,0.0,0.0,0.0,11.6,0.0,0.0,,23.0,0.0,12.8,,28.6,0.0,0.0,0.0,2.8,0.0,2.1,0.0,0.0,0.0,0.0,0.0,4.6,0.0,2.1,1.0,13.0,,0.0,2.8,22.8,0.0,0.0,0.0,2.7,0.0,0.0,13.0,0.0,37.5,0.0,24.5,0.0,14.4,,39.7,0.0,1.3,1.2,3.5,0.0,2.5,0.0,0.0,0.0,0.0,0.0,5.4,0.0,2.5,1.1,14.9,0.0,0.0,2.7,22.2,0.0,0.0,0.0,3.2,0.0,0.0,11.6,0.0,37.5,0.0,17.4,0.0,11.3,,41.1,0.0,1.4,1.3,3.3,0.0,2.5,0.0,0.0,0.0,0.0,0.0,5.4,0.0,2.5
9012.35,0.0,0.0,,0.0,0.0,4.9,13.8,0.0,0.0,0.0,0.0,0.0,0.0,0.0,,,0.0,2.8,0.0,,0.0,2.4,1.7,1.7,1.8,0.0,1.7,,0.0,0.0,0.0,0.0,1.9,1.4,1.7,0.0,0.0,,0.0,0.0,14.4,9.0,0.0,0.0,0.0,0.0,0.0,0.0,0.0,,,0.0,0.0,0.0,,0.0,2.9,2.8,2.7,1.7,0.0,0.9,,0.0,0.0,0.0,0.0,2.1,0.0,0.9,0.0,0.0,,0.0,0.0,9.2,7.7,0.0,0.0,0.0,0.0,0.0,0.0,0.0,,,0.0,0.0,0.0,,0.0,0.0,2.4,2.3,1.5,0.0,1.0,,0.0,0.0,0.0,0.0,2.3,0.0,1.0,0.0,0.0,0.0,0.0,0.0,40.7,11.6,0.0,0.0,0.0,0.0,0.0,0.0,0.0,,,0.0,0.0,0.0,,0.0,0.0,2.4,2.4,1.5,0.0,0.9,,0.0,0.0,0.0,0.0,1.8,0.0,0.9,0.0,0.0,39.0,0.0,1.1,32.4,16.2,0.0,0.0,3.1,0.0,0.0,0.0,0.0,,,0.0,0.0,0.0,,,0.0,4.0,3.9,2.6,8.9,2.0,,0.0,0.0,0.0,0.0,3.9,0.0,2.0
9012.36,1.5,0.0,0.0,8.9,2.8,0.0,11.0,0.0,27.0,0.6,0.0,0.0,0.0,0.0,0.0,,2.2,0.0,13.4,,0.0,12.0,3.0,3.0,3.6,21.3,3.8,,1.2,0.0,0.0,0.8,2.9,4.7,3.8,0.9,0.0,0.0,5.7,1.7,0.0,14.5,0.0,13.5,0.6,0.0,0.0,0.0,0.0,0.0,,1.9,0.0,10.5,,0.0,11.8,1.6,1.5,2.6,15.8,2.8,0.0,1.2,0.0,0.0,0.8,2.3,3.1,2.7,1.8,0.0,0.0,1.9,1.6,0.0,15.0,0.0,11.4,0.6,0.0,0.0,0.0,0.0,,,5.2,0.0,9.5,,0.0,13.1,1.8,1.6,2.6,17.5,2.8,0.0,1.2,0.0,0.0,0.8,2.2,3.3,2.8,2.7,0.0,0.0,1.4,1.9,0.0,14.0,0.0,10.5,0.9,0.0,0.0,0.0,0.0,,0.0,5.6,0.0,10.9,,0.0,15.4,2.4,2.2,2.8,40.0,3.0,0.0,1.8,0.0,0.0,0.9,2.2,3.9,3.0,1.2,0.0,0.0,0.0,0.7,15.4,13.8,0.0,2.9,0.8,0.0,0.0,0.0,0.0,,0.0,5.4,1.1,11.6,,0.0,16.7,0.0,0.0,2.2,0.0,1.9,0.0,1.7,0.0,0.0,0.8,1.3,2.5,1.9
9012.37,4.0,0.0,0.0,14.2,6.2,71.4,0.0,9.8,0.0,9.1,6.2,0.0,7.8,0.0,,,19.0,0.0,0.0,0.0,0.0,0.0,9.7,9.3,7.0,7.0,3.0,60.8,16.1,0.0,0.0,9.6,4.5,6.6,5.6,5.3,1.3,0.0,5.0,4.3,59.3,0.0,15.5,0.0,1.7,9.1,0.0,5.1,,,,16.2,3.3,0.0,0.0,0.0,0.0,6.1,5.7,6.2,7.7,3.6,13.3,22.0,0.0,0.0,10.6,5.6,1.9,3.8,7.0,2.1,0.0,1.9,4.9,19.2,29.6,0.0,0.0,2.1,12.9,0.0,7.2,0.0,,,0.0,18.4,0.0,0.0,0.0,0.0,8.2,7.1,8.1,0.0,7.6,17.2,22.9,0.0,0.0,14.4,14.0,0.7,7.7,3.5,2.1,0.0,1.5,2.6,35.6,33.7,0.0,0.0,2.3,5.4,0.0,4.0,0.0,,,0.0,11.4,1.6,,0.0,0.0,8.8,7.8,7.2,0.0,5.9,8.2,9.4,0.0,0.0,4.7,9.0,2.7,6.1,1.1,7.5,0.0,0.0,2.0,34.2,40.5,9.5,0.0,1.6,2.3,0.0,0.0,20.7,,,0.0,13.6,3.3,,0.0,0.0,7.0,6.7,7.7,0.0,6.1,9.9,0.0,0.0,0.0,0.0,7.3,5.2,6.4
9013.03,1.3,0.0,0.0,3.4,1.4,51.4,14.9,1.6,2.4,0.0,2.8,0.0,0.0,9.9,,,4.1,0.0,1.3,,0.0,1.9,5.0,5.4,3.5,10.0,2.5,7.9,0.0,0.0,0.0,0.0,2.4,2.8,2.7,1.0,0.0,0.0,0.0,0.7,21.5,7.7,0.0,2.9,0.0,0.9,0.0,0.0,0.0,,,3.6,0.0,1.4,,0.0,0.0,2.0,2.4,1.8,6.1,1.0,9.5,0.0,0.0,0.0,0.0,0.9,1.6,1.3,0.6,2.7,0.0,0.0,0.7,0.0,10.3,0.0,2.4,0.0,1.1,0.0,0.0,0.0,,,0.0,0.0,2.1,,0.0,0.0,1.8,2.4,1.4,12.0,1.5,0.0,0.0,0.0,0.0,0.0,0.0,2.5,1.5,0.8,2.9,0.0,0.0,0.8,0.0,8.6,0.0,3.9,0.0,1.3,0.0,0.0,0.0,,,0.0,0.0,1.8,,0.0,0.0,1.9,2.3,1.4,16.7,1.5,,0.0,0.0,0.0,0.0,0.0,2.5,1.5,1.6,5.3,0.0,0.0,1.6,0.0,8.3,0.0,11.7,0.0,2.3,0.0,0.0,0.0,,,0.0,8.1,0.0,,0.0,0.0,2.4,2.1,2.2,0.0,2.3,,8.8,0.0,0.0,4.4,3.3,1.6,2.3
9013.04,8.0,9.5,0.0,7.0,7.5,7.1,10.7,0.0,3.4,6.6,6.0,0.0,24.0,0.0,,,0.0,0.0,0.0,,0.0,0.0,11.6,10.0,7.3,4.2,8.0,0.0,0.0,0.0,0.0,0.0,1.0,12.2,7.7,7.5,9.0,0.0,7.2,7.4,9.5,14.7,0.0,3.1,6.3,6.3,0.0,24.1,14.1,0.0,,10.8,5.8,1.6,,0.0,0.0,11.5,9.9,8.3,4.5,8.1,0.0,0.0,0.0,0.0,0.0,1.1,12.0,7.9,8.9,12.5,0.0,7.5,8.5,9.1,6.7,0.0,3.7,5.6,9.2,0.0,32.5,15.5,0.0,,15.2,4.8,1.0,,0.0,0.0,12.5,9.9,8.8,5.6,7.5,28.6,2.8,0.0,0.0,1.8,4.2,11.4,8.4,13.4,12.4,0.0,8.2,10.5,11.1,4.4,5.2,2.7,9.1,11.5,0.0,30.4,15.5,0.0,,17.5,5.2,1.5,,0.0,0.0,13.9,11.5,10.4,26.5,8.6,40.0,5.2,0.0,0.0,3.4,5.4,13.7,10.1,13.0,11.4,2.2,4.1,8.9,0.0,4.2,5.1,4.1,2.4,11.8,3.0,32.7,21.4,0.0,,15.0,7.2,1.7,,0.0,0.0,11.4,9.1,8.7,16.4,7.4,27.7,4.1,0.0,0.0,3.0,4.2,11.6,8.4
9013.05,0.0,0.0,0.0,3.7,1.0,7.1,14.7,6.8,0.0,1.5,0.0,0.0,0.0,11.9,,0.0,0.0,0.0,3.6,,0.0,11.3,2.3,2.6,2.6,9.5,1.5,0.0,0.0,0.0,0.0,0.0,1.0,1.9,1.5,0.0,0.0,0.0,8.6,2.3,0.0,6.1,19.6,0.0,2.0,0.0,0.0,0.0,13.8,,,0.0,0.0,1.8,,0.0,7.3,3.7,3.3,2.9,13.0,2.6,0.0,0.0,0.0,,0.0,3.1,2.0,2.6,0.0,0.0,0.0,9.1,2.7,0.0,2.4,19.3,0.0,2.6,0.0,0.0,0.0,13.4,,,0.0,0.0,1.9,,0.0,9.0,3.5,3.1,2.9,17.3,2.8,0.0,0.0,0.0,,0.0,3.6,1.9,2.7,0.0,0.0,0.0,6.8,1.6,4.5,4.8,18.1,0.0,0.0,0.0,0.0,0.0,20.0,,,0.0,0.0,2.1,,0.0,7.2,3.3,3.2,2.8,0.0,1.9,0.0,0.0,0.0,0.0,0.0,3.0,0.9,1.9,0.0,0.9,0.0,5.3,1.5,9.5,4.0,17.2,0.0,0.0,0.0,0.0,0.0,36.0,,,0.0,0.0,4.3,,0.0,32.4,3.4,3.3,3.3,0.0,1.8,0.0,0.0,0.0,0.0,0.0,2.2,1.4,1.8
9013.06,1.8,0.3,0.0,8.7,3.3,28.2,5.9,0.0,0.0,3.1,3.1,5.4,7.8,0.0,47.1,0.0,26.7,5.9,10.5,,21.1,10.8,2.6,2.6,5.3,1.0,3.2,11.2,9.9,0.0,0.0,7.8,5.7,1.6,3.5,1.8,2.3,0.0,6.4,3.1,7.4,5.4,0.0,0.0,3.3,3.0,8.1,1.8,0.0,20.9,0.0,12.1,5.7,2.4,,0.0,23.8,2.2,2.2,3.5,1.1,3.0,10.1,9.0,0.0,0.0,6.7,4.9,1.9,3.3,2.6,2.0,0.0,6.1,3.6,0.0,18.0,0.0,0.0,4.8,2.8,7.5,4.7,0.0,26.0,0.0,10.2,11.9,3.0,,0.0,24.3,2.1,2.0,4.5,1.3,4.2,100.0,10.0,0.0,0.0,7.7,5.5,3.9,4.6,3.5,4.6,0.0,5.5,4.1,0.0,8.2,4.9,0.0,4.0,2.5,8.6,8.5,0.0,26.2,,0.0,10.8,5.4,,0.0,25.8,2.3,2.1,4.3,1.4,4.0,100.0,6.5,0.0,0.0,4.8,5.0,4.0,4.5,0.0,4.1,0.0,4.6,2.0,15.1,0.0,7.6,0.0,0.0,0.2,11.4,0.0,0.0,0.0,,0.0,8.6,0.4,,0.0,2.1,2.1,2.0,2.4,11.1,1.9,4.0,0.0,0.0,0.0,0.0,2.1,1.7,1.9
9014.03,0.0,13.5,7.3,1.4,4.0,0.0,16.0,0.0,0.0,1.2,10.1,0.0,0.0,15.9,,0.0,2.3,25.3,0.0,,0.0,0.0,1.2,1.0,5.6,0.0,5.6,0.0,44.5,0.0,0.0,28.3,9.4,3.4,5.4,0.0,13.4,6.5,1.3,3.8,0.0,11.7,0.0,0.0,1.0,11.1,0.0,0.0,22.5,,0.0,3.0,21.0,0.0,,0.0,0.0,2.6,1.6,5.0,0.0,4.6,5.5,58.2,0.0,,36.5,9.2,1.6,4.6,0.0,17.2,3.4,6.9,6.1,0.0,13.0,0.0,0.0,0.6,12.1,21.9,0.0,34.5,,,2.2,18.9,0.0,,0.0,0.0,8.3,5.7,7.3,0.0,6.9,4.8,42.5,0.0,0.0,27.8,14.5,1.6,6.7,0.7,16.5,0.0,6.8,5.9,0.0,13.7,0.0,0.0,1.9,11.9,19.1,0.0,40.0,,0.0,6.9,16.0,0.1,,1.1,0.0,8.9,4.9,7.2,0.0,5.9,17.5,30.4,0.0,0.0,24.6,12.9,2.1,6.7,0.9,16.0,0.0,10.0,7.2,71.4,13.8,0.0,0.0,3.1,11.3,21.1,0.0,45.2,,0.0,6.7,14.9,0.3,,1.9,0.0,11.4,6.9,8.4,0.0,6.3,31.6,30.4,0.0,0.0,24.7,16.1,1.8,7.7
9014.07,2.2,6.7,0.0,0.0,2.6,0.0,8.3,0.0,0.0,3.7,6.3,0.0,0.0,0.0,0.0,,1.9,2.5,5.1,,0.0,4.8,3.3,3.7,3.3,0.0,3.3,7.2,0.0,0.0,16.2,6.8,4.7,2.5,3.5,1.3,7.7,0.0,0.3,2.5,0.0,2.6,0.0,3.6,1.9,5.4,0.0,0.0,0.0,0.0,,1.7,2.0,5.2,,9.2,5.6,0.3,0.2,2.4,0.0,2.3,6.3,0.0,0.0,14.2,5.6,4.3,1.0,2.5,0.0,8.2,0.0,0.5,2.1,0.0,2.7,0.0,4.2,0.5,6.1,0.0,0.0,0.0,,,1.8,0.0,4.1,,5.8,5.1,0.5,0.3,2.1,0.0,2.1,4.2,0.0,0.0,7.1,2.6,3.4,1.3,2.2,0.0,6.4,0.0,0.5,1.6,0.0,3.0,0.0,2.8,0.5,4.7,0.0,0.0,0.0,,,1.7,0.0,3.3,,4.2,5.7,0.4,0.2,1.6,0.0,1.6,2.9,0.0,0.0,4.8,2.1,2.8,0.9,1.7,4.4,3.8,0.0,1.0,2.6,0.0,9.9,6.3,4.1,0.9,0.0,4.7,1.9,0.0,,,1.4,3.0,2.0,,7.1,0.0,5.5,3.0,3.0,0.0,2.6,13.4,0.0,0.0,3.6,1.9,3.1,3.3,3.2
9014.09,0.9,8.2,0.0,0.0,1.7,10.7,25.7,5.4,0.0,0.0,0.0,0.0,7.8,0.0,0.0,0.0,0.0,7.7,6.8,,0.0,8.8,1.1,1.0,3.8,38.5,2.5,40.7,0.0,0.0,0.0,0.0,1.0,5.8,3.5,0.0,6.1,0.0,0.0,0.9,14.5,30.1,4.8,0.0,0.0,0.0,0.0,0.0,0.0,0.0,0.0,0.0,7.5,5.1,,0.0,8.3,0.0,0.0,3.0,37.0,1.6,44.0,0.0,0.0,0.0,0.0,0.0,4.5,2.4,0.0,2.2,0.0,1.4,0.7,8.6,13.5,1.8,0.0,0.0,0.0,0.0,6.4,0.0,0.0,0.0,0.0,4.0,2.1,,0.0,3.0,0.6,0.5,1.7,40.5,1.1,15.1,0.0,0.0,0.0,0.0,0.5,2.3,1.5,0.0,0.0,0.0,1.8,0.4,4.6,13.1,0.0,0.0,0.0,0.0,0.0,12.0,0.0,0.0,0.0,0.0,1.4,2.6,,0.0,5.0,2.1,1.9,1.7,43.6,1.6,0.0,0.0,0.0,0.0,0.0,0.8,2.2,1.6,0.0,0.0,0.0,7.2,1.6,0.0,16.7,0.0,0.0,2.4,2.0,0.0,10.5,0.0,0.0,100.0,0.0,0.0,0.0,,0.0,0.0,4.1,3.7,2.5,28.8,2.3,22.2,7.1,0.0,0.0,3.9,2.4,2.8,2.6
9014.11,0.0,0.0,0.0,3.6,0.8,0.0,15.3,11.6,0.0,0.0,0.0,0.0,0.0,0.0,0.0,0.0,0.0,11.2,7.5,,,7.6,0.0,0.0,2.1,17.1,2.5,,0.0,0.0,0.0,0.0,1.4,3.4,2.5,0.0,0.0,13.3,0.0,0.3,0.0,24.9,0.0,0.0,0.9,0.0,0.0,0.0,0.0,0.0,0.0,2.8,13.5,6.6,,0.0,6.3,0.0,0.0,2.4,25.5,2.8,,0.0,7.8,0.0,0.9,0.5,5.2,2.8,1.5,0.0,7.4,2.2,1.7,0.0,26.6,0.0,0.0,4.9,0.0,1.8,0.0,0.0,0.0,0.0,3.0,16.0,8.9,,0.0,5.9,2.0,1.9,3.6,38.7,4.2,,1.0,50.0,0.0,5.1,2.6,5.6,4.2,2.4,0.0,8.2,2.8,2.4,0.0,35.4,0.0,5.3,6.9,0.0,1.8,0.0,0.0,0.0,,4.0,13.9,13.0,,0.0,7.8,3.4,3.2,5.1,39.4,6.0,0.0,2.6,43.5,0.0,8.7,4.2,7.5,6.0,1.6,0.0,11.9,2.7,2.1,26.4,24.3,0.0,4.3,5.3,0.0,1.9,0.0,0.0,0.0,,5.5,0.0,0.0,,0.0,5.9,5.4,5.0,4.7,30.3,4.2,0.0,2.3,34.9,0.0,7.6,3.7,4.6,4.2
9014.12,3.0,3.8,,1.4,2.7,12.0,9.3,0.0,0.0,0.0,2.2,0.0,22.3,0.0,,,2.1,5.0,3.7,,0.0,3.1,3.6,3.6,3.4,6.5,3.1,0.0,0.0,0.0,0.0,0.0,1.3,4.6,3.0,3.5,0.0,,0.0,2.2,19.0,0.0,8.3,0.0,0.0,0.8,0.0,21.8,0.0,,0.0,4.8,6.6,0.0,,5.9,0.0,2.5,2.5,3.1,0.0,2.1,0.0,0.0,0.0,0.0,0.0,0.0,4.1,2.1,3.7,0.0,,0.0,2.4,15.9,0.0,6.9,0.0,0.0,1.4,0.0,22.4,0.0,0.0,0.0,4.3,6.5,0.0,,8.3,0.0,2.7,2.6,3.2,0.0,2.3,0.0,0.0,0.0,0.0,0.0,0.0,4.5,2.3,3.1,0.0,0.0,1.0,2.3,22.1,15.6,7.0,1.4,0.0,0.0,0.0,23.2,,0.0,0.0,9.6,8.6,0.0,,8.3,0.0,3.3,3.1,4.3,0.0,3.1,0.0,0.0,0.0,0.0,0.0,0.0,5.8,3.0,2.6,0.0,0.0,2.0,2.2,11.8,32.6,13.8,1.3,0.0,1.0,0.0,17.3,0.0,0.0,0.0,8.0,0.0,0.0,,23.1,0.0,5.2,4.9,5.0,6.1,4.4,20.4,0.0,0.0,0.0,0.0,3.2,6.0,4.7
9014.13,4.2,11.2,0.0,1.8,4.8,0.0,2.5,18.7,0.0,2.0,4.9,0.0,7.7,0.0,,0.0,7.8,0.0,3.6,,7.8,0.0,4.8,4.7,4.2,24.8,4.7,0.0,0.0,47.0,11.0,6.6,4.4,4.7,4.6,6.2,12.0,0.0,2.3,6.3,27.0,4.5,11.3,0.0,2.3,9.7,2.4,8.9,0.0,,0.0,8.5,0.0,8.3,,10.8,4.1,6.0,7.4,6.7,26.6,6.2,,3.9,41.7,8.7,9.6,6.1,6.2,6.2,6.5,14.4,0.0,1.2,6.7,32.4,4.5,13.4,0.0,2.0,9.8,3.3,11.3,0.0,,0.0,8.4,0.0,7.6,,11.0,5.1,6.5,7.3,6.9,24.6,6.4,,3.5,38.0,10.9,9.2,6.6,6.3,6.4,6.2,15.0,0.0,3.5,7.3,39.0,4.0,14.8,0.0,3.4,9.7,4.2,12.1,0.0,,0.0,5.2,0.0,9.7,,10.8,9.7,7.8,8.5,7.6,30.4,7.1,,3.1,44.1,11.7,8.7,8.2,5.9,7.1,9.3,14.5,0.0,2.7,8.8,39.7,17.9,13.0,0.0,4.7,11.1,4.2,27.7,0.0,,0.0,14.7,0.0,6.2,,0.0,30.4,10.0,10.3,9.8,39.2,9.4,,6.0,42.6,15.5,10.9,11.4,7.8,9.4
9014.14,1.0,5.9,0.0,2.1,1.7,46.2,15.3,0.0,0.0,1.5,3.5,0.0,0.0,0.0,0.0,,0.0,3.8,0.0,,0.0,0.0,5.7,5.2,3.9,0.0,2.7,0.0,0.0,0.0,0.0,0.0,1.4,3.6,2.7,1.0,0.0,0.0,1.6,1.0,27.3,8.2,0.0,0.0,0.0,3.2,0.0,0.0,0.0,0.0,,0.0,3.8,0.0,,0.0,0.0,3.5,3.2,2.8,4.3,1.7,0.0,1.2,0.0,,0.9,1.4,1.8,1.6,2.2,0.0,0.0,2.4,1.9,40.3,6.4,0.0,0.0,1.8,4.8,0.0,0.0,0.0,0.0,,0.0,7.1,0.0,,0.0,0.0,5.3,4.8,4.0,9.7,2.2,0.0,2.1,0.0,,1.6,2.0,2.4,2.2,2.1,0.0,0.0,2.6,1.9,19.0,0.0,0.0,0.0,1.9,3.3,0.0,0.0,0.0,0.0,,0.0,4.5,0.0,,0.0,0.0,4.4,4.0,3.3,7.5,1.8,0.0,1.7,0.0,,1.2,1.4,2.1,1.8,2.7,0.0,0.0,0.0,1.5,17.4,0.0,0.0,0.0,2.9,1.7,0.0,0.0,0.0,0.0,,0.0,4.9,0.0,,0.0,0.0,3.8,3.3,2.9,11.3,1.1,66.7,1.6,0.0,0.0,1.3,1.4,1.5,1.5
9014.15,0.8,0.0,0.0,18.8,5.7,4.3,0.0,0.0,0.0,0.0,0.0,52.7,0.0,0.0,,,1.4,0.0,0.0,,0.0,5.1,6.3,6.0,4.9,0.0,5.2,0.0,0.0,0.0,0.0,0.0,9.8,0.8,5.2,0.8,0.0,0.0,16.5,5.9,8.7,0.0,0.0,0.0,0.0,0.0,41.6,0.0,0.0,,,1.6,0.0,0.0,,0.0,7.5,6.4,6.3,5.1,0.0,5.3,0.0,0.0,0.0,0.0,0.0,10.1,0.8,5.3,0.9,0.0,0.0,16.5,6.2,0.0,0.0,0.0,0.0,0.0,0.0,39.7,0.0,0.0,,,0.0,0.0,0.0,,0.0,6.7,6.6,6.4,5.0,0.0,5.4,,0.0,0.0,0.0,0.0,10.6,0.8,5.4,0.9,10.3,0.0,16.7,7.0,0.0,3.5,0.0,0.0,0.0,0.0,42.7,0.0,0.0,0.0,,0.0,0.0,0.0,,0.0,5.5,8.6,8.3,6.2,14.1,6.6,,0.0,0.0,0.0,0.0,11.2,2.7,6.6,0.7,6.5,0.0,16.2,6.6,0.0,3.0,0.0,0.0,0.0,0.0,48.5,0.0,0.0,0.0,,0.0,0.0,0.0,0.0,0.0,5.2,7.8,7.4,5.7,11.7,6.1,,0.0,0.0,0.0,0.0,10.1,2.7,6.1
9014.16,0.0,7.1,0.0,1.8,1.4,9.3,5.3,13.7,0.0,0.0,0.0,0.0,0.0,0.0,0.0,0.0,0.0,9.2,6.6,,0.0,6.4,0.6,0.6,2.0,0.0,1.8,0.0,0.0,0.0,0.0,0.0,0.0,3.2,1.8,0.8,6.6,0.0,1.7,1.7,8.4,5.9,11.7,7.6,0.0,0.8,0.0,0.0,0.0,0.0,0.0,0.0,6.7,5.4,,0.0,8.6,0.9,0.9,2.2,4.3,1.8,15.6,1.6,0.0,0.0,1.2,0.6,3.0,2.0,2.6,6.7,0.0,0.0,2.2,6.5,4.9,7.6,5.2,0.9,3.6,0.0,0.0,0.0,0.0,0.0,0.0,4.1,5.1,,0.0,13.0,1.7,1.6,2.6,4.0,2.3,18.2,2.5,7.7,0.0,3.2,1.7,3.0,2.4,3.9,14.9,0.0,2.0,4.7,15.1,5.3,18.8,2.3,2.6,6.3,3.7,0.0,0.0,0.0,0.0,0.0,12.3,7.8,,0.0,15.8,4.4,4.2,5.4,15.3,4.7,25.0,2.7,7.6,0.0,2.9,2.5,6.4,4.8,4.3,10.0,0.0,1.7,4.1,17.0,4.9,0.0,3.9,3.5,6.0,3.9,0.0,0.0,0.0,0.0,0.0,5.9,3.3,,0.0,14.7,5.7,5.0,5.0,11.8,4.0,37.5,3.5,8.0,0.0,3.6,4.9,3.6,4.2
9014.17,2.5,0.0,0.0,0.0,1.3,9.0,0.0,25.3,0.0,0.0,0.0,0.0,0.0,0.0,0.0,,7.1,0.0,0.0,,0.0,0.0,1.5,1.5,1.6,0.0,1.3,0.0,0.0,0.0,0.0,0.0,2.7,0.0,1.3,0.0,0.0,0.0,1.8,0.4,12.0,11.1,0.0,0.0,2.7,0.0,0.0,0.0,0.0,0.0,,14.9,0.0,5.2,,0.0,0.0,0.4,1.1,1.5,0.0,1.0,0.0,3.2,0.0,0.0,2.1,0.8,1.2,1.0,0.7,0.0,0.0,2.1,0.8,0.0,8.5,0.0,0.0,3.6,0.8,0.0,0.0,0.0,0.0,,0.0,0.0,6.4,,0.0,0.0,0.6,1.7,1.2,0.0,1.4,0.0,3.3,0.0,0.0,2.7,1.5,1.3,1.4,0.8,0.0,0.0,2.1,0.8,0.0,5.0,0.0,0.0,2.8,1.1,0.0,0.0,5.1,0.0,,0.0,0.0,7.0,,0.0,0.0,0.9,1.8,1.4,0.0,1.3,0.0,3.2,0.0,0.0,2.1,1.5,1.0,1.2,1.0,0.0,0.0,2.9,1.1,0.0,4.0,0.0,0.0,4.1,1.4,0.0,0.0,5.1,0.0,,0.0,0.0,10.6,,,0.0,1.0,1.8,1.6,0.0,1.4,0.0,5.6,0.0,0.0,3.7,2.0,0.8,1.4
9014.18,2.0,6.1,11.3,8.1,5.4,0.0,0.0,13.8,9.0,3.1,0.0,9.6,0.0,24.6,,,0.0,6.9,4.9,,6.2,6.0,5.2,2.8,4.9,5.4,3.8,19.2,15.7,10.0,0.0,6.5,3.4,6.4,4.7,0.5,4.5,9.2,12.6,4.5,0.0,0.0,10.0,5.7,5.5,0.0,0.0,0.0,18.1,,,0.0,7.0,3.0,,3.0,3.7,7.0,4.5,4.6,25.7,2.5,23.3,0.0,8.2,0.0,3.5,3.9,4.1,4.0,0.0,12.6,0.0,0.2,2.6,0.0,0.0,6.1,0.0,0.1,0.0,0.0,15.8,0.0,,,0.0,2.1,3.1,,0.0,0.0,0.2,3.2,2.0,0.0,2.2,0.0,0.0,11.6,0.0,4.7,3.8,0.1,2.1,0.0,9.9,0.0,0.0,2.1,0.0,0.0,0.0,0.0,0.0,0.0,0.0,25.0,0.0,,,0.0,0.0,4.1,,0.0,0.0,0.0,2.9,1.6,0.0,1.8,0.0,0.0,0.0,0.0,0.0,3.3,0.0,1.7,0.0,10.2,0.0,0.0,2.1,0.0,0.0,0.0,0.0,0.0,0.0,0.0,18.8,0.0,,,0.0,0.0,4.4,,0.0,0.0,0.0,3.7,1.8,0.0,1.8,0.0,0.0,0.0,0.0,0.0,4.0,0.0,1.8
9014.19,0.0,3.7,3.1,0.0,1.8,0.0,20.6,0.0,5.4,0.0,2.7,0.0,0.0,0.0,,,2.7,11.8,1.9,,0.0,3.9,0.0,0.0,4.0,8.9,4.0,4.9,0.0,19.6,0.0,7.2,2.1,6.2,4.2,0.0,4.3,0.0,0.0,1.5,,16.3,0.0,7.8,0.0,0.0,0.0,0.0,0.0,,,0.0,5.9,2.4,,0.0,5.9,0.0,0.0,2.9,0.0,2.1,5.9,0.0,28.1,0.0,7.3,2.6,3.3,3.0,1.1,0.0,0.0,0.0,0.4,0.0,5.6,0.0,0.0,0.0,0.0,0.0,5.7,13.7,,,8.8,0.0,0.0,,0.0,1.6,0.0,0.0,1.0,0.0,0.8,0.0,0.0,0.0,0.0,0.0,0.8,0.5,0.7,0.4,2.7,0.0,10.0,2.0,0.0,8.3,3.1,4.5,0.0,0.0,0.0,2.6,7.3,,,10.8,0.0,0.0,,0.0,0.0,7.9,4.0,2.4,0.0,2.7,0.0,11.2,0.0,0.0,4.2,1.8,2.8,2.3,1.4,2.7,0.0,8.4,2.2,0.0,9.4,2.4,4.6,0.0,0.0,0.0,13.2,9.7,,,18.5,0.0,0.0,,0.0,0.0,7.6,4.0,2.9,0.0,3.1,0.0,28.1,0.0,0.0,4.9,2.5,2.9,2.7
9014.20,3.4,0.0,0.0,0.0,2.0,64.0,16.7,24.4,0.0,0.0,2.2,0.0,0.0,43.8,,,10.4,9.0,0.0,,0.0,0.0,6.0,5.6,6.2,0.0,3.3,,4.2,0.0,0.0,3.4,1.8,4.5,3.3,0.5,0.0,0.0,0.0,0.3,0.0,17.2,0.0,0.0,0.0,0.7,0.0,0.0,33.6,,,0.0,12.3,0.0,,0.0,0.0,2.3,2.1,3.2,0.0,1.3,,1.2,0.0,0.0,0.9,0.5,2.0,1.3,0.0,0.0,0.0,0.0,0.0,0.0,11.4,0.0,0.0,0.0,0.0,0.0,0.0,39.3,,,0.0,8.4,0.0,,,0.0,1.1,1.0,2.4,0.0,0.8,,0.0,0.0,0.0,0.0,0.0,1.5,0.8,0.0,0.0,0.0,0.0,0.0,0.0,0.0,0.0,0.0,0.0,0.0,0.0,0.0,12.2,,,0.0,3.6,0.0,,,0.0,0.0,0.0,0.5,0.0,0.0,,0.0,0.0,0.0,0.0,0.0,0.0,0.0,0.0,9.2,0.0,0.0,1.1,0.0,0.0,0.0,0.0,2.8,0.0,0.0,0.0,0.0,,,6.3,0.0,0.0,,,0.0,0.0,0.0,0.9,0.0,1.0,,5.3,0.0,0.0,3.7,2.0,0.0,1.0
9014.21,1.1,0.0,0.0,7.1,2.3,15.6,0.0,8.0,5.3,1.7,0.0,0.0,18.7,0.0,70.0,,8.3,0.0,0.0,,0.0,0.0,4.1,3.6,3.3,7.0,2.1,0.0,3.0,0.0,0.0,2.1,1.9,2.3,2.1,1.4,0.0,0.0,5.5,2.0,26.2,0.0,6.5,7.9,2.2,0.0,0.0,6.4,0.0,100.0,,6.8,0.0,0.0,,0.0,0.0,4.8,3.7,3.2,7.7,1.8,0.0,3.9,0.0,0.0,2.4,1.5,2.1,1.8,4.3,0.0,0.0,5.1,3.5,24.2,22.7,11.5,4.5,3.1,4.3,0.0,0.0,0.0,100.0,,10.8,0.0,7.7,,0.0,0.0,8.0,8.3,7.2,7.7,5.8,0.0,14.0,0.0,0.0,7.9,5.6,5.9,5.7,2.8,0.0,0.0,0.0,1.8,14.7,21.6,0.0,0.0,0.0,5.0,0.0,0.0,0.0,100.0,,5.0,0.0,8.2,,0.0,0.0,5.3,6.3,5.3,,4.1,0.0,9.6,0.0,0.0,5.3,3.9,4.2,4.0,3.1,0.0,0.0,0.0,1.9,13.6,22.4,0.0,0.0,0.0,5.3,0.0,0.0,0.0,0.0,,0.0,0.0,7.9,,0.0,0.0,3.6,5.0,3.7,0.0,3.4,0.0,8.9,0.0,0.0,4.9,4.0,2.8,3.4
9015.03,1.8,1.8,0.0,2.4,1.9,11.5,21.7,0.0,0.0,4.4,3.1,0.0,0.0,3.2,0.0,0.0,0.0,0.0,0.0,0.0,0.0,0.0,5.1,5.0,3.7,0.0,3.1,0.0,3.2,0.0,0.0,2.1,1.1,4.8,3.1,2.6,1.6,0.0,2.1,2.3,0.0,17.8,0.0,0.0,4.1,4.5,0.0,0.0,3.0,0.0,0.0,0.0,0.0,0.0,0.0,0.0,0.0,4.1,3.9,3.2,0.0,3.4,0.0,3.0,0.0,0.0,2.1,1.0,5.6,3.4,2.1,0.0,0.0,1.7,1.7,0.0,18.9,0.0,0.0,2.0,3.6,0.0,0.0,2.9,0.0,0.0,0.0,0.0,0.0,0.0,,0.0,3.6,3.5,2.8,0.0,3.0,0.0,2.2,0.0,0.0,1.6,0.8,5.1,3.0,1.8,0.0,0.0,0.0,1.1,0.0,20.9,0.0,0.0,0.0,3.0,0.0,0.0,3.1,0.0,0.0,0.0,0.0,2.4,0.0,,0.0,2.9,3.0,2.5,0.0,2.6,0.0,0.0,0.0,0.0,0.0,0.0,4.8,2.6,0.0,0.0,0.0,0.0,0.0,14.3,22.2,0.0,0.0,0.0,0.0,0.0,0.0,0.0,0.0,,0.0,0.0,3.5,0.0,,0.0,2.3,2.5,2.2,0.0,2.1,0.0,0.0,0.0,0.0,0.0,0.8,3.4,2.1
9015.04,6.0,24.4,0.0,0.0,6.1,24.5,0.0,9.5,0.0,11.6,0.0,21.3,0.0,0.0,0.0,,0.0,3.8,0.0,,0.0,0.0,8.9,8.6,5.1,0.0,5.9,,0.0,,0.0,0.0,6.6,4.8,5.9,6.4,18.1,0.0,10.7,8.4,26.0,0.0,24.6,0.0,8.4,0.0,17.1,0.0,0.0,0.0,,0.0,5.3,0.0,,0.0,0.0,11.4,11.2,7.1,0.0,8.1,,0.0,,0.0,0.0,6.7,10.1,8.1,1.8,22.7,,10.7,6.0,0.0,0.0,25.8,0.0,6.9,0.0,0.0,0.0,10.5,0.0,,0.0,0.0,0.0,,0.0,0.0,11.6,11.5,6.3,0.0,5.8,,0.0,,0.0,0.0,2.7,9.9,5.8,1.0,0.0,,8.5,3.7,0.0,,17.2,0.0,0.0,0.0,5.2,0.0,13.6,0.0,,0.0,0.0,0.0,,0.0,0.0,8.6,8.6,5.5,0.0,3.7,,0.0,,0.0,0.0,0.0,7.4,3.7,1.5,0.0,,8.9,4.0,0.0,,22.7,0.0,0.0,0.0,16.7,0.0,11.2,0.0,,0.0,0.0,0.0,,0.0,,8.2,7.6,5.3,0.0,4.0,,0.0,,0.0,0.0,0.0,7.7,4.0
9015.05,3.0,0.0,0.0,0.0,2.3,30.0,0.0,0.0,0.0,7.8,2.1,0.0,0.0,0.0,0.0,,0.0,18.3,0.0,,0.0,0.0,3.8,3.7,3.9,0.0,2.2,,4.0,0.0,0.0,3.1,1.1,3.2,2.2,0.4,0.0,44.8,2.1,1.5,27.8,0.0,0.0,12.3,0.0,3.7,0.0,0.0,0.0,0.0,,0.0,0.0,4.5,,0.0,0.0,4.6,4.8,3.3,0.0,1.4,,2.3,6.1,0.0,3.2,1.1,1.7,1.4,0.7,18.7,54.7,1.6,3.7,35.8,0.0,0.0,9.8,1.8,8.6,0.0,0.0,0.0,0.0,,0.0,0.0,2.8,,0.0,0.0,7.6,7.7,5.3,0.0,3.5,,0.0,4.2,100.0,4.3,4.3,2.6,3.5,1.2,12.8,59.3,4.5,4.9,27.1,0.0,0.0,15.8,2.7,7.9,0.0,14.0,0.0,0.0,,0.0,0.0,3.4,,0.0,0.0,8.7,8.7,6.1,0.0,4.7,,0.0,6.6,25.5,5.0,4.6,4.8,4.7,1.4,12.6,56.4,4.1,5.1,38.5,0.0,0.0,9.6,2.6,7.6,0.0,15.8,0.0,0.0,,0.0,0.0,3.1,,0.0,0.0,9.6,9.4,6.3,0.0,4.8,,0.0,5.0,17.6,4.2,4.7,4.8,4.8
9015.06,0.0,0.0,0.0,1.3,0.3,11.1,0.0,2.3,0.0,0.0,0.0,0.0,0.0,0.0,,0.0,2.8,1.5,0.0,,0.0,0.0,0.6,0.6,1.0,0.0,0.3,0.0,0.0,0.0,0.0,0.0,0.0,0.4,0.3,0.0,0.0,0.0,0.7,0.2,4.0,0.0,1.4,0.0,0.0,0.0,0.0,0.0,0.0,0.0,0.0,1.5,0.8,0.0,,0.0,0.0,0.0,0.0,0.5,0.0,0.2,0.0,0.0,0.0,0.0,0.0,0.0,0.3,0.2,0.0,0.0,0.0,1.2,0.3,1.2,0.0,2.5,0.0,0.0,0.0,0.0,0.0,0.0,0.0,0.0,0.7,1.1,0.0,,0.0,0.0,0.0,0.0,0.3,0.0,0.3,0.0,0.0,0.0,0.0,0.0,0.0,0.4,0.3,0.0,0.0,0.0,0.6,0.2,2.3,0.0,1.0,0.0,0.0,0.0,0.0,0.0,0.0,0.0,,1.7,0.6,0.0,,0.0,0.0,0.0,0.0,0.3,0.0,0.1,0.0,0.0,0.0,0.0,0.0,0.0,0.2,0.1,0.7,0.0,0.0,0.0,0.4,2.1,0.0,0.0,0.0,1.2,0.0,0.0,0.0,0.0,0.0,,3.6,0.0,0.0,,0.0,0.0,0.0,0.0,0.4,0.0,0.3,0.0,0.0,0.0,0.0,0.0,0.0,0.6,0.3
9015.07,1.0,0.8,23.8,0.0,1.0,17.7,8.1,0.0,2.0,0.6,2.0,0.0,0.0,0.0,0.0,,2.6,1.0,0.5,,0.0,1.8,3.7,3.3,2.7,0.0,1.2,15.3,1.8,0.0,0.0,0.9,1.3,2.3,1.8,1.3,0.9,16.7,0.0,1.2,9.5,8.4,0.0,1.7,1.3,1.8,0.0,0.0,0.0,0.0,,3.4,0.0,0.0,,0.0,2.1,3.4,3.0,2.5,0.0,1.2,20.3,3.6,0.0,0.0,2.1,1.7,2.3,2.0,1.5,3.0,19.4,0.0,1.8,9.1,9.3,4.6,1.5,1.6,2.4,0.0,0.0,0.0,0.0,,5.6,0.0,0.0,,0.0,2.4,4.2,3.4,3.0,0.0,1.7,26.9,3.9,0.0,0.0,2.2,2.0,3.1,2.6,0.6,5.6,12.1,0.8,2.1,13.8,13.9,5.0,0.0,1.5,4.0,0.0,0.0,0.0,0.0,,3.6,0.0,0.0,,0.0,4.8,4.3,3.9,3.2,0.0,2.1,47.6,3.4,0.0,0.0,1.9,3.2,2.3,2.7,0.6,4.1,0.0,2.3,1.7,5.8,10.7,2.9,3.4,0.9,1.9,0.0,0.0,0.0,0.0,,0.0,0.0,0.0,,0.0,23.5,3.2,2.6,2.2,0.0,2.0,0.0,1.9,0.0,0.0,1.1,3.6,0.6,2.0
9015.08,2.1,7.3,0.0,5.2,3.7,0.0,14.2,0.0,12.4,1.5,1.9,9.7,6.1,0.0,,0.0,11.7,10.5,1.3,0.0,0.0,7.1,0.0,0.0,4.4,6.1,4.8,0.0,6.1,35.5,0.0,9.7,6.5,3.2,4.7,3.2,7.4,0.0,0.0,3.0,0.0,8.9,0.0,10.7,0.0,2.2,9.1,4.2,16.9,47.4,0.0,10.8,4.4,1.7,0.0,0.0,2.1,2.2,2.0,3.9,8.1,3.3,18.8,2.1,22.7,6.6,6.7,5.0,2.4,3.6,3.4,2.7,0.0,0.0,2.2,0.0,11.4,0.0,4.8,0.0,2.3,9.2,0.0,14.9,50.0,0.0,6.2,5.0,3.5,,0.0,4.3,2.8,2.6,3.9,6.5,3.0,11.7,2.0,0.0,11.7,4.0,3.1,3.5,3.3,3.6,2.7,0.0,0.0,2.4,0.0,7.3,0.0,6.3,1.6,2.4,5.1,0.0,17.3,47.4,0.0,6.5,2.7,0.0,,0.0,0.0,3.3,2.9,3.3,11.8,2.6,13.4,4.5,0.0,11.5,5.7,4.2,1.6,2.9,2.4,2.7,0.0,1.3,2.1,0.0,14.4,0.0,3.3,1.2,2.3,7.5,0.0,25.7,50.0,0.0,4.8,7.1,0.0,,,0.0,2.7,2.2,3.6,6.9,2.6,32.3,5.7,0.0,9.6,5.5,3.6,2.9,3.3
9015.09,0.0,0.0,0.0,4.2,0.7,0.0,3.8,0.0,0.0,0.0,1.9,0.0,0.0,4.9,0.0,,6.7,0.0,0.0,,0.0,2.3,0.6,0.5,1.2,0.0,1.0,0.0,4.3,0.0,0.0,2.4,1.3,0.7,1.0,0.0,0.0,0.0,2.7,0.5,0.0,13.2,0.0,0.0,0.0,1.3,0.0,0.0,9.8,0.0,,5.0,0.0,0.0,,0.0,2.0,2.4,2.2,2.0,0.0,2.0,0.0,2.8,0.0,0.0,1.9,3.8,0.5,1.9,0.0,0.0,0.0,2.4,0.4,0.0,13.8,0.0,0.0,0.0,1.3,0.0,0.0,12.1,0.0,,3.8,0.0,0.0,,0.0,0.0,2.4,2.1,1.9,0.0,1.8,0.0,2.5,0.0,0.0,1.7,3.9,0.0,1.7,0.0,3.0,0.0,6.2,1.6,0.0,14.3,0.0,6.4,2.4,0.9,0.0,0.0,12.3,0.0,0.0,2.7,0.0,0.0,,0.0,0.0,4.0,3.5,2.9,0.0,2.8,0.0,1.8,0.0,0.0,1.2,3.6,2.1,2.8,0.0,4.3,0.0,3.5,1.4,0.0,20.6,0.0,6.2,2.6,0.0,0.0,0.0,7.6,0.0,0.0,0.0,0.0,0.0,,0.0,0.0,4.2,3.7,2.9,0.0,3.0,0.0,0.0,0.0,0.0,0.0,3.6,2.4,3.0
9015.10,0.8,3.1,0.0,0.0,0.9,23.8,8.8,0.0,3.7,0.0,0.0,6.2,0.0,0.0,0.0,,1.8,4.8,0.0,,0.0,0.0,2.6,2.4,2.0,26.5,1.1,100.0,0.0,0.0,0.0,0.0,1.1,1.7,1.4,0.9,2.8,0.0,0.0,0.9,26.4,8.2,0.0,3.7,0.0,0.0,7.3,0.0,0.0,0.0,,3.1,4.2,0.0,,0.0,0.0,2.2,2.1,2.0,27.3,1.2,53.3,0.0,0.0,0.0,0.0,1.2,1.7,1.4,0.0,2.9,0.0,0.0,0.4,28.3,9.2,0.0,4.4,0.0,0.0,0.0,0.0,0.0,0.0,,2.1,2.5,0.0,,,0.0,1.9,1.9,1.7,19.2,0.6,66.7,0.0,0.0,0.0,0.0,0.0,1.8,0.9,0.4,2.2,0.0,0.0,0.6,17.9,15.3,0.0,3.3,0.0,0.7,0.0,0.0,0.0,0.0,,4.1,2.6,0.0,,0.0,0.0,0.9,0.8,1.4,22.4,0.9,47.1,0.0,0.0,0.0,0.0,0.0,2.3,1.2,0.8,0.0,0.0,0.0,0.5,10.8,4.3,0.0,3.1,0.0,0.8,0.0,0.0,5.1,0.0,,1.9,0.0,0.0,,0.0,0.0,1.5,1.4,1.2,0.0,0.7,0.0,0.0,0.0,4.3,0.7,0.7,0.6,0.7
9015.11,1.1,0.0,0.0,0.0,0.9,0.0,0.0,0.0,0.0,3.2,0.0,0.0,0.0,10.1,0.0,,11.0,0.0,0.0,,0.0,0.0,0.9,0.9,1.3,0.0,0.8,,0.0,16.4,0.0,4.0,2.0,0.0,0.8,1.1,0.0,0.0,0.0,0.8,0.0,0.0,0.0,0.0,2.7,0.0,0.0,0.0,13.8,0.0,,10.7,0.0,0.0,,0.0,0.0,0.7,0.7,1.2,0.0,0.8,,0.0,24.4,0.0,3.5,2.0,0.0,0.8,1.3,0.0,0.0,0.0,0.9,27.4,0.0,0.0,0.0,2.4,0.0,0.0,0.0,0.0,0.0,,9.3,0.0,0.0,,0.0,0.0,1.4,1.3,1.8,0.0,0.9,,0.0,30.0,0.0,3.8,2.0,0.0,0.9,1.5,0.0,0.0,0.0,1.1,18.6,0.0,0.0,0.0,3.0,0.0,0.0,0.0,0.0,0.0,,10.8,0.0,0.0,,0.0,0.0,1.1,1.1,1.7,0.0,1.0,0.0,0.0,20.0,0.0,4.1,2.3,0.0,1.0,0.0,0.0,0.0,0.0,0.0,24.4,0.0,0.0,0.0,0.0,0.0,0.0,0.0,0.0,0.0,,0.0,0.0,0.0,,0.0,0.0,0.9,0.9,0.7,0.0,0.0,0.0,0.0,0.0,0.0,0.0,0.0,0.0,0.0
9016.01,0.0,2.0,0.0,7.1,2.5,0.0,0.0,0.0,41.9,2.5,0.0,0.0,0.0,9.9,0.0,0.0,0.0,0.0,2.6,,0.0,4.2,4.1,2.5,2.7,9.0,2.6,0.0,0.0,0.0,0.0,0.0,0.0,4.0,2.4,0.0,2.2,0.0,7.7,2.9,0.0,0.0,0.0,15.6,3.1,0.0,5.8,0.0,30.3,0.0,0.0,9.8,0.0,1.9,,0.0,4.3,7.3,3.3,3.9,8.5,2.9,0.0,0.0,0.0,0.0,0.0,0.0,4.9,2.7,0.0,1.7,0.0,8.0,3.0,13.7,0.0,0.0,15.8,2.1,0.0,5.2,0.0,23.8,0.0,,10.8,0.0,2.3,,16.4,6.5,6.1,2.3,4.2,13.4,2.9,0.0,0.0,0.0,0.0,0.0,0.0,4.9,2.7,0.0,1.7,0.0,11.3,4.0,13.1,0.0,0.0,22.3,1.8,0.0,5.5,0.0,25.6,0.0,,6.8,0.0,4.4,,5.2,20.4,5.6,2.4,5.0,15.9,4.2,0.0,0.0,0.0,0.0,0.0,0.0,6.2,3.7,7.8,1.9,0.0,1.8,2.8,11.5,0.0,0.0,5.1,3.8,0.0,5.2,5.8,24.5,0.0,,5.3,0.0,0.9,,8.9,24.3,5.9,2.6,3.5,19.8,2.7,0.0,3.7,0.0,0.0,2.0,2.0,2.9,2.5
9016.02,0.0,8.7,2.1,21.4,7.9,0.0,4.0,0.0,0.0,3.8,4.8,64.4,8.4,0.0,,0.0,0.0,9.2,3.2,,4.7,3.2,15.4,11.0,7.0,37.8,7.5,0.0,17.7,0.0,,9.0,6.9,7.5,7.2,0.0,7.6,2.2,12.5,5.1,0.0,3.0,0.0,0.0,3.9,0.0,35.9,6.3,0.0,0.0,,0.0,0.0,2.9,,4.3,4.8,9.2,6.0,4.6,0.0,4.9,0.0,14.5,0.0,0.0,8.9,4.1,5.3,4.8,0.0,2.2,1.8,4.4,1.9,0.0,0.0,0.0,0.0,3.7,2.1,3.2,1.3,0.0,0.0,,0.0,0.0,1.7,,0.0,4.4,2.0,1.2,1.5,0.0,1.2,17.4,9.6,0.0,0.0,6.7,2.8,0.7,1.6,1.4,2.5,0.0,3.9,2.2,0.0,0.0,0.0,0.0,3.1,5.2,0.0,2.7,0.0,0.0,,0.0,0.0,2.0,,0.0,16.5,2.6,1.5,1.8,0.0,1.5,12.1,7.6,0.0,0.0,5.5,2.4,1.5,1.9,5.4,2.5,0.0,9.2,5.5,0.0,7.3,0.0,12.8,9.3,4.8,0.0,0.0,0.0,0.0,0.0,0.0,8.8,8.2,,15.3,17.5,2.0,3.0,5.4,22.4,5.6,9.5,8.5,0.0,36.4,13.2,5.5,6.0,5.8
9017.02,0.0,3.9,2.5,10.7,4.1,65.6,46.5,5.5,5.6,6.4,0.0,0.0,8.8,0.0,0.0,0.0,0.0,0.0,12.5,,17.0,16.8,8.8,5.5,12.0,6.2,9.7,0.0,9.4,15.1,0.0,8.2,3.3,13.3,9.4,0.0,3.9,2.4,0.0,2.3,64.1,51.8,5.3,0.0,3.0,0.0,0.0,10.5,0.0,0.0,0.0,0.0,0.0,10.6,,10.7,17.4,7.2,4.4,10.2,6.9,8.1,0.0,10.2,0.0,0.0,4.7,1.8,11.4,7.7,0.0,4.9,4.0,0.0,3.3,59.5,45.9,8.2,0.0,3.8,1.8,0.0,3.1,0.0,0.0,0.0,0.0,0.0,13.2,,14.6,28.7,9.9,4.9,12.1,2.9,9.0,14.1,8.8,0.0,0.0,4.3,2.6,13.8,9.2,0.0,2.5,0.0,0.0,1.1,49.6,39.9,2.5,0.0,0.0,0.8,0.0,7.5,0.0,0.0,,0.0,0.0,10.0,,8.0,28.9,4.8,2.5,8.5,7.0,6.1,21.6,0.0,0.0,0.0,0.0,0.4,10.1,6.4,0.0,2.1,14.7,1.5,5.4,32.2,61.9,7.8,9.9,6.7,1.2,0.0,0.0,0.0,0.0,,0.0,0.0,15.4,,19.9,43.4,4.9,2.7,12.1,0.0,9.5,70.8,4.4,0.0,0.0,1.9,3.6,15.3,10.7
9017.03,0.0,0.0,0.0,0.0,0.0,0.0,0.0,0.0,0.0,0.0,0.0,0.0,0.0,0.0,,0.0,0.0,0.0,0.0,,0.0,0.0,0.0,0.0,0.0,0.0,0.0,0.0,0.0,,0.0,0.0,0.0,0.0,0.0,0.0,0.0,0.0,0.0,0.0,0.0,0.0,0.0,0.0,0.0,0.0,0.0,0.0,0.0,,0.0,0.0,0.0,0.0,,0.0,0.0,0.0,0.0,0.0,0.0,0.0,0.0,0.0,,0.0,0.0,0.0,0.0,0.0,0.0,0.0,0.0,0.0,0.0,0.0,0.0,0.0,0.0,0.0,0.0,0.0,0.0,0.0,0.0,0.0,0.0,0.0,0.0,,0.0,0.0,0.0,0.0,0.0,0.0,0.0,0.0,0.0,,,0.0,0.0,0.0,0.0,0.0,0.0,0.0,0.0,0.0,67.1,0.0,0.0,0.0,0.0,0.0,0.0,0.0,0.0,0.0,,0.0,0.0,4.5,,10.3,0.0,0.0,0.0,3.2,0.0,0.0,,0.0,,,0.0,0.0,0.0,0.0,7.8,0.0,0.0,0.0,1.4,64.8,0.0,0.0,0.0,0.0,3.7,0.0,0.0,0.0,0.0,,0.0,0.0,6.0,,10.9,0.0,0.0,0.0,4.0,,1.2,0.0,7.6,,,7.6,2.4,0.0,1.1
9017.04,0.8,17.1,0.0,2.3,6.6,18.3,0.0,0.0,0.0,13.4,7.1,4.0,12.2,0.0,,0.0,30.1,1.4,5.1,,9.4,2.0,2.7,4.4,6.1,0.0,6.2,6.3,28.3,2.1,0.0,11.5,6.6,5.9,6.2,1.3,16.3,0.0,1.5,6.3,0.0,0.0,0.0,0.0,9.1,9.1,4.5,26.1,0.0,0.0,0.0,16.3,3.7,4.7,,0.0,0.0,2.1,5.2,5.4,0.0,4.9,20.1,0.0,6.6,0.0,2.6,3.3,7.3,6.0,0.0,21.1,0.0,3.8,8.0,0.0,0.0,4.9,0.0,9.6,12.5,0.0,28.7,0.0,0.0,0.0,20.5,7.6,5.0,,0.0,0.0,0.0,4.8,6.8,0.0,6.9,16.3,0.0,0.0,0.0,0.0,2.7,9.8,7.6,0.0,14.7,1.9,3.9,6.4,0.0,0.0,3.7,0.0,5.0,13.5,0.0,29.1,0.0,0.0,,15.6,8.4,3.8,,0.0,0.0,2.2,4.2,5.2,0.0,5.7,7.4,0.0,0.0,0.0,0.0,2.5,7.2,5.8,0.0,6.3,1.4,2.9,2.7,2.5,10.0,3.5,0.0,1.3,0.0,0.0,48.2,0.0,0.0,0.0,14.9,6.4,2.0,,6.5,0.0,1.7,0.6,3.4,0.0,2.1,17.4,0.0,0.0,0.0,0.0,3.9,3.6,3.7
9019,0.0,0.0,4.2,0.0,0.9,35.9,0.0,0.0,0.0,0.0,0.0,0.0,5.6,17.9,,,0.0,7.3,3.8,,4.6,0.0,3.6,4.7,3.3,0.0,0.8,0.0,0.0,0.0,0.0,0.0,2.0,0.0,0.8,0.0,0.0,3.9,0.0,0.8,33.0,0.0,0.0,0.0,0.0,0.0,0.0,6.3,19.1,0.0,,0.0,7.7,3.0,,9.3,0.0,2.9,3.0,2.9,0.0,0.7,0.0,0.0,0.0,0.0,0.0,1.6,0.0,0.7,0.0,0.0,3.7,0.0,0.8,17.0,0.0,0.0,0.0,0.0,0.0,0.0,5.7,29.3,0.0,,0.0,5.4,3.6,,15.3,0.0,1.8,2.3,2.8,0.0,0.8,0.0,0.0,0.0,0.0,0.0,1.7,0.0,0.7,1.4,0.0,4.4,0.0,1.2,16.6,7.3,0.0,0.0,0.0,1.6,0.0,11.7,51.5,0.0,,0.0,7.7,4.0,,11.8,0.0,3.6,3.0,3.7,60.5,1.6,3.9,0.0,0.0,0.0,0.0,2.5,1.2,1.8,1.3,0.0,8.8,1.8,3.0,17.4,11.8,9.6,0.0,0.8,1.7,0.0,33.3,0.0,0.0,,0.0,13.0,2.3,,0.0,0.0,4.8,3.7,4.4,54.1,2.4,16.5,0.0,12.1,0.0,5.9,5.1,2.5,3.7
