censustract,total_2024,single_parent_2024,total_2023,single_parent_2023,total_2022,single_parent_2022,total_2021,single_parent_2021,total_2020,single_parent_2020,single_parent_rate_2024,single_parent_rate_2023,single_parent_rate_2022,single_parent_rate_2021,single_parent_rate_2020
9001,1019,208,942,207,999,216,1029,229,1019,208,20.41,21.97,21.62,22.25,20.41
9002.01,481,137,758,214,538,199,521,133,481,137,28.48,28.23,36.99,25.53,28.48
9002.02,784,178,793,192,881,268,883,254,784,178,22.7,24.21,30.42,28.77,22.7
9002.03,1020,291,1140,460,1118,383,1071,320,1020,291,28.53,40.35,34.26,29.88,28.53
9003.01,744,134,791,250,833,248,782,139,744,134,18.01,31.61,29.77,17.77,18.01
9003.02,1330,460,1276,486,1420,470,1297,386,1330,460,34.59,38.09,33.1,29.76,34.59
9004.03,1105,199,1298,228,1222,161,1178,130,1105,199,18.01,17.57,13.18,11.04,18.01
9004.04,1256,391,1342,499,1320,480,1286,468,1256,391,31.13,37.18,36.36,36.39,31.13
9004.07,1616,608,1557,629,1558,582,1655,699,1616,608,37.62,40.4,37.36,42.24,37.62
9004.08,1342,331,1356,398,1315,300,1332,339,1342,331,24.66,29.35,22.81,25.45,24.66
9004.09,1176,255,1166,262,1158,217,1144,232,1176,255,21.68,22.47,18.74,20.28,21.68
9004.10,1294,402,1417,503,1394,461,1319,454,1294,402,31.07,35.5,33.07,34.42,31.07
9005.02,1175,255,1147,389,1159,253,1309,310,1175,255,21.7,33.91,21.83,23.68,21.7
9005.03,790,254,819,214,835,274,765,251,790,254,32.15,26.13,32.81,32.81,32.15
9005.04,1048,221,1025,256,1006,346,1083,289,1048,221,21.09,24.98,34.39,26.69,21.09
9006.01,656,171,595,241,594,265,578,259,656,171,26.07,40.5,44.61,44.81,26.07
9006.02,807,315,745,233,752,247,881,250,807,315,39.03,31.28,32.85,28.38,39.03
9007.01,1575,628,1935,583,1806,727,1827,770,1575,628,39.87,30.13,40.25,42.15,39.87
9007.02,1708,555,1638,513,1794,529,1746,581,1708,555,32.49,31.32,29.49,33.28,32.49
9008.01,1727,396,1849,243,1799,240,1797,290,1727,396,22.93,13.14,13.34,16.14,22.93
9008.03,1167,455,1439,627,1354,498,1336,509,1167,455,38.99,43.57,36.78,38.1,38.99
9008.04,1173,331,1363,359,1275,311,1369,330,1173,331,28.22,26.34,24.39,24.11,28.22
9009.01,1272,663,1499,731,1297,619,1341,698,1272,663,52.12,48.77,47.73,52.05,52.12
9009.04,1296,315,1734,504,1533,431,1464,388,1296,315,24.31,29.07,28.11,26.5,24.31
9009.05,1433,262,1470,278,1512,237,1476,213,1433,262,18.28,18.91,15.67,14.43,18.28
9010.05,1736,110,1802,160,1798,140,1811,127,1736,110,6.34,8.88,7.79,7.01,6.34
9010.09,1766,244,1878,164,1887,246,1859,334,1766,244,13.82,8.73,13.04,17.97,13.82
9010.10,1136,108,1230,242,1204,248,1247,195,1136,108,9.51,19.67,20.6,15.64,9.51
9010.11,1525,208,1614,149,1561,241,1538,258,1525,208,13.64,9.23,15.44,16.78,13.64
9010.12,969,118,939,190,950,170,1083,191,969,118,12.18,20.23,17.89,17.64,12.18
9010.13,878,294,819,269,858,329,896,317,878,294,33.49,32.84,38.34,35.38,33.49
9010.14,1017,275,1100,329,1072,294,1042,228,1017,275,27.04,29.91,27.43,21.88,27.04
9010.15,792,485,786,397,762,409,794,487,792,485,61.24,50.51,53.67,61.34,61.24
9010.16,1127,79,1438,287,1299,138,1271,121,1127,79,7.01,19.96,10.62,9.52,7.01
9011.01,268,41,397,35,340,35,284,33,268,41,15.3,8.82,10.29,11.62,15.3
9011.02,696,52,714,34,735,67,652,56,696,52,7.47,4.76,9.12,8.59,7.47
9012.03,985,137,991,230,939,206,963,154,985,137,13.91,23.21,21.94,15.99,13.91
9012.08,844,137,907,266,941,185,906,142,844,137,16.23,29.33,19.66,15.67,16.23
9012.09,1579,303,1448,325,1443,319,1483,255,1579,303,19.19,22.44,22.11,17.19,19.19
9012.11,1004,380,1057,356,1074,396,1112,459,1004,380,37.85,33.68,36.87,41.28,37.85
9012.12,1821,484,1793,665,1848,580,1856,539,1821,484,26.58,37.09,31.39,29.04,26.58
9012.19,1653,108,1587,83,1704,69,1656,80,1653,108,6.53,5.23,4.05,4.83,6.53
9012.21,1350,349,1625,664,1586,601,1531,466,1350,349,25.85,40.86,37.89,30.44,25.85
9012.22,631,188,670,170,732,195,676,193,631,188,29.79,25.37,26.64,28.55,29.79
9012.23,1513,382,1591,410,1562,481,1489,299,1513,382,25.25,25.77,30.79,20.08,25.25
9012.24,1094,253,1145,157,1108,205,1077,198,1094,253,23.13,13.71,18.5,18.38,23.13
9012.25,1195,375,1253,339,1208,268,1271,385,1195,375,31.38,27.06,22.19,30.29,31.38
9012.26,1453,352,1420,266,1457,301,1509,385,1453,352,24.23,18.73,20.66,25.51,24.23
9012.27,1145,300,1221,253,1220,233,1208,299,1145,300,26.2,20.72,19.1,24.75,26.2
9012.28,1516,341,1480,377,1511,334,1541,272,1516,341,22.49,25.47,22.1,17.65,22.49
9012.29,1186,60,1140,123,1174,130,1165,91,1186,60,5.06,10.79,11.07,7.81,5.06
9012.30,941,74,1013,114,1054,106,994,83,941,74,7.86,11.25,10.06,8.35,7.86
9012.31,1453,180,1685,195,1667,207,1601,247,1453,180,12.39,11.57,12.42,15.43,12.39
9012.32,1187,115,1504,87,1437,78,1301,94,1187,115,9.69,5.78,5.43,7.23,9.69
9012.33,1876,315,1895,223,1896,307,1941,324,1876,315,16.79,11.77,16.19,16.69,16.79
9012.34,846,48,839,73,827,42,855,56,846,48,5.67,8.7,5.08,6.55,5.67
9012.35,764,48,749,127,767,114,780,90,764,48,6.28,16.96,14.86,11.54,6.28
9012.36,1489,202,1695,169,1595,178,1621,177,1489,202,13.57,9.97,11.16,10.92,13.57
9012.37,695,163,779,250,773,267,791,239,695,163,23.45,32.09,34.54,30.21,23.45
9013.03,1200,136,1333,179,1339,157,1325,179,1200,136,11.33,13.43,11.73,13.51,11.33
9013.04,720,121,731,144,734,137,738,123,720,121,16.81,19.7,18.66,16.67,16.81
9013.05,1038,100,1146,183,1109,139,1086,76,1038,100,9.63,15.97,12.53,7.0,9.63
9013.06,1294,126,1487,204,1466,198,1401,177,1294,126,9.74,13.72,13.51,12.63,9.74
9014.03,1581,335,1580,609,1585,431,1688,520,1581,335,21.19,38.54,27.19,30.81,21.19
9014.07,970,384,990,380,1016,398,1011,354,970,384,39.59,38.38,39.17,35.01,39.59
9014.09,2116,374,2219,349,2262,404,2151,325,2116,374,17.67,15.73,17.86,15.11,17.67
9014.11,1588,173,1584,48,1576,78,1626,138,1588,173,10.89,3.03,4.95,8.49,10.89
9014.12,1913,246,1991,172,2055,207,2051,216,1913,246,12.86,8.64,10.07,10.53,12.86
9014.13,1053,195,1086,249,1070,267,1061,232,1053,195,18.52,22.93,24.95,21.87,18.52
9014.14,1273,133,1347,173,1399,170,1330,172,1273,133,10.45,12.84,12.15,12.93,10.45
9014.15,1180,222,1243,205,1218,211,1227,227,1180,222,18.81,16.49,17.32,18.5,18.81
9014.16,1105,154,1177,115,1163,141,1136,165,1105,154,13.94,9.77,12.12,14.52,13.94
9014.17,677,115,755,119,767,172,699,168,677,115,16.99,15.76,22.43,24.03,16.99
9014.18,922,305,1173,490,1037,433,1008,463,922,305,33.08,41.77,41.76,45.93,33.08
9014.19,1003,309,836,336,846,237,981,351,1003,309,30.81,40.19,28.01,35.78,30.81
9014.20,950,103,1029,192,991,134,956,126,950,103,10.84,18.66,13.52,13.18,10.84
9014.21,1186,115,1270,106,1307,131,1255,122,1186,115,9.7,8.35,10.02,9.72,9.7
9015.03,1523,154,1545,129,1533,124,1574,152,1523,154,10.11,8.35,8.09,9.66,10.11
9015.04,1471,200,1510,283,1456,260,1457,258,1471,200,13.6,18.74,17.86,17.71,13.6
9015.05,1964,291,2040,428,2020,416,2005,332,1964,291,14.82,20.98,20.59,16.56,14.82
9015.06,1594,298,1593,236,1593,272,1591,292,1594,298,18.7,14.81,17.07,18.35,18.7
9015.07,731,80,723,164,724,136,714,87,731,80,10.94,22.68,18.78,12.18,10.94
9015.08,1386,280,1491,346,1364,212,1409,248,1386,280,20.2,23.21,15.54,17.6,20.2
9015.09,1796,279,2004,398,1991,380,1912,338,1796,279,15.53,19.86,19.09,17.68,15.53
9015.10,1562,212,1739,230,1764,222,1730,240,1562,212,13.57,13.23,12.59,13.87,13.57
9015.11,1192,49,1346,114,1294,119,1256,109,1192,49,4.11,8.47,9.2,8.68,4.11
9016.01,828,223,812,210,910,275,889,250,828,223,26.93,25.86,30.22,28.12,26.93
9016.02,1938,616,1829,688,1954,676,1866,625,1938,616,31.79,37.62,34.6,33.49,31.79
9017.02,1043,464,1042,406,1083,400,1126,466,1043,464,44.49,38.96,36.93,41.39,44.49
9017.03,515,201,558,119,529,135,528,158,515,201,39.03,21.33,25.52,29.92,39.03
9017.04,1208,415,1290,560,1165,482,1198,461,1208,415,34.35,43.41,41.37,38.48,34.35
9019,1568,523,1987,604,1926,735,1656,536,1568,523,33.35,30.4,38.16,32.37,33.35
9801,0,0,0,0,0,0,0,0,0,0,,,,,
