censustract,pop_total_2024,uninsured_n_total_2024,uninsured_pct_total_2024,pop_male_2024,uninsured_n_male_2024,uninsured_pct_male_2024,pop_female_2024,uninsured_n_female_2024,uninsured_pct_female_2024,pop_total_2023,uninsured_n_total_2023,uninsured_pct_total_2023,pop_male_2023,uninsured_n_male_2023,uninsured_pct_male_2023,pop_female_2023,uninsured_n_female_2023,uninsured_pct_female_2023,pop_total_2022,uninsured_n_total_2022,uninsured_pct_total_2022,pop_male_2022,uninsured_n_male_2022,uninsured_pct_male_2022,pop_female_2022,uninsured_n_female_2022,uninsured_pct_female_2022,pop_total_2021,uninsured_n_total_2021,uninsured_pct_total_2021,pop_male_2021,uninsured_n_male_2021,uninsured_pct_male_2021,pop_female_2021,uninsured_n_female_2021,uninsured_pct_female_2021,pop_total_2020,uninsured_n_total_2020,uninsured_pct_total_2020,pop_male_2020,uninsured_n_male_2020,uninsured_pct_male_2020,pop_female_2020,uninsured_n_female_2020,uninsured_pct_female_2020
9001,3160.0,172.0,5.4,1488.0,123.0,8.3,1672.0,49.0,2.9,2945.0,158.0,5.4,1443.0,127.0,8.8,1502.0,31.0,2.1,3159.0,200.0,6.3,1555.0,151.0,9.7,1604.0,49.0,3.1,3384.0,167.0,4.9,1742.0,136.0,7.8,1642.0,31.0,1.9,3535.0,317.0,9.0,1826.0,217.0,11.9,1709.0,100.0,5.9
9002.01,3105.0,828.0,26.7,1274.0,302.0,23.7,1831.0,526.0,28.7,3169.0,493.0,15.6,1288.0,170.0,13.2,1881.0,323.0,17.2,2410.0,269.0,11.2,1075.0,51.0,4.7,1335.0,218.0,16.3,2302.0,98.0,4.3,1043.0,35.0,3.4,1259.0,63.0,5.0,2165.0,87.0,4.0,972.0,42.0,4.3,1193.0,45.0,3.8
9002.02,3612.0,601.0,16.6,1860.0,389.0,20.9,1752.0,212.0,12.1,3434.0,457.0,13.3,1828.0,339.0,18.5,1606.0,118.0,7.3,4108.0,766.0,18.6,2217.0,584.0,26.3,1891.0,182.0,9.6,4265.0,578.0,13.6,2256.0,354.0,15.7,2009.0,224.0,11.1,4241.0,755.0,17.8,2214.0,431.0,19.5,2027.0,324.0,16.0
9002.03,5427.0,560.0,10.3,2171.0,208.0,9.6,3256.0,352.0,10.8,4876.0,759.0,15.6,2109.0,304.0,14.4,2767.0,455.0,16.4,4574.0,831.0,18.2,1920.0,397.0,20.7,2654.0,434.0,16.4,4564.0,1022.0,22.4,1935.0,471.0,24.3,2629.0,551.0,21.0,4447.0,833.0,18.7,1848.0,374.0,20.2,2599.0,459.0,17.7
9003.01,3706.0,389.0,10.5,1714.0,216.0,12.6,1992.0,173.0,8.7,3465.0,309.0,8.9,1648.0,179.0,10.9,1817.0,130.0,7.2,3462.0,316.0,9.1,1665.0,195.0,11.7,1797.0,121.0,6.7,3406.0,188.0,5.5,1726.0,110.0,6.4,1680.0,78.0,4.6,3375.0,201.0,6.0,1677.0,102.0,6.1,1698.0,99.0,5.8
9003.02,5494.0,854.0,15.5,2777.0,374.0,13.5,2717.0,480.0,17.7,4968.0,514.0,10.3,2383.0,163.0,6.8,2585.0,351.0,13.6,5290.0,607.0,11.5,2336.0,220.0,9.4,2954.0,387.0,13.1,4946.0,367.0,7.4,2087.0,115.0,5.5,2859.0,252.0,8.8,5292.0,704.0,13.3,2281.0,288.0,12.6,3011.0,416.0,13.8
9004.03,6239.0,329.0,5.3,2900.0,148.0,5.1,3339.0,181.0,5.4,5760.0,286.0,5.0,2807.0,126.0,4.5,2953.0,160.0,5.4,6089.0,429.0,7.0,3008.0,224.0,7.4,3081.0,205.0,6.7,6180.0,707.0,11.4,2914.0,335.0,11.5,3266.0,372.0,11.4,5531.0,610.0,11.0,2344.0,259.0,11.0,3187.0,351.0,11.0
9004.04,5547.0,1030.0,18.6,2361.0,361.0,15.3,3186.0,669.0,21.0,5845.0,1263.0,21.6,2500.0,440.0,17.6,3345.0,823.0,24.6,5654.0,1341.0,23.7,2483.0,596.0,24.0,3171.0,745.0,23.5,5604.0,1417.0,25.3,2607.0,697.0,26.7,2997.0,720.0,24.0,5886.0,1348.0,22.9,2585.0,602.0,23.3,3301.0,746.0,22.6
9004.07,6484.0,570.0,8.8,3070.0,382.0,12.4,3414.0,188.0,5.5,6861.0,614.0,8.9,3318.0,349.0,10.5,3543.0,265.0,7.5,6973.0,935.0,13.4,3392.0,520.0,15.3,3581.0,415.0,11.6,6688.0,736.0,11.0,3181.0,393.0,12.4,3507.0,343.0,9.8,6573.0,749.0,11.4,3330.0,385.0,11.6,3243.0,364.0,11.2
9004.08,5360.0,634.0,11.8,2884.0,448.0,15.5,2476.0,186.0,7.5,5446.0,718.0,13.2,2856.0,499.0,17.5,2590.0,219.0,8.5,5318.0,644.0,12.1,2801.0,447.0,16.0,2517.0,197.0,7.8,5478.0,552.0,10.1,2848.0,377.0,13.2,2630.0,175.0,6.7,5398.0,665.0,12.3,2662.0,434.0,16.3,2736.0,231.0,8.4
9004.09,4618.0,559.0,12.1,1979.0,337.0,17.0,2639.0,222.0,8.4,4811.0,515.0,10.7,2043.0,308.0,15.1,2768.0,207.0,7.5,4973.0,697.0,14.0,2283.0,402.0,17.6,2690.0,295.0,11.0,5155.0,730.0,14.2,2443.0,424.0,17.4,2712.0,306.0,11.3,5364.0,859.0,16.0,2532.0,389.0,15.4,2832.0,470.0,16.6
9004.10,5587.0,659.0,11.8,2846.0,283.0,9.9,2741.0,376.0,13.7,5547.0,724.0,13.1,2650.0,291.0,11.0,2897.0,433.0,14.9,5856.0,931.0,15.9,3111.0,457.0,14.7,2745.0,474.0,17.3,5633.0,868.0,15.4,2961.0,429.0,14.5,2672.0,439.0,16.4,5826.0,908.0,15.6,3101.0,414.0,13.4,2725.0,494.0,18.1
9005.02,4154.0,204.0,4.9,1784.0,104.0,5.8,2370.0,100.0,4.2,4342.0,173.0,4.0,2064.0,122.0,5.9,2278.0,51.0,2.2,4728.0,242.0,5.1,2399.0,163.0,6.8,2329.0,79.0,3.4,4730.0,231.0,4.9,2324.0,170.0,7.3,2406.0,61.0,2.5,4684.0,272.0,5.8,2233.0,203.0,9.1,2451.0,69.0,2.8
9005.03,3329.0,564.0,16.9,1662.0,338.0,20.3,1667.0,226.0,13.6,3733.0,558.0,14.9,1854.0,389.0,21.0,1879.0,169.0,9.0,3802.0,543.0,14.3,1746.0,219.0,12.5,2056.0,324.0,15.8,3756.0,653.0,17.4,1750.0,289.0,16.5,2006.0,364.0,18.1,3772.0,651.0,17.3,1819.0,360.0,19.8,1953.0,291.0,14.9
9005.04,5563.0,1333.0,24.0,2667.0,663.0,24.9,2896.0,670.0,23.1,5459.0,1378.0,25.2,2501.0,768.0,30.7,2958.0,610.0,20.6,5079.0,1278.0,25.2,2344.0,608.0,25.9,2735.0,670.0,24.5,5466.0,1525.0,27.9,2594.0,774.0,29.8,2872.0,751.0,26.1,5406.0,1367.0,25.3,2369.0,639.0,27.0,3037.0,728.0,24.0
9006.01,3280.0,955.0,29.1,1867.0,452.0,24.2,1413.0,503.0,35.6,3453.0,1397.0,40.5,1961.0,804.0,41.0,1492.0,593.0,39.7,3620.0,1036.0,28.6,1826.0,609.0,33.4,1794.0,427.0,23.8,3525.0,1121.0,31.8,1831.0,675.0,36.9,1694.0,446.0,26.3,3351.0,925.0,27.6,1691.0,508.0,30.0,1660.0,417.0,25.1
9006.02,3623.0,530.0,14.6,1829.0,259.0,14.2,1794.0,271.0,15.1,3545.0,658.0,18.6,1880.0,384.0,20.4,1665.0,274.0,16.5,3492.0,698.0,20.0,1908.0,298.0,15.6,1584.0,400.0,25.3,3912.0,900.0,23.0,2089.0,327.0,15.7,1823.0,573.0,31.4,3947.0,913.0,23.1,2191.0,368.0,16.8,1756.0,545.0,31.0
9007.01,7381.0,1114.0,15.1,3817.0,463.0,12.1,3564.0,651.0,18.3,7898.0,1289.0,16.3,4047.0,518.0,12.8,3851.0,771.0,20.0,6986.0,853.0,12.2,3462.0,428.0,12.4,3524.0,425.0,12.1,6574.0,861.0,13.1,3159.0,296.0,9.4,3415.0,565.0,16.5,6681.0,993.0,14.9,3222.0,371.0,11.5,3459.0,622.0,18.0
9007.02,8265.0,2180.0,26.4,3958.0,1405.0,35.5,4307.0,775.0,18.0,7718.0,1033.0,13.4,3490.0,737.0,21.1,4228.0,296.0,7.0,8262.0,1443.0,17.5,3950.0,1105.0,28.0,4312.0,338.0,7.8,7724.0,1207.0,15.6,3365.0,837.0,24.9,4359.0,370.0,8.5,7957.0,1224.0,15.4,3662.0,697.0,19.0,4295.0,527.0,12.3
9008.01,6922.0,572.0,8.3,3489.0,420.0,12.0,3433.0,152.0,4.4,7011.0,617.0,8.8,3600.0,437.0,12.1,3411.0,180.0,5.3,6917.0,493.0,7.1,3609.0,362.0,10.0,3308.0,131.0,4.0,6960.0,563.0,8.1,3626.0,427.0,11.8,3334.0,136.0,4.1,7117.0,578.0,8.1,3716.0,460.0,12.4,3401.0,118.0,3.5
9008.03,6564.0,813.0,12.4,3764.0,631.0,16.8,2800.0,182.0,6.5,5998.0,664.0,11.1,3175.0,465.0,14.6,2823.0,199.0,7.0,5644.0,666.0,11.8,2660.0,419.0,15.8,2984.0,247.0,8.3,5472.0,596.0,10.9,2500.0,364.0,14.6,2972.0,232.0,7.8,5044.0,452.0,9.0,2060.0,208.0,10.1,2984.0,244.0,8.2
9008.04,5650.0,316.0,5.6,2438.0,151.0,6.2,3212.0,165.0,5.1,5531.0,493.0,8.9,2235.0,225.0,10.1,3296.0,268.0,8.1,5583.0,394.0,7.1,2172.0,144.0,6.6,3411.0,250.0,7.3,5743.0,547.0,9.5,2526.0,288.0,11.4,3217.0,259.0,8.1,5034.0,447.0,8.9,2073.0,180.0,8.7,2961.0,267.0,9.0
9009.01,6030.0,1398.0,23.2,2695.0,787.0,29.2,3335.0,611.0,18.3,6243.0,1155.0,18.5,2887.0,619.0,21.4,3356.0,536.0,16.0,5911.0,951.0,16.1,2732.0,504.0,18.4,3179.0,447.0,14.1,6151.0,936.0,15.2,2879.0,451.0,15.7,3272.0,485.0,14.8,6301.0,967.0,15.3,2917.0,382.0,13.1,3384.0,585.0,17.3
9009.04,8611.0,539.0,6.3,4378.0,286.0,6.5,4233.0,253.0,6.0,7431.0,370.0,5.0,3903.0,191.0,4.9,3528.0,179.0,5.1,6578.0,275.0,4.2,3332.0,117.0,3.5,3246.0,158.0,4.9,6423.0,618.0,9.6,3138.0,327.0,10.4,3285.0,291.0,8.9,5911.0,504.0,8.5,2980.0,298.0,10.0,2931.0,206.0,7.0
9009.05,6044.0,772.0,12.8,3259.0,424.0,13.0,2785.0,348.0,12.5,6210.0,738.0,11.9,3642.0,441.0,12.1,2568.0,297.0,11.6,6088.0,747.0,12.3,3364.0,338.0,10.0,2724.0,409.0,15.0,6199.0,714.0,11.5,3318.0,359.0,10.8,2881.0,355.0,12.3,6032.0,541.0,9.0,3181.0,273.0,8.6,2851.0,268.0,9.4
9010.05,6875.0,273.0,4.0,3466.0,93.0,2.7,3409.0,180.0,5.3,6746.0,309.0,4.6,3529.0,101.0,2.9,3217.0,208.0,6.5,6562.0,173.0,2.6,3277.0,49.0,1.5,3285.0,124.0,3.8,6479.0,108.0,1.7,3235.0,31.0,1.0,3244.0,77.0,2.4,6347.0,95.0,1.5,3268.0,11.0,0.3,3079.0,84.0,2.7
9010.09,7345.0,112.0,1.5,3725.0,23.0,0.6,3620.0,89.0,2.5,7117.0,67.0,0.9,3430.0,11.0,0.3,3687.0,56.0,1.5,7251.0,69.0,1.0,3662.0,14.0,0.4,3589.0,55.0,1.5,6959.0,139.0,2.0,3508.0,65.0,1.9,3451.0,74.0,2.1,6771.0,214.0,3.2,3473.0,123.0,3.5,3298.0,91.0,2.8
9010.10,4735.0,133.0,2.8,2251.0,69.0,3.1,2484.0,64.0,2.6,4676.0,251.0,5.4,2414.0,145.0,6.0,2262.0,106.0,4.7,4843.0,446.0,9.2,2687.0,331.0,12.3,2156.0,115.0,5.3,4850.0,460.0,9.5,2713.0,304.0,11.2,2137.0,156.0,7.3,4549.0,457.0,10.0,2534.0,279.0,11.0,2015.0,178.0,8.8
9010.11,6530.0,499.0,7.6,3457.0,289.0,8.4,3073.0,210.0,6.8,6497.0,807.0,12.4,3417.0,472.0,13.8,3080.0,335.0,10.9,6141.0,288.0,4.7,3180.0,191.0,6.0,2961.0,97.0,3.3,5969.0,272.0,4.6,3104.0,158.0,5.1,2865.0,114.0,4.0,6086.0,499.0,8.2,3027.0,292.0,9.6,3059.0,207.0,6.8
9010.12,3418.0,112.0,3.3,1537.0,66.0,4.3,1881.0,46.0,2.4,3643.0,128.0,3.5,1634.0,72.0,4.4,2009.0,56.0,2.8,3450.0,58.0,1.7,1625.0,48.0,3.0,1825.0,10.0,0.5,3823.0,105.0,2.7,1848.0,69.0,3.7,1975.0,36.0,1.8,3543.0,62.0,1.7,1736.0,30.0,1.7,1807.0,32.0,1.8
9010.13,3076.0,226.0,7.3,1558.0,101.0,6.5,1518.0,125.0,8.2,3414.0,150.0,4.4,1591.0,69.0,4.3,1823.0,81.0,4.4,3322.0,192.0,5.8,1581.0,47.0,3.0,1741.0,145.0,8.3,3432.0,265.0,7.7,1527.0,100.0,6.5,1905.0,165.0,8.7,3323.0,263.0,7.9,1429.0,128.0,9.0,1894.0,135.0,7.1
9010.14,5066.0,400.0,7.9,2808.0,268.0,9.5,2258.0,132.0,5.8,5037.0,408.0,8.1,2852.0,308.0,10.8,2185.0,100.0,4.6,4947.0,523.0,10.6,2707.0,358.0,13.2,2240.0,165.0,7.4,4806.0,468.0,9.7,2540.0,308.0,12.1,2266.0,160.0,7.1,4605.0,267.0,5.8,2467.0,211.0,8.6,2138.0,56.0,2.6
9010.15,3373.0,337.0,10.0,1349.0,108.0,8.0,2024.0,229.0,11.3,3548.0,145.0,4.1,1444.0,75.0,5.2,2104.0,70.0,3.3,3548.0,233.0,6.6,1467.0,156.0,10.6,2081.0,77.0,3.7,3407.0,317.0,9.3,1557.0,186.0,11.9,1850.0,131.0,7.1,3239.0,273.0,8.4,1513.0,149.0,9.8,1726.0,124.0,7.2
9010.16,5880.0,384.0,6.5,2946.0,165.0,5.6,2934.0,219.0,7.5,5933.0,335.0,5.6,2957.0,204.0,6.9,2976.0,131.0,4.4,5379.0,269.0,5.0,2621.0,176.0,6.7,2758.0,93.0,3.4,5102.0,290.0,5.7,2576.0,147.0,5.7,2526.0,143.0,5.7,4755.0,307.0,6.5,2319.0,137.0,5.9,2436.0,170.0,7.0
9011.01,1410.0,106.0,7.5,575.0,38.0,6.6,835.0,68.0,8.1,1274.0,114.0,8.9,512.0,46.0,9.0,762.0,68.0,8.9,1166.0,101.0,8.7,488.0,38.0,7.8,678.0,63.0,9.3,964.0,59.0,6.1,392.0,17.0,4.3,572.0,42.0,7.3,890.0,58.0,6.5,346.0,26.0,7.5,544.0,32.0,5.9
9011.02,2110.0,23.0,1.1,712.0,17.0,2.4,1398.0,6.0,0.4,1902.0,35.0,1.8,695.0,26.0,3.7,1207.0,9.0,0.7,1975.0,23.0,1.2,737.0,23.0,3.1,1238.0,0.0,0.0,1756.0,31.0,1.8,669.0,29.0,4.3,1087.0,2.0,0.2,1869.0,38.0,2.0,718.0,36.0,5.0,1151.0,2.0,0.2
9012.03,3604.0,432.0,12.0,2095.0,275.0,13.1,1509.0,157.0,10.4,3804.0,672.0,17.7,2149.0,381.0,17.7,1655.0,291.0,17.6,3532.0,667.0,18.9,1990.0,371.0,18.6,1542.0,296.0,19.2,3749.0,724.0,19.3,2079.0,426.0,20.5,1670.0,298.0,17.8,3780.0,740.0,19.6,2046.0,428.0,20.9,1734.0,312.0,18.0
9012.08,3362.0,497.0,14.8,1615.0,213.0,13.2,1747.0,284.0,16.3,3337.0,290.0,8.7,1585.0,154.0,9.7,1752.0,136.0,7.8,3478.0,282.0,8.1,1660.0,137.0,8.3,1818.0,145.0,8.0,3407.0,300.0,8.8,1566.0,144.0,9.2,1841.0,156.0,8.5,3362.0,341.0,10.1,1429.0,158.0,11.1,1933.0,183.0,9.5
9012.09,6503.0,458.0,7.0,2996.0,342.0,11.4,3507.0,116.0,3.3,6548.0,564.0,8.6,3138.0,405.0,12.9,3410.0,159.0,4.7,6475.0,547.0,8.4,3039.0,375.0,12.3,3436.0,172.0,5.0,6715.0,634.0,9.4,3200.0,368.0,11.5,3515.0,266.0,7.6,7185.0,681.0,9.5,3248.0,414.0,12.7,3937.0,267.0,6.8
9012.11,4512.0,596.0,13.2,2098.0,413.0,19.7,2414.0,183.0,7.6,4757.0,797.0,16.8,2309.0,508.0,22.0,2448.0,289.0,11.8,4792.0,1045.0,21.8,2467.0,664.0,26.9,2325.0,381.0,16.4,4754.0,1054.0,22.2,2403.0,590.0,24.6,2351.0,464.0,19.7,4520.0,850.0,18.8,2225.0,427.0,19.2,2295.0,423.0,18.4
9012.12,6533.0,680.0,10.4,3484.0,265.0,7.6,3049.0,415.0,13.6,7225.0,767.0,10.6,3625.0,308.0,8.5,3600.0,459.0,12.8,7534.0,917.0,12.2,3926.0,430.0,11.0,3608.0,487.0,13.5,7804.0,1103.0,14.1,3977.0,559.0,14.1,3827.0,544.0,14.2,8334.0,1261.0,15.1,4320.0,724.0,16.8,4014.0,537.0,13.4
9012.19,5297.0,59.0,1.1,2500.0,12.0,0.5,2797.0,47.0,1.7,5332.0,82.0,1.5,2541.0,55.0,2.2,2791.0,27.0,1.0,5441.0,144.0,2.6,2612.0,117.0,4.5,2829.0,27.0,1.0,5285.0,129.0,2.4,2521.0,103.0,4.1,2764.0,26.0,0.9,5423.0,167.0,3.1,2614.0,130.0,5.0,2809.0,37.0,1.3
9012.21,6728.0,479.0,7.1,3056.0,219.0,7.2,3672.0,260.0,7.1,6327.0,356.0,5.6,2738.0,181.0,6.6,3589.0,175.0,4.9,6322.0,453.0,7.2,2825.0,227.0,8.0,3497.0,226.0,6.5,6132.0,409.0,6.7,2608.0,252.0,9.7,3524.0,157.0,4.5,5714.0,400.0,7.0,2351.0,226.0,9.6,3363.0,174.0,5.2
9012.22,2540.0,127.0,5.0,1258.0,87.0,6.9,1282.0,40.0,3.1,2528.0,183.0,7.2,1309.0,129.0,9.9,1219.0,54.0,4.4,2604.0,230.0,8.8,1278.0,153.0,12.0,1326.0,77.0,5.8,2560.0,249.0,9.7,1235.0,169.0,13.7,1325.0,80.0,6.0,2647.0,256.0,9.7,1330.0,166.0,12.5,1317.0,90.0,6.8
9012.23,6234.0,687.0,11.0,2898.0,307.0,10.6,3336.0,380.0,11.4,6217.0,727.0,11.7,3029.0,216.0,7.1,3188.0,511.0,16.0,6155.0,629.0,10.2,2840.0,195.0,6.9,3315.0,434.0,13.1,6154.0,240.0,3.9,2834.0,74.0,2.6,3320.0,166.0,5.0,6265.0,210.0,3.4,2947.0,78.0,2.6,3318.0,132.0,4.0
9012.24,4386.0,427.0,9.7,2130.0,130.0,6.1,2256.0,297.0,13.2,4305.0,415.0,9.6,2066.0,121.0,5.9,2239.0,294.0,13.1,4220.0,279.0,6.6,2038.0,60.0,2.9,2182.0,219.0,10.0,4325.0,301.0,7.0,2069.0,120.0,5.8,2256.0,181.0,8.0,4756.0,479.0,10.1,2371.0,203.0,8.6,2385.0,276.0,11.6
9012.25,4731.0,213.0,4.5,2387.0,118.0,4.9,2344.0,95.0,4.1,4945.0,294.0,5.9,2508.0,167.0,6.7,2437.0,127.0,5.2,4952.0,386.0,7.8,2711.0,276.0,10.2,2241.0,110.0,4.9,5088.0,362.0,7.1,2756.0,223.0,8.1,2332.0,139.0,6.0,5195.0,488.0,9.4,2784.0,337.0,12.1,2411.0,151.0,6.3
9012.26,6229.0,349.0,5.6,3145.0,172.0,5.5,3084.0,177.0,5.7,6348.0,474.0,7.5,3224.0,278.0,8.6,3124.0,196.0,6.3,6354.0,416.0,6.5,3246.0,237.0,7.3,3108.0,179.0,5.8,6505.0,531.0,8.2,3410.0,301.0,8.8,3095.0,230.0,7.4,6304.0,476.0,7.6,3370.0,259.0,7.7,2934.0,217.0,7.4
9012.27,5679.0,857.0,15.1,3086.0,491.0,15.9,2593.0,366.0,14.1,6181.0,699.0,11.3,3199.0,391.0,12.2,2982.0,308.0,10.3,6079.0,705.0,11.6,3112.0,394.0,12.7,2967.0,311.0,10.5,5825.0,763.0,13.1,3072.0,447.0,14.6,2753.0,316.0,11.5,5063.0,802.0,15.8,2571.0,445.0,17.3,2492.0,357.0,14.3
9012.28,6111.0,391.0,6.4,2792.0,214.0,7.7,3319.0,177.0,5.3,6445.0,445.0,6.9,3040.0,199.0,6.5,3405.0,246.0,7.2,6539.0,529.0,8.1,3183.0,231.0,7.3,3356.0,298.0,8.9,6302.0,507.0,8.0,3072.0,209.0,6.8,3230.0,298.0,9.2,5772.0,347.0,6.0,2888.0,150.0,5.2,2884.0,197.0,6.8
9012.29,4490.0,537.0,12.0,1896.0,227.0,12.0,2594.0,310.0,12.0,4682.0,530.0,11.3,2057.0,229.0,11.1,2625.0,301.0,11.5,4741.0,386.0,8.1,2178.0,236.0,10.8,2563.0,150.0,5.9,4877.0,248.0,5.1,2305.0,164.0,7.1,2572.0,84.0,3.3,4818.0,157.0,3.3,2462.0,118.0,4.8,2356.0,39.0,1.7
9012.30,4147.0,361.0,8.7,2220.0,203.0,9.1,1927.0,158.0,8.2,4004.0,432.0,10.8,2071.0,250.0,12.1,1933.0,182.0,9.4,4093.0,295.0,7.2,2198.0,182.0,8.3,1895.0,113.0,6.0,4010.0,265.0,6.6,2110.0,162.0,7.7,1900.0,103.0,5.4,3998.0,220.0,5.5,2080.0,133.0,6.4,1918.0,87.0,4.5
9012.31,7204.0,93.0,1.3,3599.0,16.0,0.4,3605.0,77.0,2.1,6380.0,170.0,2.7,3330.0,117.0,3.5,3050.0,53.0,1.7,6252.0,348.0,5.6,3197.0,236.0,7.4,3055.0,112.0,3.7,5895.0,316.0,5.4,2938.0,216.0,7.4,2957.0,100.0,3.4,5871.0,400.0,6.8,2963.0,267.0,9.0,2908.0,133.0,4.6
9012.32,5677.0,130.0,2.3,2690.0,75.0,2.8,2987.0,55.0,1.8,5357.0,159.0,3.0,2592.0,98.0,3.8,2765.0,61.0,2.2,5147.0,151.0,2.9,2641.0,84.0,3.2,2506.0,67.0,2.7,4570.0,224.0,4.9,2278.0,107.0,4.7,2292.0,117.0,5.1,4309.0,276.0,6.4,2121.0,149.0,7.0,2188.0,127.0,5.8
9012.33,7403.0,232.0,3.1,3777.0,188.0,5.0,3626.0,44.0,1.2,7127.0,245.0,3.4,3782.0,133.0,3.5,3345.0,112.0,3.3,6821.0,235.0,3.4,3651.0,143.0,3.9,3170.0,92.0,2.9,6840.0,458.0,6.7,3706.0,254.0,6.9,3134.0,204.0,6.5,6508.0,366.0,5.6,3437.0,162.0,4.7,3071.0,204.0,6.6
9012.34,3531.0,340.0,9.6,1555.0,222.0,14.3,1976.0,118.0,6.0,3142.0,262.0,8.3,1448.0,184.0,12.7,1694.0,78.0,4.6,2922.0,118.0,4.0,1370.0,86.0,6.3,1552.0,32.0,2.1,2984.0,129.0,4.3,1455.0,85.0,5.8,1529.0,44.0,2.9,2893.0,164.0,5.7,1394.0,105.0,7.5,1499.0,59.0,3.9
9012.35,2836.0,41.0,1.4,1521.0,16.0,1.1,1315.0,25.0,1.9,2784.0,21.0,0.8,1502.0,0.0,0.0,1282.0,21.0,1.6,2892.0,24.0,0.8,1583.0,0.0,0.0,1309.0,24.0,1.8,3020.0,4.0,0.1,1497.0,4.0,0.3,1523.0,0.0,0.0,2952.0,10.0,0.3,1464.0,10.0,0.7,1488.0,0.0,0.0
9012.36,6565.0,298.0,4.5,2843.0,205.0,7.2,3722.0,93.0,2.5,6646.0,267.0,4.0,3085.0,171.0,5.5,3561.0,96.0,2.7,6283.0,284.0,4.5,2866.0,146.0,5.1,3417.0,138.0,4.0,6301.0,209.0,3.3,3018.0,112.0,3.7,3283.0,97.0,3.0,5915.0,269.0,4.5,2902.0,163.0,5.6,3013.0,106.0,3.5
9012.37,3099.0,176.0,5.7,1502.0,91.0,6.1,1597.0,85.0,5.3,3023.0,182.0,6.0,1472.0,116.0,7.9,1551.0,66.0,4.3,2908.0,189.0,6.5,1231.0,138.0,11.2,1677.0,51.0,3.0,3107.0,256.0,8.2,1447.0,168.0,11.6,1660.0,88.0,5.3,2883.0,242.0,8.4,1314.0,115.0,8.8,1569.0,127.0,8.1
9013.03,5264.0,274.0,5.2,2881.0,111.0,3.9,2383.0,163.0,6.8,5242.0,280.0,5.3,2850.0,140.0,4.9,2392.0,140.0,5.9,5165.0,279.0,5.4,2866.0,153.0,5.3,2299.0,126.0,5.5,4933.0,328.0,6.6,2726.0,163.0,6.0,2207.0,165.0,7.5,4682.0,254.0,5.4,2510.0,68.0,2.7,2172.0,186.0,8.6
9013.04,3172.0,303.0,9.6,1852.0,146.0,7.9,1320.0,157.0,11.9,3181.0,347.0,10.9,1882.0,166.0,8.8,1299.0,181.0,13.9,3235.0,436.0,13.5,1897.0,215.0,11.3,1338.0,221.0,16.5,3121.0,404.0,12.9,1767.0,216.0,12.2,1354.0,188.0,13.9,2987.0,341.0,11.4,1695.0,183.0,10.8,1292.0,158.0,12.2
9013.05,4607.0,405.0,8.8,2258.0,216.0,9.6,2349.0,189.0,8.0,3888.0,471.0,12.1,1855.0,268.0,14.4,2033.0,203.0,10.0,4014.0,333.0,8.3,1956.0,165.0,8.4,2058.0,168.0,8.2,3625.0,139.0,3.8,1737.0,17.0,1.0,1888.0,122.0,6.5,3526.0,113.0,3.2,1735.0,44.0,2.5,1791.0,69.0,3.9
9013.06,5408.0,230.0,4.3,2676.0,127.0,4.7,2732.0,103.0,3.8,5068.0,207.0,4.1,2545.0,93.0,3.7,2523.0,114.0,4.5,5248.0,174.0,3.3,2699.0,75.0,2.8,2549.0,99.0,3.9,5254.0,93.0,1.8,2702.0,36.0,1.3,2552.0,57.0,2.2,4883.0,84.0,1.7,2481.0,31.0,1.2,2402.0,53.0,2.2
9014.03,7349.0,1838.0,25.0,4324.0,1152.0,26.6,3025.0,686.0,22.7,7373.0,1686.0,22.9,3952.0,974.0,24.6,3421.0,712.0,20.8,7129.0,1494.0,21.0,3838.0,857.0,22.3,3291.0,637.0,19.4,7582.0,1578.0,20.8,3841.0,842.0,21.9,3741.0,736.0,19.7,6809.0,1780.0,26.1,3306.0,979.0,29.6,3503.0,801.0,22.9
9014.07,4140.0,797.0,19.3,2133.0,484.0,22.7,2007.0,313.0,15.6,4207.0,701.0,16.7,2127.0,430.0,20.2,2080.0,271.0,13.0,4385.0,976.0,22.3,2284.0,609.0,26.7,2101.0,367.0,17.5,4220.0,852.0,20.2,2346.0,552.0,23.5,1874.0,300.0,16.0,4276.0,989.0,23.1,2295.0,602.0,26.2,1981.0,387.0,19.5
9014.09,8969.0,470.0,5.2,4548.0,120.0,2.6,4421.0,350.0,7.9,9124.0,459.0,5.0,4553.0,179.0,3.9,4571.0,280.0,6.1,8964.0,706.0,7.9,4514.0,329.0,7.3,4450.0,377.0,8.5,8661.0,541.0,6.2,4460.0,268.0,6.0,4201.0,273.0,6.5,8194.0,597.0,7.3,4221.0,366.0,8.7,3973.0,231.0,5.8
9014.11,5936.0,61.0,1.0,2767.0,20.0,0.7,3169.0,41.0,1.3,5767.0,33.0,0.6,2832.0,0.0,0.0,2935.0,33.0,1.1,5940.0,78.0,1.3,3065.0,30.0,1.0,2875.0,48.0,1.7,6103.0,167.0,2.7,3130.0,67.0,2.1,2973.0,100.0,3.4,5918.0,257.0,4.3,2943.0,129.0,4.4,2975.0,128.0,4.3
9014.12,6805.0,74.0,1.1,3359.0,28.0,0.8,3446.0,46.0,1.3,7589.0,330.0,4.3,3741.0,82.0,2.2,3848.0,248.0,6.4,7698.0,287.0,3.7,3676.0,46.0,1.3,4022.0,241.0,6.0,7616.0,221.0,2.9,3692.0,28.0,0.8,3924.0,193.0,4.9,7398.0,361.0,4.9,3577.0,67.0,1.9,3821.0,294.0,7.7
9014.13,4575.0,173.0,3.8,2151.0,97.0,4.5,2424.0,76.0,3.1,4277.0,88.0,2.1,2073.0,40.0,1.9,2204.0,48.0,2.2,4386.0,152.0,3.5,2159.0,33.0,1.5,2227.0,119.0,5.3,4225.0,149.0,3.5,2077.0,30.0,1.4,2148.0,119.0,5.5,4198.0,168.0,4.0,2150.0,8.0,0.4,2048.0,160.0,7.8
9014.14,5400.0,224.0,4.1,2860.0,141.0,4.9,2540.0,83.0,3.3,5453.0,213.0,3.9,2740.0,98.0,3.6,2713.0,115.0,4.2,5460.0,242.0,4.4,2795.0,119.0,4.3,2665.0,123.0,4.6,5234.0,266.0,5.1,2540.0,113.0,4.4,2694.0,153.0,5.7,5173.0,262.0,5.1,2682.0,143.0,5.3,2491.0,119.0,4.8
9014.15,4689.0,51.0,1.1,2319.0,37.0,1.6,2370.0,14.0,0.6,4477.0,146.0,3.3,2321.0,86.0,3.7,2156.0,60.0,2.8,4384.0,109.0,2.5,2217.0,57.0,2.6,2167.0,52.0,2.4,4512.0,176.0,3.9,2303.0,83.0,3.6,2209.0,93.0,4.2,4413.0,187.0,4.2,2253.0,95.0,4.2,2160.0,92.0,4.3
9014.16,5217.0,125.0,2.4,2516.0,70.0,2.8,2701.0,55.0,2.0,5099.0,169.0,3.3,2468.0,99.0,4.0,2631.0,70.0,2.7,5110.0,102.0,2.0,2434.0,59.0,2.4,2676.0,43.0,1.6,4954.0,112.0,2.3,2472.0,70.0,2.8,2482.0,42.0,1.7,5080.0,95.0,1.9,2400.0,64.0,2.7,2680.0,31.0,1.2
9014.17,3134.0,108.0,3.4,1541.0,24.0,1.6,1593.0,84.0,5.3,3054.0,107.0,3.5,1478.0,31.0,2.1,1576.0,76.0,4.8,2914.0,157.0,5.4,1392.0,62.0,4.5,1522.0,95.0,6.2,2666.0,182.0,6.8,1285.0,88.0,6.8,1381.0,94.0,6.8,2535.0,154.0,6.1,1219.0,69.0,5.7,1316.0,85.0,6.5
9014.18,5316.0,1039.0,19.5,2495.0,594.0,23.8,2821.0,445.0,15.8,4324.0,796.0,18.4,1948.0,348.0,17.9,2376.0,448.0,18.9,4239.0,850.0,20.1,1887.0,409.0,21.7,2352.0,441.0,18.8,3885.0,758.0,19.5,1751.0,419.0,23.9,2134.0,339.0,15.9,4060.0,623.0,15.3,2193.0,397.0,18.1,1867.0,226.0,12.1
9014.19,3974.0,938.0,23.6,1870.0,518.0,27.7,2104.0,420.0,20.0,3789.0,677.0,17.9,1600.0,418.0,26.1,2189.0,259.0,11.8,3819.0,733.0,19.2,1686.0,431.0,25.6,2133.0,302.0,14.2,4076.0,734.0,18.0,1827.0,408.0,22.3,2249.0,326.0,14.5,4257.0,725.0,17.0,2029.0,412.0,20.3,2228.0,313.0,14.0
9014.20,3923.0,139.0,3.5,1975.0,64.0,3.2,1948.0,75.0,3.9,4184.0,211.0,5.0,2170.0,110.0,5.1,2014.0,101.0,5.0,4328.0,194.0,4.5,2287.0,115.0,5.0,2041.0,79.0,3.9,4273.0,174.0,4.1,2449.0,98.0,4.0,1824.0,76.0,4.2,4482.0,142.0,3.2,2388.0,59.0,2.5,2094.0,83.0,4.0
9014.21,5490.0,108.0,2.0,2757.0,62.0,2.2,2733.0,46.0,1.7,5323.0,109.0,2.0,2643.0,58.0,2.2,2680.0,51.0,1.9,5400.0,147.0,2.7,2877.0,65.0,2.3,2523.0,82.0,3.3,5234.0,176.0,3.4,2733.0,110.0,4.0,2501.0,66.0,2.6,4720.0,137.0,2.9,2427.0,121.0,5.0,2293.0,16.0,0.7
9015.03,5675.0,221.0,3.9,3084.0,194.0,6.3,2591.0,27.0,1.0,5509.0,236.0,4.3,2896.0,190.0,6.6,2613.0,46.0,1.8,5327.0,289.0,5.4,2757.0,202.0,7.3,2570.0,87.0,3.4,5327.0,246.0,4.6,2659.0,167.0,6.3,2668.0,79.0,3.0,5295.0,341.0,6.4,2448.0,125.0,5.1,2847.0,216.0,7.6
9015.04,4709.0,41.0,0.9,2052.0,0.0,0.0,2657.0,41.0,1.5,4741.0,82.0,1.7,2118.0,0.0,0.0,2623.0,82.0,3.1,4615.0,51.0,1.1,2092.0,20.0,1.0,2523.0,31.0,1.2,4368.0,30.0,0.7,2056.0,21.0,1.0,2312.0,9.0,0.4,4321.0,38.0,0.9,2021.0,23.0,1.1,2300.0,15.0,0.7
9015.05,7529.0,156.0,2.1,3730.0,69.0,1.8,3799.0,87.0,2.3,7166.0,223.0,3.1,3550.0,92.0,2.6,3616.0,131.0,3.6,7220.0,661.0,9.2,3663.0,335.0,9.1,3557.0,326.0,9.2,7538.0,777.0,10.3,3769.0,381.0,10.1,3769.0,396.0,10.5,7284.0,698.0,9.6,3587.0,308.0,8.6,3697.0,390.0,10.5
9015.06,6590.0,753.0,11.4,3475.0,507.0,14.6,3115.0,246.0,7.9,6803.0,904.0,13.3,3661.0,643.0,17.6,3142.0,261.0,8.3,6995.0,891.0,12.7,3683.0,628.0,17.1,3312.0,263.0,7.9,7053.0,977.0,13.9,3891.0,678.0,17.4,3162.0,299.0,9.5,7066.0,897.0,12.7,3757.0,587.0,15.6,3309.0,310.0,9.4
9015.07,2972.0,165.0,5.6,1563.0,100.0,6.4,1409.0,65.0,4.6,2948.0,152.0,5.2,1594.0,91.0,5.7,1354.0,61.0,4.5,2868.0,146.0,5.1,1569.0,92.0,5.9,1299.0,54.0,4.2,2789.0,74.0,2.7,1471.0,46.0,3.1,1318.0,28.0,2.1,2788.0,105.0,3.8,1402.0,52.0,3.7,1386.0,53.0,3.8
9015.08,6261.0,337.0,5.4,3225.0,113.0,3.5,3036.0,224.0,7.4,6035.0,361.0,6.0,3094.0,126.0,4.1,2941.0,235.0,8.0,5770.0,410.0,7.1,3006.0,185.0,6.2,2764.0,225.0,8.1,5898.0,503.0,8.5,2896.0,226.0,7.8,3002.0,277.0,9.2,5847.0,579.0,9.9,2913.0,293.0,10.1,2934.0,286.0,9.7
9015.09,8052.0,1110.0,13.8,4386.0,593.0,13.5,3666.0,517.0,14.1,7913.0,1130.0,14.3,4269.0,600.0,14.1,3644.0,530.0,14.5,7726.0,1100.0,14.2,4288.0,578.0,13.5,3438.0,522.0,15.2,7478.0,985.0,13.2,3986.0,486.0,12.2,3492.0,499.0,14.3,6899.0,935.0,13.6,3461.0,451.0,13.0,3438.0,484.0,14.1
9015.10,6023.0,129.0,2.1,3022.0,16.0,0.5,3001.0,113.0,3.8,6325.0,133.0,2.1,3077.0,37.0,1.2,3248.0,96.0,3.0,6418.0,131.0,2.0,3119.0,45.0,1.4,3299.0,86.0,2.6,6317.0,216.0,3.4,3137.0,109.0,3.5,3180.0,107.0,3.4,5931.0,210.0,3.5,2842.0,125.0,4.4,3089.0,85.0,2.8
9015.11,4435.0,54.0,1.2,2028.0,18.0,0.9,2407.0,36.0,1.5,4498.0,55.0,1.2,2114.0,31.0,1.5,2384.0,24.0,1.0,4364.0,81.0,1.9,2046.0,42.0,2.1,2318.0,39.0,1.7,4204.0,102.0,2.4,2021.0,57.0,2.8,2183.0,45.0,2.1,3962.0,47.0,1.2,1931.0,26.0,1.3,2031.0,21.0,1.0
9016.01,4289.0,724.0,16.9,1903.0,279.0,14.7,2386.0,445.0,18.7,3596.0,947.0,26.3,1580.0,334.0,21.1,2016.0,613.0,30.4,4646.0,1105.0,23.8,2114.0,476.0,22.5,2532.0,629.0,24.8,4124.0,920.0,22.3,2084.0,413.0,19.8,2040.0,507.0,24.9,3961.0,961.0,24.3,1925.0,382.0,19.8,2036.0,579.0,28.4
9016.02,7650.0,1209.0,15.8,4276.0,536.0,12.5,3374.0,673.0,19.9,7912.0,1112.0,14.1,4211.0,519.0,12.3,3701.0,593.0,16.0,8377.0,1112.0,13.3,4345.0,619.0,14.2,4032.0,493.0,12.2,7986.0,934.0,11.7,3698.0,434.0,11.7,4288.0,500.0,11.7,8098.0,1037.0,12.8,3893.0,489.0,12.6,4205.0,548.0,13.0
9017.02,4813.0,1581.0,32.8,2545.0,961.0,37.8,2268.0,620.0,27.3,4796.0,1729.0,36.1,2596.0,1059.0,40.8,2200.0,670.0,30.5,4593.0,1486.0,32.4,2251.0,918.0,40.8,2342.0,568.0,24.3,4418.0,1560.0,35.3,2240.0,987.0,44.1,2178.0,573.0,26.3,4356.0,1500.0,34.4,2176.0,941.0,43.2,2180.0,559.0,25.6
9017.03,2750.0,878.0,31.9,1422.0,404.0,28.4,1328.0,474.0,35.7,2574.0,710.0,27.6,1317.0,308.0,23.4,1257.0,402.0,32.0,2418.0,492.0,20.3,1228.0,154.0,12.5,1190.0,338.0,28.4,2770.0,830.0,30.0,1307.0,195.0,14.9,1463.0,635.0,43.4,2518.0,568.0,22.6,1198.0,101.0,8.4,1320.0,467.0,35.4
9017.04,7252.0,2434.0,33.6,3966.0,1399.0,35.3,3286.0,1035.0,31.5,7114.0,2685.0,37.7,4269.0,1679.0,39.3,2845.0,1006.0,35.4,6581.0,2577.0,39.2,4018.0,1601.0,39.8,2563.0,976.0,38.1,7151.0,2584.0,36.1,4229.0,1642.0,38.8,2922.0,942.0,32.2,6971.0,2283.0,32.7,4044.0,1403.0,34.7,2927.0,880.0,30.1
9019,7172.0,1183.0,16.5,4419.0,759.0,17.2,2753.0,424.0,15.4,8107.0,1423.0,17.6,4407.0,763.0,17.3,3700.0,660.0,17.8,7696.0,2010.0,26.1,4019.0,935.0,23.3,3677.0,1075.0,29.2,7139.0,1786.0,25.0,3728.0,1011.0,27.1,3411.0,775.0,22.7,6689.0,1781.0,26.6,3576.0,1041.0,29.1,3113.0,740.0,23.8
9801,0.0,0.0,,0.0,0.0,,0.0,0.0,,0.0,0.0,,0.0,0.0,,0.0,0.0,,0.0,0.0,,0.0,0.0,,0.0,0.0,,0.0,0.0,,0.0,0.0,,0.0,0.0,,0.0,0.0,,0.0,0.0,,0.0,0.0,
