censustract,male_coverage_rate_2024,male_coverage_rate_2023,male_coverage_rate_2022,male_coverage_rate_2021,male_coverage_rate_2020,female_coverage_rate_2024,female_coverage_rate_2023,female_coverage_rate_2022,female_coverage_rate_2021,female_coverage_rate_2020,total_coverage_rate_2024,total_coverage_rate_2023,total_coverage_rate_2022,total_coverage_rate_2021,total_coverage_rate_2020
9001,25.87,28.9,27.46,25.89,22.12,33.85,33.02,33.29,31.85,27.44,30.09,31.0,30.42,28.78,24.69
9002.01,11.62,12.73,8.37,9.01,8.74,7.54,8.45,8.91,6.27,8.3,9.21,10.19,8.67,7.51,8.5
9002.02,15.32,13.68,8.16,9.8,5.83,10.33,9.59,5.02,7.12,11.45,12.9,11.77,6.71,8.54,8.52
9002.03,8.43,4.31,8.91,6.05,6.98,7.22,4.05,4.41,4.3,3.92,7.7,4.16,6.3,5.04,5.19
9003.01,12.19,8.13,6.01,4.11,3.34,11.95,13.87,11.35,10.6,11.01,12.06,11.14,8.78,7.31,7.2
9003.02,8.86,6.71,5.35,5.27,3.64,9.57,10.1,6.67,5.49,6.14,9.21,8.47,6.09,5.4,5.06
9004.03,10.41,11.58,11.2,9.4,11.13,12.1,13.31,13.34,11.76,15.31,11.31,12.47,12.28,10.65,13.54
9004.04,11.94,8.28,5.44,8.86,9.83,10.67,10.19,9.3,9.01,7.76,11.21,9.37,7.6,8.94,8.67
9004.07,7.59,8.35,9.76,11.29,9.37,12.07,9.54,8.43,10.38,7.96,9.95,8.96,9.08,10.81,8.67
9004.08,7.11,5.81,5.07,4.88,6.31,11.39,9.42,9.81,10.84,7.38,9.09,7.53,7.31,7.74,6.85
9004.09,15.06,12.87,11.65,11.17,13.82,12.85,12.17,12.12,12.28,12.54,13.8,12.47,11.9,11.75,13.14
9004.10,5.06,4.98,4.08,2.97,1.52,5.25,4.49,3.86,2.47,4.73,5.15,4.72,3.98,2.73,3.02
9005.02,6.56,5.47,5.34,3.1,1.21,7.17,6.1,7.77,6.19,4.24,6.91,5.8,6.54,4.67,2.8
9005.03,6.98,4.15,7.67,5.2,5.77,10.74,8.62,7.83,7.38,7.48,8.86,6.4,7.76,6.36,6.66
9005.04,7.35,9.68,9.77,6.32,8.57,10.36,11.19,12.03,14.8,12.25,8.92,10.5,10.99,10.78,10.64
9006.01,10.71,7.96,10.3,11.25,9.88,11.25,10.59,16.56,15.23,13.67,10.94,9.1,13.4,13.16,11.76
9006.02,3.17,4.26,3.56,2.44,4.34,7.02,6.13,6.63,6.36,6.49,5.08,5.14,4.95,4.27,5.3
9007.01,5.63,3.85,3.84,4.87,1.37,9.93,7.76,6.78,5.59,1.62,7.71,5.76,5.32,5.24,1.5
9007.02,4.47,6.16,3.65,4.96,4.01,12.72,14.83,15.12,16.08,16.72,8.77,10.91,9.64,11.24,10.87
9008.01,8.37,9.92,8.65,8.36,6.73,10.22,11.08,10.76,10.11,14.7,9.29,10.48,9.66,9.2,10.54
9008.03,7.39,7.78,2.44,2.0,2.38,10.04,11.48,9.62,10.97,8.34,8.52,9.52,6.24,6.87,5.91
9008.04,8.0,7.79,5.29,3.44,11.14,6.76,7.77,6.24,5.41,6.59,7.3,7.78,5.87,4.54,8.46
9009.01,6.05,7.48,8.31,7.85,8.02,9.69,10.64,10.41,9.41,9.16,8.06,9.18,9.44,8.68,8.63
9009.04,5.69,4.28,3.48,4.3,5.2,6.31,6.83,5.64,6.88,7.13,5.99,5.49,4.55,5.62,6.16
9009.05,11.11,10.21,10.29,10.1,10.72,10.63,12.03,13.62,10.48,11.96,10.89,10.96,11.78,10.28,11.31
9010.05,6.66,6.72,5.65,5.78,3.76,6.75,6.4,4.57,4.75,4.74,6.7,6.57,5.11,5.26,4.24
9010.09,14.26,14.69,12.29,12.49,11.75,12.24,12.67,12.09,12.84,14.46,13.26,13.64,12.19,12.66,13.07
9010.10,17.19,15.33,12.91,10.58,11.25,12.84,11.27,11.69,7.58,6.65,14.91,13.37,12.37,9.26,9.21
9010.11,11.25,13.23,8.02,7.47,4.03,16.01,14.19,13.98,14.38,9.68,13.49,13.69,10.89,10.79,6.87
9010.12,45.09,38.37,39.08,36.2,39.46,50.56,47.49,53.59,50.13,51.52,48.1,43.4,46.76,43.4,45.61
9010.13,10.4,8.36,6.01,4.85,3.08,12.58,12.67,9.94,6.4,7.6,11.48,10.66,8.07,5.71,5.66
9010.14,7.69,7.43,10.12,11.85,14.75,11.6,13.04,12.72,10.55,10.48,9.43,9.86,11.3,11.24,12.77
9010.15,8.67,10.25,5.39,4.43,6.54,2.27,1.57,1.92,1.41,2.95,4.83,5.1,3.35,2.79,4.63
9010.16,7.98,7.34,4.85,3.38,3.49,9.0,8.43,10.15,9.58,11.86,8.49,7.89,7.57,6.45,7.78
9011.01,8.52,9.77,9.63,8.93,11.56,8.86,8.27,10.32,12.59,9.74,8.72,8.87,10.03,11.1,10.45
9011.02,3.79,0.14,0.27,0.15,0.28,0.0,0.0,0.0,0.0,0.0,1.28,0.05,0.1,0.06,0.11
9012.03,18.85,19.45,18.74,18.23,19.79,12.19,10.82,8.04,8.44,11.36,16.06,15.7,14.07,13.87,15.92
9012.08,31.83,29.97,29.88,33.27,27.64,35.03,34.7,32.73,32.75,31.76,33.49,32.45,31.37,32.99,30.01
9012.09,10.78,10.26,9.84,10.31,11.73,17.91,19.21,16.07,13.74,12.01,14.63,14.92,13.15,12.11,11.88
9012.11,11.44,8.53,7.17,10.45,10.97,13.84,10.74,7.57,8.89,8.41,12.72,9.67,7.36,9.68,9.67
9012.12,10.19,6.51,9.4,9.93,9.14,8.92,8.86,10.62,9.46,9.29,9.6,7.68,9.98,9.7,9.21
9012.19,19.6,18.06,19.1,19.28,19.13,19.84,20.32,18.77,19.36,18.73,19.73,19.24,18.93,19.32,18.92
9012.21,8.05,10.34,8.28,7.55,7.4,10.7,12.65,13.58,10.73,13.92,9.5,11.65,11.21,9.38,11.24
9012.22,15.02,13.22,16.35,13.68,19.4,16.15,15.83,16.06,16.3,14.88,15.59,14.48,16.2,15.04,17.15
9012.23,12.87,15.02,11.44,11.43,10.01,16.52,21.02,13.73,16.48,13.98,14.82,18.1,12.67,14.15,12.11
9012.24,17.84,18.88,19.04,19.33,19.91,16.0,16.3,15.95,14.41,13.17,16.89,17.54,17.44,16.76,16.53
9012.25,13.36,12.0,13.28,14.22,10.31,15.32,14.28,16.6,14.58,12.36,14.33,13.12,14.78,14.39,11.26
9012.26,7.22,7.07,7.58,10.56,13.12,10.34,10.37,11.87,12.54,10.19,8.76,8.69,9.68,11.5,11.76
9012.27,13.19,10.41,8.68,6.87,6.42,13.61,8.99,11.36,12.13,10.91,13.38,9.72,9.99,9.36,8.63
9012.28,12.5,10.2,9.58,8.82,7.27,11.39,11.07,10.49,8.89,10.19,11.9,10.66,10.05,8.86,8.73
9012.29,10.97,9.92,9.46,9.11,10.15,8.29,7.16,9.21,8.48,10.7,9.42,8.37,9.32,8.78,10.42
9012.30,9.82,9.8,7.55,9.91,10.43,16.14,12.52,9.6,11.42,13.56,12.76,11.11,8.5,10.63,11.93
9012.31,10.75,10.69,11.1,11.47,11.07,8.46,12.92,13.68,13.05,16.4,9.6,11.76,12.36,12.26,13.71
9012.32,13.57,12.81,12.38,12.51,11.74,9.71,10.05,12.37,12.17,15.13,11.54,11.39,12.38,12.34,13.46
9012.33,11.6,10.29,12.52,12.95,14.34,11.31,11.66,11.04,11.39,10.58,11.46,10.93,11.83,12.24,12.57
9012.34,11.51,13.88,15.84,13.88,14.28,16.14,17.18,16.62,16.87,15.94,14.1,15.66,16.25,15.41,15.14
9012.35,11.37,7.79,9.03,11.09,11.2,13.31,12.71,9.7,8.4,9.61,12.27,10.06,9.33,9.73,10.4
9012.36,10.66,10.44,9.63,10.57,10.72,10.85,9.91,9.95,7.46,6.34,10.77,10.16,9.8,8.95,8.49
9012.37,3.66,2.79,4.55,3.52,4.72,6.64,3.22,5.25,4.88,3.63,5.2,3.01,4.95,4.25,4.13
9013.03,6.14,5.51,5.27,4.73,5.42,7.6,5.02,5.31,4.76,4.56,6.8,5.29,5.29,4.74,5.02
9013.04,15.39,14.4,14.97,13.98,11.03,15.38,15.94,15.17,12.85,12.31,15.39,15.03,15.05,13.49,11.58
9013.05,9.65,10.19,8.95,10.25,9.74,17.5,16.43,15.21,13.35,12.67,13.65,13.45,12.16,11.86,11.23
9013.06,17.68,17.21,17.41,16.51,17.09,23.94,22.51,22.28,20.65,20.44,20.84,19.85,19.78,18.52,18.74
9014.03,7.82,10.27,9.51,8.02,4.6,6.84,9.0,13.8,11.31,11.9,7.42,9.68,11.49,9.64,8.36
9014.07,6.75,5.88,4.82,5.54,4.84,9.27,7.84,5.81,8.22,4.9,7.97,6.85,5.29,6.73,4.87
9014.09,11.72,10.39,10.46,11.82,10.54,8.8,8.55,8.99,10.0,7.78,10.28,9.47,9.73,10.94,9.2
9014.11,13.3,13.67,12.33,13.64,12.13,13.1,13.36,14.92,14.46,14.66,13.19,13.51,13.58,14.04,13.4
9014.12,5.36,4.44,4.08,3.11,1.65,4.82,5.09,3.98,2.98,2.96,5.09,4.77,4.03,3.04,2.33
9014.13,4.79,4.73,3.2,3.08,1.81,6.44,6.99,5.12,4.33,3.81,5.66,5.89,4.17,3.72,2.79
9014.14,16.75,13.83,13.45,16.1,16.74,20.16,18.17,19.17,17.11,16.9,18.35,15.99,16.24,16.62,16.82
9014.15,8.02,7.67,7.76,7.47,7.55,5.06,4.08,4.25,4.03,4.35,6.52,5.94,6.03,5.79,5.98
9014.16,3.42,3.77,3.04,4.53,2.83,4.33,3.57,3.89,3.42,2.16,3.89,3.67,3.49,3.97,2.48
9014.17,11.55,14.68,16.31,16.65,15.67,12.93,12.75,12.48,13.11,11.78,12.25,13.68,14.31,14.82,13.65
9014.18,4.45,5.85,6.25,7.02,3.74,8.97,10.94,11.14,13.12,9.32,6.85,8.65,8.96,10.37,6.31
9014.19,6.2,5.88,5.58,3.39,5.47,4.47,3.75,3.52,2.98,7.5,5.28,4.65,4.43,3.16,6.53
9014.20,3.9,4.38,3.02,4.04,4.15,11.14,9.29,8.62,5.81,3.25,7.5,6.74,5.66,4.8,3.73
9014.21,3.84,3.52,3.86,3.81,3.3,10.46,7.61,5.67,6.48,6.76,7.14,5.58,4.71,5.09,4.98
9015.03,15.08,15.71,18.53,18.2,21.08,19.22,17.87,18.48,17.95,18.12,16.97,16.73,18.51,18.07,19.49
9015.04,57.31,57.03,58.56,56.61,55.17,69.25,64.58,66.51,72.45,71.83,64.05,61.21,62.91,64.99,64.04
9015.05,10.67,11.27,10.05,7.38,7.16,14.21,12.5,10.66,7.56,8.52,12.46,11.89,10.35,7.47,7.85
9015.06,5.15,5.24,6.24,4.99,2.48,6.68,7.22,5.86,3.1,3.38,5.87,6.15,6.06,4.14,2.9
9015.07,7.42,6.59,6.82,6.8,8.13,8.37,7.9,7.16,7.74,4.76,7.87,7.19,6.97,7.24,6.45
9015.08,6.02,5.91,7.02,5.15,6.69,9.55,10.85,11.94,8.43,10.74,7.73,8.32,9.38,6.82,8.72
9015.09,10.85,7.29,7.49,7.63,10.63,15.79,10.18,9.37,8.62,12.16,13.1,8.62,8.33,8.09,11.39
9015.10,13.57,14.49,10.61,12.02,9.15,13.5,13.08,10.37,12.92,10.42,13.54,13.77,10.49,12.47,9.81
9015.11,29.93,28.15,26.69,29.0,30.71,40.3,39.39,39.13,39.81,41.31,35.56,34.11,33.3,34.61,36.14
9016.01,17.55,17.97,12.91,10.8,11.22,14.54,13.34,13.11,11.81,8.01,15.88,15.37,13.02,11.3,9.57
9016.02,9.52,8.07,7.07,5.44,4.6,9.63,12.0,10.32,11.64,10.7,9.57,9.91,8.63,8.77,7.77
9017.02,7.74,7.59,7.02,5.98,5.97,9.35,8.64,9.22,7.99,8.85,8.5,8.07,8.14,6.97,7.41
9017.03,7.31,7.21,9.12,9.49,15.03,9.11,8.99,9.16,6.43,14.47,8.18,8.08,9.14,7.87,14.74
9017.04,13.77,10.56,10.65,9.86,7.37,8.79,8.96,8.82,7.87,5.88,11.51,9.92,9.94,9.05,6.74
9019,5.57,5.83,6.17,5.34,6.91,10.17,7.54,8.46,7.59,5.75,7.34,6.61,7.26,6.42,6.37
9801,,,,,,,,,,,,,,,
